Company_Name,Website,Location,Minimum Project Size,Average Hourly Rate,Number of Employees,Percent AI Service Focus,Ciudad,Estado,Pais,Disponibilidad_MinProject,Disponibilidad_HourlyRate,Employees_Num,Tamaño_Empleados,Clasificación por número de empleados,Tipo de proveedor / segmento de análisis,Segmentación servicios AI,Descripción Segmentación,Clasificación por regiones,Transparencia_Comercial,continent,country,iso_code,conteo_pais
Smith.ai,https://smith.ai/,"Los Altos, CA",Undisclosed,Undisclosed,250 - 999,10%,Los Altos,CA,USA,No informado,No informado,999,250 - 999,Empresa grande/fuera SME,Mid-market,AI Service residual,Empresa diversificada cuya participación de IA es limitada o residual,América del Norte,0,North America,USA,USA,917
MooveIt,https://moove-it.com/,"Austin, TX","$100,000+",$50 - $99 / hr,50 - 249,15%,Austin,TX,USA,Informado,Informado,249,50 - 249,Empresa mediana/ SME,SMB,AI Service residual,Empresa diversificada cuya participación de IA es limitada o residual,América del Norte,2,North America,USA,USA,917
TechSpeedInc,http://www.techspeed.com/,"Portland, OR","$1,000+",< $25 / hr,50 - 249,40%,Portland,OR,USA,Informado,Informado,249,50 - 249,Empresa mediana/ SME,SMB,AI Service complementary, Empresa diversificada que ofrece IA como una línea de servicio complementaria,América del Norte,2,North America,USA,USA,917
WillDom,https://willdom.com/,"Fort Lauderdale, FL","$10,000+",$50 - $99 / hr,250 - 999,10%,Fort Lauderdale,FL,USA,Informado,Informado,999,250 - 999,Empresa grande/fuera SME,Mid-market,AI Service residual,Empresa diversificada cuya participación de IA es limitada o residual,América del Norte,2,North America,USA,USA,917
Icreon,https://www.icreon.com/en,"New York, NY","$50,000+",$100 - $149 / hr,250 - 999,10%,New York,NY,USA,Informado,Informado,999,250 - 999,Empresa grande/fuera SME,Mid-market,AI Service residual,Empresa diversificada cuya participación de IA es limitada o residual,América del Norte,2,North America,USA,USA,917
ELEKS,https://eleks.com,"Tallinn, Estonia","$50,000+",$50 - $99 / hr,"1,000 - 9,999",10%,Tallinn,,Estonia,Informado,Informado,9999,1000 - 9999,Empresa grande /fuera SM,Enterprise,AI Service residual,Empresa diversificada cuya participación de IA es limitada o residual,Europa,2,Europe,Estonia,EST,17
Stepwise,https://www.stepwise.pl/,"Warszawa, Poland","$100,000+",$50 - $99 / hr,10 - 49,20%,Warszawa,,Poland,Informado,Informado,49,10 - 49,Empresa pequeña ,SMB,AI Service complementary, Empresa diversificada que ofrece IA como una línea de servicio complementaria,Europa,2,Europe,Poland,POL,147
RevolveAI,https://www.revolveai.com/,"Islamabad, Pakistan","$10,000+",$25 - $49 / hr,10 - 49,100%,Islamabad,,Pakistan,Informado,Informado,49,10 - 49,Empresa pequeña ,SMB,AI Focus principal,Empresa que su negocio principal gira en torno a servicios AI,Asia,2,Asia,Pakistan,PAK,61
Develtio,http://www.develtio.com/,"Warszawa, Poland","$5,000+",$25 - $49 / hr,50 - 249,20%,Warszawa,,Poland,Informado,Informado,249,50 - 249,Empresa mediana/ SME,SMB,AI Service complementary, Empresa diversificada que ofrece IA como una línea de servicio complementaria,Europa,2,Europe,Poland,POL,147
JetRockets,http://jetrockets.com,"Brooklyn, NY","$25,000+",$50 - $99 / hr,10 - 49,10%,Brooklyn,NY,USA,Informado,Informado,49,10 - 49,Empresa pequeña ,SMB,AI Service residual,Empresa diversificada cuya participación de IA es limitada o residual,América del Norte,2,North America,USA,USA,917
Sciant,http://www.sciant.com/,"Sofia, Bulgaria","$10,000+",$25 - $49 / hr,50 - 249,10%,Sofia,,Bulgaria,Informado,Informado,249,50 - 249,Empresa mediana/ SME,SMB,AI Service residual,Empresa diversificada cuya participación de IA es limitada o residual,Europa,2,Europe,Bulgaria,BGR,20
Dev.Pro,https://dev.pro/,"Charlotte, NC","$50,000+",$50 - $99 / hr,250 - 999,10%,Charlotte,NC,USA,Informado,Informado,999,250 - 999,Empresa grande/fuera SME,Mid-market,AI Service residual,Empresa diversificada cuya participación de IA es limitada o residual,América del Norte,2,North America,USA,USA,917
YugasaSoftwareLabs,https://www.yugasa.com/,"Gurugram, India","$10,000+",< $25 / hr,50 - 249,10%,Gurugram,,India,Informado,Informado,249,50 - 249,Empresa mediana/ SME,SMB,AI Service residual,Empresa diversificada cuya participación de IA es limitada o residual,Asia,2,Asia,India,IND,441
WorkingMouse,https://workingmouse.com.au/,"Milton, Australia","$50,000+",Undisclosed,50 - 249,10%,Milton,,Australia,Informado,No informado,249,50 - 249,Empresa mediana/ SME,SMB,AI Service residual,Empresa diversificada cuya participación de IA es limitada o residual,Oceanía,1,Oceania,Australia,AUS,96
Springs,https://springsapps.com/,"Kyiv, Ukraine","$10,000+",$25 - $49 / hr,50 - 249,10%,Kyiv,,Ukraine,Informado,Informado,249,50 - 249,Empresa mediana/ SME,SMB,AI Service residual,Empresa diversificada cuya participación de IA es limitada o residual,Europa,2,Europe,Ukraine,UKR,92
AEStudio,https://ae.studio/,"Los Angeles, CA","$100,000+",$200 - $300 / hr,50 - 249,20%,Los Angeles,CA,USA,Informado,Informado,249,50 - 249,Empresa mediana/ SME,SMB,AI Service complementary, Empresa diversificada que ofrece IA como una línea de servicio complementaria,América del Norte,2,North America,USA,USA,917
Anadea,https://anadea.info/,"Alicante (Alacant), Spain","$10,000+",$50 - $99 / hr,50 - 249,33%,Alicante (Alacant),,Spain,Informado,Informado,249,50 - 249,Empresa mediana/ SME,SMB,AI Service complementary, Empresa diversificada que ofrece IA como una línea de servicio complementaria,Europa,2,Europe,Spain,ESP,29
MetalToad,https://www.metaltoad.com/,"Los Angeles, CA","$25,000+",$150 - $199 / hr,10 - 49,10%,Los Angeles,CA,USA,Informado,Informado,49,10 - 49,Empresa pequeña ,SMB,AI Service residual,Empresa diversificada cuya participación de IA es limitada o residual,América del Norte,2,North America,USA,USA,917
TheAppLabb,https://theapplabb.com/,"Toronto, Canada","$50,000+",$100 - $149 / hr,50 - 249,15%,Toronto,,Canada,Informado,Informado,249,50 - 249,Empresa mediana/ SME,SMB,AI Service residual,Empresa diversificada cuya participación de IA es limitada o residual,América del Norte,2,North America,Canada,CAN,126
CodewaveTechnologies,https://www.codewave.com/,"Bengaluru, India","$10,000+",< $25 / hr,50 - 249,11%,Bengaluru,,India,Informado,Informado,249,50 - 249,Empresa mediana/ SME,SMB,AI Service residual,Empresa diversificada cuya participación de IA es limitada o residual,Asia,2,Asia,India,IND,441
CHISoftware,https://chisw.com/our-expertise/,"L'viv, Ukraine","$50,000+",$50 - $99 / hr,250 - 999,20%,L'viv,,Ukraine,Informado,Informado,999,250 - 999,Empresa grande/fuera SME,Mid-market,AI Service complementary, Empresa diversificada que ofrece IA como una línea de servicio complementaria,Europa,2,Europe,Ukraine,UKR,92
Devopsbay,https://devopsbay.io/,"Sopot, Poland","$10,000+",$50 - $99 / hr,10 - 49,20%,Sopot,,Poland,Informado,Informado,49,10 - 49,Empresa pequeña ,SMB,AI Service complementary, Empresa diversificada que ofrece IA como una línea de servicio complementaria,Europa,2,Europe,Poland,POL,147
BlackburnLabs,https://BlackburnLabs.com/,"Providence, RI","$10,000+",$100 - $149 / hr,10 - 49,15%,Providence,RI,USA,Informado,Informado,49,10 - 49,Empresa pequeña ,SMB,AI Service residual,Empresa diversificada cuya participación de IA es limitada o residual,América del Norte,2,North America,USA,USA,917
GrapeUp,https://grapeup.com/,"Kraków, Poland","$50,000+",$50 - $99 / hr,50 - 249,10%,Kraków,,Poland,Informado,Informado,249,50 - 249,Empresa mediana/ SME,SMB,AI Service residual,Empresa diversificada cuya participación de IA es limitada o residual,Europa,2,Europe,Poland,POL,147
MightyDigital,https://mighty.digital/,"Kyiv, Ukraine","$25,000+",$25 - $49 / hr,10 - 49,10%,Kyiv,,Ukraine,Informado,Informado,49,10 - 49,Empresa pequeña ,SMB,AI Service residual,Empresa diversificada cuya participación de IA es limitada o residual,Europa,2,Europe,Ukraine,UKR,92
Exposit,https://www.exposit.com/,"Gdańsk, Poland","$5,000+",$25 - $49 / hr,50 - 249,30%,Gdańsk,,Poland,Informado,Informado,249,50 - 249,Empresa mediana/ SME,SMB,AI Service complementary, Empresa diversificada que ofrece IA como una línea de servicio complementaria,Europa,2,Europe,Poland,POL,147
Reckonsys,http://www.reckonsys.com/,"Bengaluru, India","$5,000+",$25 - $49 / hr,50 - 249,10%,Bengaluru,,India,Informado,Informado,249,50 - 249,Empresa mediana/ SME,SMB,AI Service residual,Empresa diversificada cuya participación de IA es limitada o residual,Asia,2,Asia,India,IND,441
CoherentLabLLP,https://www.coherentlab.com/,"Jaipur, India","$1,000+",< $25 / hr,10 - 49,10%,Jaipur,,India,Informado,Informado,49,10 - 49,Empresa pequeña ,SMB,AI Service residual,Empresa diversificada cuya participación de IA es limitada o residual,Asia,2,Asia,India,IND,441
NybbleGroup,https://nybblegroup.com/,"Miami, FL","$5,000+",$25 - $49 / hr,50 - 249,20%,Miami,FL,USA,Informado,Informado,249,50 - 249,Empresa mediana/ SME,SMB,AI Service complementary, Empresa diversificada que ofrece IA como una línea de servicio complementaria,América del Norte,2,North America,USA,USA,917
Greenice,https://greenice.net/,"Warszawa, Poland","$5,000+",$25 - $49 / hr,10 - 49,10%,Warszawa,,Poland,Informado,Informado,49,10 - 49,Empresa pequeña ,SMB,AI Service residual,Empresa diversificada cuya participación de IA es limitada o residual,Europa,2,Europe,Poland,POL,147
MissionCloud,https://missioncloud.com/,"Beverly Hills, CA","$10,000+",$200 - $300 / hr,50 - 249,20%,Beverly Hills,CA,USA,Informado,Informado,249,50 - 249,Empresa mediana/ SME,SMB,AI Service complementary, Empresa diversificada que ofrece IA como una línea de servicio complementaria,América del Norte,2,North America,USA,USA,917
Imobisoft,https://imobisoft.co.uk/,"London, United Kingdom","$5,000+",$50 - $99 / hr,10 - 49,10%,London,,United Kingdom,Informado,Informado,49,10 - 49,Empresa pequeña ,SMB,AI Service residual,Empresa diversificada cuya participación de IA es limitada o residual,Europa,2,Europe,United Kingdom,GBR,304
Folio3,http://www.folio3.com/,"Woking, United Kingdom","$5,000+",$25 - $49 / hr,250 - 999,10%,Woking,,United Kingdom,Informado,Informado,999,250 - 999,Empresa grande/fuera SME,Mid-market,AI Service residual,Empresa diversificada cuya participación de IA es limitada o residual,Europa,2,Europe,United Kingdom,GBR,304
N7Mobile,https://n7mobile.com/,"Warszawa, Poland","$10,000+",$25 - $49 / hr,10 - 49,10%,Warszawa,,Poland,Informado,Informado,49,10 - 49,Empresa pequeña ,SMB,AI Service residual,Empresa diversificada cuya participación de IA es limitada o residual,Europa,2,Europe,Poland,POL,147
MindySupport,https://mindy-support.com/,"Agios Athanasios, Cyprus",Undisclosed,Undisclosed,"1,000 - 9,999",50%,Agios Athanasios,,Cyprus,No informado,No informado,9999,1000 - 9999,Empresa grande /fuera SM,Enterprise,AI Focus,"Empresa con especialización destacada en IA, representa más de la mitad de su actividad",Europa,0,Europe,Cyprus,CYP,5
Dreamix,http://www.dreamix.eu/,"Sofia, Bulgaria","$50,000+",$25 - $49 / hr,50 - 249,10%,Sofia,,Bulgaria,Informado,Informado,249,50 - 249,Empresa mediana/ SME,SMB,AI Service residual,Empresa diversificada cuya participación de IA es limitada o residual,Europa,2,Europe,Bulgaria,BGR,20
NeenOpalInc.,https://www.neenopal.com/,"New York, NY","$10,000+",$50 - $99 / hr,10 - 49,20%,New York,NY,USA,Informado,Informado,49,10 - 49,Empresa pequeña ,SMB,AI Service complementary, Empresa diversificada que ofrece IA como una línea de servicio complementaria,América del Norte,2,North America,USA,USA,917
HiloLabs,https://www.hilolabs.com,"Toronto, Canada","$10,000+",$50 - $99 / hr,2 - 9,10%,Toronto,,Canada,Informado,Informado,9,2 - 9,Micro Empresa,SMB,AI Service residual,Empresa diversificada cuya participación de IA es limitada o residual,América del Norte,2,North America,Canada,CAN,126
Sparkfish,https://www.sparkfish.com/,"Addison, TX","$25,000+",$150 - $199 / hr,10 - 49,20%,Addison,TX,USA,Informado,Informado,49,10 - 49,Empresa pequeña ,SMB,AI Service complementary, Empresa diversificada que ofrece IA como una línea de servicio complementaria,América del Norte,2,North America,USA,USA,917
UVIKSoftware,https://uvik.net/,"Krakow, Poland","$50,000+",$50 - $99 / hr,10 - 49,10%,Krakow,,Poland,Informado,Informado,49,10 - 49,Empresa pequeña ,SMB,AI Service residual,Empresa diversificada cuya participación de IA es limitada o residual,Europa,2,Europe,Poland,POL,147
UnderReality,https://underreality.com/,"Amsterdam, Netherlands","$10,000+",$100 - $149 / hr,10 - 49,10%,Amsterdam,,Netherlands,Informado,Informado,49,10 - 49,Empresa pequeña ,SMB,AI Service residual,Empresa diversificada cuya participación de IA es limitada o residual,Europa,2,Europe,Netherlands,NLD,26
CloudFlex,https://cloudflex.team/,"Kyiv, Ukraine","$10,000+",$25 - $49 / hr,10 - 49,20%,Kyiv,,Ukraine,Informado,Informado,49,10 - 49,Empresa pequeña ,SMB,AI Service complementary, Empresa diversificada que ofrece IA como una línea de servicio complementaria,Europa,2,Europe,Ukraine,UKR,92
UPCORE,https://upcore.com.au/,"Barangaroo, Australia","$10,000+",$25 - $49 / hr,50 - 249,10%,Barangaroo,,Australia,Informado,Informado,249,50 - 249,Empresa mediana/ SME,SMB,AI Service residual,Empresa diversificada cuya participación de IA es limitada o residual,Oceanía,2,Oceania,Australia,AUS,96
DigitalScientists,https://digitalscientists.com/,"Alpharetta, GA","$50,000+",$150 - $199 / hr,10 - 49,15%,Alpharetta,GA,USA,Informado,Informado,49,10 - 49,Empresa pequeña ,SMB,AI Service residual,Empresa diversificada cuya participación de IA es limitada o residual,América del Norte,2,North America,USA,USA,917
FusionHit,https://www.fusionhit.com/,"Heredia, Costa Rica","$10,000+",$50 - $99 / hr,50 - 249,10%,Heredia,,Costa Rica,Informado,Informado,249,50 - 249,Empresa mediana/ SME,SMB,AI Service residual,Empresa diversificada cuya participación de IA es limitada o residual,Centroamérica,2,Central America,Costa Rica,Costa Rica,9
ENO8,http://www.ENO8.com/,"Plano, TX","$25,000+",$100 - $149 / hr,2 - 9,10%,Plano,TX,USA,Informado,Informado,9,2 - 9,Micro Empresa,SMB,AI Service residual,Empresa diversificada cuya participación de IA es limitada o residual,América del Norte,2,North America,USA,USA,917
SynergoGroup,https://www.synergogroup.net/,"Toronto, Canada","$5,000+",$50 - $99 / hr,10 - 49,10%,Toronto,,Canada,Informado,Informado,49,10 - 49,Empresa pequeña ,SMB,AI Service residual,Empresa diversificada cuya participación de IA es limitada o residual,América del Norte,2,North America,Canada,CAN,126
u2i,https://www.u2i.com/clutch/,"Kraków, Poland","$10,000+",$100 - $149 / hr,50 - 249,10%,Kraków,,Poland,Informado,Informado,249,50 - 249,Empresa mediana/ SME,SMB,AI Service residual,Empresa diversificada cuya participación de IA es limitada o residual,Europa,2,Europe,Poland,POL,147
AscentCore,https://www.ascentcore.com/,"Reston, VA","$25,000+",Undisclosed,50 - 249,30%,Reston,VA,USA,Informado,No informado,249,50 - 249,Empresa mediana/ SME,SMB,AI Service complementary, Empresa diversificada que ofrece IA como una línea de servicio complementaria,América del Norte,1,North America,USA,USA,917
TwentyIdeas,https://twentyideas.com/,"Eugene, OR","$50,000+",$100 - $149 / hr,10 - 49,10%,Eugene,OR,USA,Informado,Informado,49,10 - 49,Empresa pequeña ,SMB,AI Service residual,Empresa diversificada cuya participación de IA es limitada o residual,América del Norte,2,North America,USA,USA,917
ONE12th,https://one12th.io/,"Aventura, FL","$1,000+",$100 - $149 / hr,2 - 9,15%,Aventura,FL,USA,Informado,Informado,9,2 - 9,Micro Empresa,SMB,AI Service residual,Empresa diversificada cuya participación de IA es limitada o residual,América del Norte,2,North America,USA,USA,917
ZackriyaSolutions,https://www.zackriya.com/,"Chennai, India","$1,000+",$25 - $49 / hr,2 - 9,50%,Chennai,,India,Informado,Informado,9,2 - 9,Micro Empresa,SMB,AI Focus,"Empresa con especialización destacada en IA, representa más de la mitad de su actividad",Asia,2,Asia,India,IND,441
NCCPLUSVIETNAM,https://ncc.asia/,"Hanoi, Vietnam","$10,000+",< $25 / hr,50 - 249,10%,Hanoi,,Vietnam,Informado,Informado,249,50 - 249,Empresa mediana/ SME,SMB,AI Service residual,Empresa diversificada cuya participación de IA es limitada o residual,Asia,2,Asia,Vietnam,VNM,29
rinf.tech,https://www.rinf.tech/,"București, Romania","$5,000+",$25 - $49 / hr,250 - 999,10%,București,,Romania,Informado,Informado,999,250 - 999,Empresa grande/fuera SME,Mid-market,AI Service residual,Empresa diversificada cuya participación de IA es limitada o residual,Europa,2,Europe,Romania,ROU,27
LateralInc.,http://www.lateral-inc.com/,"Cluj-Napoca, Romania","$25,000+",$50 - $99 / hr,50 - 249,20%,Cluj-Napoca,,Romania,Informado,Informado,249,50 - 249,Empresa mediana/ SME,SMB,AI Service complementary, Empresa diversificada que ofrece IA como una línea de servicio complementaria,Europa,2,Europe,Romania,ROU,27
SPECINDIA,http://www.spec-india.com/,"Ahmedabad, India","$5,000+",$25 - $49 / hr,250 - 999,10%,Ahmedabad,,India,Informado,Informado,999,250 - 999,Empresa grande/fuera SME,Mid-market,AI Service residual,Empresa diversificada cuya participación de IA es limitada o residual,Asia,2,Asia,India,IND,441
Resultant,https://www.resultant.com/,"Indianapolis, IN","$5,000+",$150 - $199 / hr,250 - 999,10%,Indianapolis,IN,USA,Informado,Informado,999,250 - 999,Empresa grande/fuera SME,Mid-market,AI Service residual,Empresa diversificada cuya participación de IA es limitada o residual,América del Norte,2,North America,USA,USA,917
agileful,https://agileful.com/,"Berlin, Germany","$5,000+",$25 - $49 / hr,10 - 49,30%,Berlin,,Germany,Informado,Informado,49,10 - 49,Empresa pequeña ,SMB,AI Service complementary, Empresa diversificada que ofrece IA como una línea de servicio complementaria,Europa,2,Europe,Germany,DEU,47
XenonStack,https://www.xenonstack.com/,"Sahibzada Ajit Singh Nagar, India","$25,000+",$25 - $49 / hr,50 - 249,15%,Sahibzada Ajit Singh Nagar,,India,Informado,Informado,249,50 - 249,Empresa mediana/ SME,SMB,AI Service residual,Empresa diversificada cuya participación de IA es limitada o residual,Asia,2,Asia,India,IND,441
Wi4,https://www.wi4.org/,"Atlanta, GA","$10,000+",$50 - $99 / hr,2 - 9,20%,Atlanta,GA,USA,Informado,Informado,9,2 - 9,Micro Empresa,SMB,AI Service complementary, Empresa diversificada que ofrece IA como una línea de servicio complementaria,América del Norte,2,North America,USA,USA,917
FintelicsTechnologyInc.,https://www.fintelics.com/,"Toronto, Canada","$25,000+",Undisclosed,10 - 49,20%,Toronto,,Canada,Informado,No informado,49,10 - 49,Empresa pequeña ,SMB,AI Service complementary, Empresa diversificada que ofrece IA como una línea de servicio complementaria,América del Norte,1,North America,Canada,CAN,126
EXBSoft,http://exbsoft.com/,"Kharkiv, Ukraine","$25,000+",$25 - $49 / hr,10 - 49,10%,Kharkiv,,Ukraine,Informado,Informado,49,10 - 49,Empresa pequeña ,SMB,AI Service residual,Empresa diversificada cuya participación de IA es limitada o residual,Europa,2,Europe,Ukraine,UKR,92
LoomingTech,https://www.looming.tech/,"London, United Kingdom","$1,000+",$50 - $99 / hr,10 - 49,10%,London,,United Kingdom,Informado,Informado,49,10 - 49,Empresa pequeña ,SMB,AI Service residual,Empresa diversificada cuya participación de IA es limitada o residual,Europa,2,Europe,United Kingdom,GBR,304
SteadfastMedia,http://www.steadfastmedia.com/,"Nashville, TN","$5,000+",$100 - $149 / hr,2 - 9,10%,Nashville,TN,USA,Informado,Informado,9,2 - 9,Micro Empresa,SMB,AI Service residual,Empresa diversificada cuya participación de IA es limitada o residual,América del Norte,2,North America,USA,USA,917
Ulfix,https://www.ulfix.dev/,"Houston, TX","$25,000+",$25 - $49 / hr,10 - 49,10%,Houston,TX,USA,Informado,Informado,49,10 - 49,Empresa pequeña ,SMB,AI Service residual,Empresa diversificada cuya participación de IA es limitada o residual,América del Norte,2,North America,USA,USA,917
InnoSourceTechnology,https://innosourcetech.com/,"Southampton, United Kingdom","$10,000+",$25 - $49 / hr,10 - 49,10%,Southampton,,United Kingdom,Informado,Informado,49,10 - 49,Empresa pequeña ,SMB,AI Service residual,Empresa diversificada cuya participación de IA es limitada o residual,Europa,2,Europe,United Kingdom,GBR,304
didaMachineLearning,https://dida.do/,"Berlin, Germany","$25,000+",$150 - $199 / hr,10 - 49,90%,Berlin,,Germany,Informado,Informado,49,10 - 49,Empresa pequeña ,SMB,AI Focus principal,Empresa que su negocio principal gira en torno a servicios AI,Europa,2,Europe,Germany,DEU,47
botsband,https://www.botsband.online,"Київ, Ukraine","$5,000+",$25 - $49 / hr,2 - 9,100%,Київ,,Ukraine,Informado,Informado,9,2 - 9,Micro Empresa,SMB,AI Focus principal,Empresa que su negocio principal gira en torno a servicios AI,Europa,2,Europe,Ukraine,UKR,92
WaverleySoftware,https://waverleysoftware.com/,"Palo Alto, CA","$50,000+",$25 - $49 / hr,250 - 999,10%,Palo Alto,CA,USA,Informado,Informado,999,250 - 999,Empresa grande/fuera SME,Mid-market,AI Service residual,Empresa diversificada cuya participación de IA es limitada o residual,América del Norte,2,North America,USA,USA,917
BroutonLab,https://broutonlab.com,"Haifa, Israel","$10,000+",$50 - $99 / hr,10 - 49,65%,Haifa,,Israel,Informado,Informado,49,10 - 49,Empresa pequeña ,SMB,AI Focus,"Empresa con especialización destacada en IA, representa más de la mitad de su actividad",Oriente Medio,2,Middle East,Israel,ISR,10
Stermedia.ai,https://stermedia.ai,"Warszawa, Poland","$10,000+",$50 - $99 / hr,10 - 49,55%,Warszawa,,Poland,Informado,Informado,49,10 - 49,Empresa pequeña ,SMB,AI Focus,"Empresa con especialización destacada en IA, representa más de la mitad de su actividad",Europa,2,Europe,Poland,POL,147
BotsCrew,https://botscrew.com/clutch,"San Francisco, CA","$10,000+",$50 - $99 / hr,50 - 249,100%,San Francisco,CA,USA,Informado,Informado,249,50 - 249,Empresa mediana/ SME,SMB,AI Focus principal,Empresa que su negocio principal gira en torno a servicios AI,América del Norte,2,North America,USA,USA,917
CSPSolutions,https://www.cspsolutions.com,"Dubai, United Arab Emirates","$25,000+",$50 - $99 / hr,"10,000+",40%,Dubai,,United Arab Emirates,Informado,Informado,10000,10000,Empresa grande /fuera SME,Enterprise,AI Service complementary, Empresa diversificada que ofrece IA como una línea de servicio complementaria,Oriente Medio,2,Middle East,United Arab Emirates,ARE,39
Addepto,https://addepto.com/,"Warsaw, Poland","$10,000+",$50 - $99 / hr,10 - 49,60%,Warsaw,,Poland,Informado,Informado,49,10 - 49,Empresa pequeña ,SMB,AI Focus,"Empresa con especialización destacada en IA, representa más de la mitad de su actividad",Europa,2,Europe,Poland,POL,147
Softengi,https://www.softengi.com/,"Tychy, Poland","$10,000+",$25 - $49 / hr,250 - 999,25%,Tychy,,Poland,Informado,Informado,999,250 - 999,Empresa grande/fuera SME,Mid-market,AI Service complementary, Empresa diversificada que ofrece IA como una línea de servicio complementaria,Europa,2,Europe,Poland,POL,147
MasterofCodeGlobal,https://masterofcode.com/,"Redwood City, CA","$25,000+",$50 - $99 / hr,50 - 249,50%,Redwood City,CA,USA,Informado,Informado,249,50 - 249,Empresa mediana/ SME,SMB,AI Focus,"Empresa con especialización destacada en IA, representa más de la mitad de su actividad",América del Norte,2,North America,USA,USA,917
Zegami,https://www.zegami.com/consultancy-services/,"Oxford, United Kingdom","$10,000+",$50 - $99 / hr,10 - 49,75%,Oxford,,United Kingdom,Informado,Informado,49,10 - 49,Empresa pequeña ,SMB,AI Focus principal,Empresa que su negocio principal gira en torno a servicios AI,Europa,2,Europe,United Kingdom,GBR,304
Sparkbit,http://www.sparkbit.pl/,"Warszawa, Poland","$5,000+",$100 - $149 / hr,10 - 49,50%,Warszawa,,Poland,Informado,Informado,49,10 - 49,Empresa pequeña ,SMB,AI Focus,"Empresa con especialización destacada en IA, representa más de la mitad de su actividad",Europa,2,Europe,Poland,POL,147
proml,https://www.proml.com/,"Scotts Valley, CA","$10,000+",$50 - $99 / hr,10 - 49,80%,Scotts Valley,CA,USA,Informado,Informado,49,10 - 49,Empresa pequeña ,SMB,AI Focus principal,Empresa que su negocio principal gira en torno a servicios AI,América del Norte,2,North America,USA,USA,917
AnvilEight,https://anvileight.com/,"Kharkiv, Ukraine","$5,000+",$50 - $99 / hr,50 - 249,20%,Kharkiv,,Ukraine,Informado,Informado,249,50 - 249,Empresa mediana/ SME,SMB,AI Service complementary, Empresa diversificada que ofrece IA como una línea de servicio complementaria,Europa,2,Europe,Ukraine,UKR,92
Fayrix,http://www.fayrix.com/,"Ra'anana, Israel","$5,000+",< $25 / hr,"1,000 - 9,999",20%,Ra'anana,,Israel,Informado,Informado,9999,1000 - 9999,Empresa grande /fuera SM,Enterprise,AI Service complementary, Empresa diversificada que ofrece IA como una línea de servicio complementaria,Oriente Medio,2,Middle East,Israel,ISR,10
ThirdEyeData,https://thirdeyedata.io/,"San Jose, CA","$25,000+",$50 - $99 / hr,50 - 249,60%,San Jose,CA,USA,Informado,Informado,249,50 - 249,Empresa mediana/ SME,SMB,AI Focus,"Empresa con especialización destacada en IA, representa más de la mitad de su actividad",América del Norte,2,North America,USA,USA,917
AccubitsTechnologiesInc,https://accubits.com/,"Vienna, VA","$5,000+",$25 - $49 / hr,250 - 999,25%,Vienna,VA,USA,Informado,Informado,999,250 - 999,Empresa grande/fuera SME,Mid-market,AI Service complementary, Empresa diversificada que ofrece IA como una línea de servicio complementaria,América del Norte,2,North America,USA,USA,917
F(x)DataLabsPvtLtd,https://htree.plus,"Ahmedabad, India","$1,000+",$25 - $49 / hr,10 - 49,80%,Ahmedabad,,India,Informado,Informado,49,10 - 49,Empresa pequeña ,SMB,AI Focus principal,Empresa que su negocio principal gira en torno a servicios AI,Asia,2,Asia,India,IND,441
IBAGroup,https://ibagroupit.com/,"Burgas, Bulgaria","$10,000+",$25 - $49 / hr,"1,000 - 9,999",20%,Burgas,,Bulgaria,Informado,Informado,9999,1000 - 9999,Empresa grande /fuera SM,Enterprise,AI Service complementary, Empresa diversificada que ofrece IA como una línea de servicio complementaria,Europa,2,Europe,Bulgaria,BGR,20
TempestaTechnologies,https://tempesta-tech.com/development-services,"Seattle, WA","$10,000+",$100 - $149 / hr,10 - 49,60%,Seattle,WA,USA,Informado,Informado,49,10 - 49,Empresa pequeña ,SMB,AI Focus,"Empresa con especialización destacada en IA, representa más de la mitad de su actividad",América del Norte,2,North America,USA,USA,917
HatchWorksTechnologies,https://www.hatchworks.com/,"Atlanta, GA","$75,000+",$50 - $99 / hr,50 - 249,10%,Atlanta,GA,USA,Informado,Informado,249,50 - 249,Empresa mediana/ SME,SMB,AI Service residual,Empresa diversificada cuya participación de IA es limitada o residual,América del Norte,2,North America,USA,USA,917
OptiSolBusinessSolutions,https://datalabs.optisolbusiness.com/,"New Castle, DE","$10,000+",< $25 / hr,250 - 999,30%,New Castle,DE,USA,Informado,Informado,999,250 - 999,Empresa grande/fuera SME,Mid-market,AI Service complementary, Empresa diversificada que ofrece IA como una línea de servicio complementaria,América del Norte,2,North America,USA,USA,917
AbtoSoftware,https://www.abtosoftware.com/net-development-company,"New York, NY",Undisclosed,$25 - $49 / hr,250 - 999,40%,New York,NY,USA,No informado,Informado,999,250 - 999,Empresa grande/fuera SME,Mid-market,AI Service complementary, Empresa diversificada que ofrece IA como una línea de servicio complementaria,América del Norte,1,North America,USA,USA,917
FRANKHOOD,https://www.frankhood.it/,"Bari, Italy","$10,000+",$50 - $99 / hr,10 - 49,40%,Bari,,Italy,Informado,Informado,49,10 - 49,Empresa pequeña ,SMB,AI Service complementary, Empresa diversificada que ofrece IA como una línea de servicio complementaria,Europa,2,Europe,Italy,ITA,18
Develandoo,http://www.develandoo.com,"Yerevan, Armenia","$25,000+",$25 - $49 / hr,50 - 249,50%,Yerevan,,Armenia,Informado,Informado,249,50 - 249,Empresa mediana/ SME,SMB,AI Focus,"Empresa con especialización destacada en IA, representa más de la mitad de su actividad",Asia,2,Asia,Armenia,ARM,11
DogtownMedia,https://www.dogtownmedia.com/,"Los Angeles, CA","$25,000+",$100 - $149 / hr,10 - 49,10%,Los Angeles,CA,USA,Informado,Informado,49,10 - 49,Empresa pequeña ,SMB,AI Service residual,Empresa diversificada cuya participación de IA es limitada o residual,América del Norte,2,North America,USA,USA,917
It-Jim,https://www.it-jim.com/,"Kharkiv, Ukraine","$5,000+",$50 - $99 / hr,10 - 49,75%,Kharkiv,,Ukraine,Informado,Informado,49,10 - 49,Empresa pequeña ,SMB,AI Focus principal,Empresa que su negocio principal gira en torno a servicios AI,Europa,2,Europe,Ukraine,UKR,92
FirstLineSoftware,https://firstlinesoftware.com/,"Cambridge, MA","$50,000+",$25 - $49 / hr,250 - 999,10%,Cambridge,MA,USA,Informado,Informado,999,250 - 999,Empresa grande/fuera SME,Mid-market,AI Service residual,Empresa diversificada cuya participación de IA es limitada o residual,América del Norte,2,North America,USA,USA,917
Quantum,https://quantumobile.com/,"Kharkiv, Ukraine","$50,000+",$50 - $99 / hr,50 - 249,70%,Kharkiv,,Ukraine,Informado,Informado,249,50 - 249,Empresa mediana/ SME,SMB,AI Focus principal,Empresa que su negocio principal gira en torno a servicios AI,Europa,2,Europe,Ukraine,UKR,92
NeoITO,https://www.neoito.com,"Salt Lake City, UT","$10,000+",$25 - $49 / hr,50 - 249,15%,Salt Lake City,UT,USA,Informado,Informado,249,50 - 249,Empresa mediana/ SME,SMB,AI Service residual,Empresa diversificada cuya participación de IA es limitada o residual,América del Norte,2,North America,USA,USA,917
DayOneTechnologies,https://www.day1tech.com/,"Bengaluru, India","$50,000+",$50 - $99 / hr,50 - 249,60%,Bengaluru,,India,Informado,Informado,249,50 - 249,Empresa mediana/ SME,SMB,AI Focus,"Empresa con especialización destacada en IA, representa más de la mitad de su actividad",Asia,2,Asia,India,IND,441
ApplaudoStudios,https://applaudostudios.com/nb/free-consultation/,"San Salvador, El Salvador","$10,000+",$50 - $99 / hr,250 - 999,20%,San Salvador,,El Salvador,Informado,Informado,999,250 - 999,Empresa grande/fuera SME,Mid-market,AI Service complementary, Empresa diversificada que ofrece IA como una línea de servicio complementaria,Centroamérica,2,Central America,El Salvador,El Salvador,5
Dotsquares,https://www.dotsquares.com/,"London, United Kingdom","$5,000+",< $25 / hr,250 - 999,10%,London,,United Kingdom,Informado,Informado,999,250 - 999,Empresa grande/fuera SME,Mid-market,AI Service residual,Empresa diversificada cuya participación de IA es limitada o residual,Europa,2,Europe,United Kingdom,GBR,304
WaveAccess,http://www.wave-access.com/,"Higham, United Kingdom",Undisclosed,$50 - $99 / hr,250 - 999,10%,Higham,,United Kingdom,No informado,Informado,999,250 - 999,Empresa grande/fuera SME,Mid-market,AI Service residual,Empresa diversificada cuya participación de IA es limitada o residual,Europa,1,Europe,United Kingdom,GBR,304
TECHVEDConsultingIndiaPvt.Ltd,http://www.techved.com,"Mumbai, India","$50,000+",$50 - $99 / hr,50 - 249,15%,Mumbai,,India,Informado,Informado,249,50 - 249,Empresa mediana/ SME,SMB,AI Service residual,Empresa diversificada cuya participación de IA es limitada o residual,Asia,2,Asia,India,IND,441
CedexTechnologiesLLP,https://www.cedextech.com/,"Kochi, India","$5,000+",< $25 / hr,10 - 49,25%,Kochi,,India,Informado,Informado,49,10 - 49,Empresa pequeña ,SMB,AI Service complementary, Empresa diversificada que ofrece IA como una línea de servicio complementaria,Asia,2,Asia,India,IND,441
Skcript,https://www.skcript.com/,"Chennai, India","$10,000+",$50 - $99 / hr,10 - 49,20%,Chennai,,India,Informado,Informado,49,10 - 49,Empresa pequeña ,SMB,AI Service complementary, Empresa diversificada que ofrece IA como una línea de servicio complementaria,Asia,2,Asia,India,IND,441
Wealize,https://wealize.digital/,"Córdoba, Spain","$25,000+",$50 - $99 / hr,10 - 49,20%,Córdoba,,Spain,Informado,Informado,49,10 - 49,Empresa pequeña ,SMB,AI Service complementary, Empresa diversificada que ofrece IA como una línea de servicio complementaria,Europa,2,Europe,Spain,ESP,29
matom.ai,https://www.matom.ai/,"Kaunas, Lithuania","$5,000+",$50 - $99 / hr,2 - 9,45%,Kaunas,,Lithuania,Informado,Informado,9,2 - 9,Micro Empresa,SMB,AI Service complementary, Empresa diversificada que ofrece IA como una línea de servicio complementaria,Europa,2,Europe,Lithuania,LTU,12
HashCoded.o.o.,https://hashcode.hr/,"Zagreb, Croatia","$25,000+",$50 - $99 / hr,10 - 49,10%,Zagreb,,Croatia,Informado,Informado,49,10 - 49,Empresa pequeña ,SMB,AI Service residual,Empresa diversificada cuya participación de IA es limitada o residual,Europa,2,Europe,Croatia,HRV,17
ThetaTechnolabs,http://thetatechnolabs.com/,"Ahmedabad, India","$5,000+",< $25 / hr,10 - 49,25%,Ahmedabad,,India,Informado,Informado,49,10 - 49,Empresa pequeña ,SMB,AI Service complementary, Empresa diversificada que ofrece IA como una línea de servicio complementaria,Asia,2,Asia,India,IND,441
PythonDevs,https://pythondevs.org/,"Noida, India","$1,000+",$25 - $49 / hr,10 - 49,25%,Noida,,India,Informado,Informado,49,10 - 49,Empresa pequeña ,SMB,AI Service complementary, Empresa diversificada que ofrece IA como una línea de servicio complementaria,Asia,2,Asia,India,IND,441
MistyWest,https://mistywest.com/,"Vancouver, Canada","$25,000+",$200 - $300 / hr,10 - 49,25%,Vancouver,,Canada,Informado,Informado,49,10 - 49,Empresa pequeña ,SMB,AI Service complementary, Empresa diversificada que ofrece IA como una línea de servicio complementaria,América del Norte,2,North America,Canada,CAN,126
Singularika,https://singularika.com/en/,"Odesa, Ukraine","$5,000+",$25 - $49 / hr,10 - 49,20%,Odesa,,Ukraine,Informado,Informado,49,10 - 49,Empresa pequeña ,SMB,AI Service complementary, Empresa diversificada que ofrece IA como una línea de servicio complementaria,Europa,2,Europe,Ukraine,UKR,92
Requestum,http://requestum.com,"Kharkiv, Ukraine","$5,000+",$25 - $49 / hr,50 - 249,20%,Kharkiv,,Ukraine,Informado,Informado,249,50 - 249,Empresa mediana/ SME,SMB,AI Service complementary, Empresa diversificada que ofrece IA como una línea de servicio complementaria,Europa,2,Europe,Ukraine,UKR,92
DIGI117,https://digi117.com,"Vancouver, Canada","$1,000+",$50 - $99 / hr,10 - 49,20%,Vancouver,,Canada,Informado,Informado,49,10 - 49,Empresa pequeña ,SMB,AI Service complementary, Empresa diversificada que ofrece IA como una línea de servicio complementaria,América del Norte,2,North America,Canada,CAN,126
3topia,http://3topia.agency/,"Zagreb, Croatia","$5,000+",$50 - $99 / hr,2 - 9,30%,Zagreb,,Croatia,Informado,Informado,9,2 - 9,Micro Empresa,SMB,AI Service complementary, Empresa diversificada que ofrece IA como una línea de servicio complementaria,Europa,2,Europe,Croatia,HRV,17
Arbusta,http://arbusta.net,"Ciudad Autonoma de Buenos Aires, Argentina","$5,000+",$25 - $49 / hr,250 - 999,10%,Ciudad Autonoma de Buenos Aires,,Argentina,Informado,Informado,999,250 - 999,Empresa grande/fuera SME,Mid-market,AI Service residual,Empresa diversificada cuya participación de IA es limitada o residual,América del Sur,2,South America,Argentina,ARG,29
MintyMint,https://mintymint.net/,"Kyiv, Ukraine","$10,000+",$25 - $49 / hr,50 - 249,15%,Kyiv,,Ukraine,Informado,Informado,249,50 - 249,Empresa mediana/ SME,SMB,AI Service residual,Empresa diversificada cuya participación de IA es limitada o residual,Europa,2,Europe,Ukraine,UKR,92
KrishCompusoftServicesInc.,https://www.kcsitglobal.com,"Iselin, NJ","$100,000+",$25 - $49 / hr,250 - 999,10%,Iselin,NJ,USA,Informado,Informado,999,250 - 999,Empresa grande/fuera SME,Mid-market,AI Service residual,Empresa diversificada cuya participación de IA es limitada o residual,América del Norte,2,North America,USA,USA,917
WalkingTreeTechnologies,https://walkingtree.tech/,"Hyderabad, India","$10,000+",$25 - $49 / hr,50 - 249,15%,Hyderabad,,India,Informado,Informado,249,50 - 249,Empresa mediana/ SME,SMB,AI Service residual,Empresa diversificada cuya participación de IA es limitada o residual,Asia,2,Asia,India,IND,441
NyrosTechnologies,https://www.nyros.com,"Kakinada, India","$25,000+",$25 - $49 / hr,10 - 49,20%,Kakinada,,India,Informado,Informado,49,10 - 49,Empresa pequeña ,SMB,AI Service complementary, Empresa diversificada que ofrece IA como una línea de servicio complementaria,Asia,2,Asia,India,IND,441
QTeamSoftwareSolutions,http://qteam.solutions,"București, Romania","$10,000+",$50 - $99 / hr,10 - 49,20%,București,,Romania,Informado,Informado,49,10 - 49,Empresa pequeña ,SMB,AI Service complementary, Empresa diversificada que ofrece IA como una línea de servicio complementaria,Europa,2,Europe,Romania,ROU,27
MoogleLabs,https://www.mooglelabs.com/,"Surrey, Canada","$1,000+",$25 - $49 / hr,10 - 49,20%,Surrey,,Canada,Informado,Informado,49,10 - 49,Empresa pequeña ,SMB,AI Service complementary, Empresa diversificada que ofrece IA como una línea de servicio complementaria,América del Norte,2,North America,Canada,CAN,126
FraSal,https://frasal.uy,"Montevideo, Uruguay",Undisclosed,$25 - $49 / hr,2 - 9,25%,Montevideo,,Uruguay,No informado,Informado,9,2 - 9,Micro Empresa,SMB,AI Service complementary, Empresa diversificada que ofrece IA como una línea de servicio complementaria,América del Sur,1,South America,Uruguay,URY,22
Kernelics,https://kernelics.com,"Limassol, Cyprus","$10,000+",$50 - $99 / hr,50 - 249,10%,Limassol,,Cyprus,Informado,Informado,249,50 - 249,Empresa mediana/ SME,SMB,AI Service residual,Empresa diversificada cuya participación de IA es limitada o residual,Europa,2,Europe,Cyprus,CYP,5
EDSA,http://edsa.consulting/,"Tandil, Argentina","$10,000+",$25 - $49 / hr,50 - 249,15%,Tandil,,Argentina,Informado,Informado,249,50 - 249,Empresa mediana/ SME,SMB,AI Service residual,Empresa diversificada cuya participación de IA es limitada o residual,América del Sur,2,South America,Argentina,ARG,29
ConversionScience,http://www.conversionscience.co.za,"Cape Town, South Africa","$1,000+",$50 - $99 / hr,10 - 49,20%,Cape Town,,South Africa,Informado,Informado,49,10 - 49,Empresa pequeña ,SMB,AI Service complementary, Empresa diversificada que ofrece IA como una línea de servicio complementaria,África,2,Africa,South Africa,ZAF,7
FlowLabs,https://flow-labs.io,"Montevideo, Uruguay","$10,000+",$25 - $49 / hr,2 - 9,40%,Montevideo,,Uruguay,Informado,Informado,9,2 - 9,Micro Empresa,SMB,AI Service complementary, Empresa diversificada que ofrece IA como una línea de servicio complementaria,América del Sur,2,South America,Uruguay,URY,22
Netfork,https://netfork.io,"Novi Sad, Serbia","$10,000+",$50 - $99 / hr,250 - 999,10%,Novi Sad,,Serbia,Informado,Informado,999,250 - 999,Empresa grande/fuera SME,Mid-market,AI Service residual,Empresa diversificada cuya participación de IA es limitada o residual,Europa,2,Europe,Serbia,SRB,13
Contic,https://www.contic.co.uk/,"London, United Kingdom","$10,000+",Undisclosed,10 - 49,10%,London,,United Kingdom,Informado,No informado,49,10 - 49,Empresa pequeña ,SMB,AI Service residual,Empresa diversificada cuya participación de IA es limitada o residual,Europa,1,Europe,United Kingdom,GBR,304
Crescita,https://thecrescita.co.in/,"Pune, India","$1,000+",$25 - $49 / hr,10 - 49,30%,Pune,,India,Informado,Informado,49,10 - 49,Empresa pequeña ,SMB,AI Service complementary, Empresa diversificada que ofrece IA como una línea de servicio complementaria,Asia,2,Asia,India,IND,441
ConvergeSol,https://www.convergesolution.com,"Ahmedabad, India","$5,000+",$25 - $49 / hr,50 - 249,20%,Ahmedabad,,India,Informado,Informado,249,50 - 249,Empresa mediana/ SME,SMB,AI Service complementary, Empresa diversificada que ofrece IA como una línea de servicio complementaria,Asia,2,Asia,India,IND,441
EmitKnowledge,http://www.emitknowledge.com,"Skopje, North Macedonia","$5,000+",$25 - $49 / hr,10 - 49,20%,Skopje,,North Macedonia,Informado,Informado,49,10 - 49,Empresa pequeña ,SMB,AI Service complementary, Empresa diversificada que ofrece IA como una línea de servicio complementaria,Europa,2,Europe,North Macedonia,MKD,7
ArStudioz,https://arstudioz.com/,"Jaipur, India","$5,000+",$25 - $49 / hr,10 - 49,15%,Jaipur,,India,Informado,Informado,49,10 - 49,Empresa pequeña ,SMB,AI Service residual,Empresa diversificada cuya participación de IA es limitada o residual,Asia,2,Asia,India,IND,441
TheMadBotter,https://themadbotter.com/,"Plant, FL","$10,000+",$100 - $149 / hr,2 - 9,25%,Plant,FL,USA,Informado,Informado,9,2 - 9,Micro Empresa,SMB,AI Service complementary, Empresa diversificada que ofrece IA como una línea de servicio complementaria,América del Norte,2,North America,USA,USA,917
Lundegaard,https://www.lundegaard.eu/,"Praha 8, Czech Republic","$5,000+",$50 - $99 / hr,50 - 249,20%,Praha 8,,Czech Republic,Informado,Informado,249,50 - 249,Empresa mediana/ SME,SMB,AI Service complementary, Empresa diversificada que ofrece IA como una línea de servicio complementaria,Europa,2,Europe,Czech Republic,CZE,24
Madiff,http://madiff.eu,"Warszawa, Poland","$1,000+",$50 - $99 / hr,50 - 249,20%,Warszawa,,Poland,Informado,Informado,249,50 - 249,Empresa mediana/ SME,SMB,AI Service complementary, Empresa diversificada que ofrece IA como una línea de servicio complementaria,Europa,2,Europe,Poland,POL,147
Codahead,https://codahead.com,"Kraków, Poland","$10,000+",$50 - $99 / hr,50 - 249,20%,Kraków,,Poland,Informado,Informado,249,50 - 249,Empresa mediana/ SME,SMB,AI Service complementary, Empresa diversificada que ofrece IA como una línea de servicio complementaria,Europa,2,Europe,Poland,POL,147
GoldfishCode,http://www.goldfishcode.com,"New York, NY","$25,000+",$50 - $99 / hr,50 - 249,10%,New York,NY,USA,Informado,Informado,249,50 - 249,Empresa mediana/ SME,SMB,AI Service residual,Empresa diversificada cuya participación de IA es limitada o residual,América del Norte,2,North America,USA,USA,917
DLRConsultants,http://www.dlrconsultants.uk,"Fleet, United Kingdom","$1,000+",$50 - $99 / hr,2 - 9,30%,Fleet,,United Kingdom,Informado,Informado,9,2 - 9,Micro Empresa,SMB,AI Service complementary, Empresa diversificada que ofrece IA como una línea de servicio complementaria,Europa,2,Europe,United Kingdom,GBR,304
VMOHoldings,http://www.vmodev.com,"Hanoi, Vietnam","$5,000+",< $25 / hr,250 - 999,10%,Hanoi,,Vietnam,Informado,Informado,999,250 - 999,Empresa grande/fuera SME,Mid-market,AI Service residual,Empresa diversificada cuya participación de IA es limitada o residual,Asia,2,Asia,Vietnam,VNM,29
Web3.0India,https://web30india.com/,"Ahmedabad, India","$5,000+",$25 - $49 / hr,50 - 249,10%,Ahmedabad,,India,Informado,Informado,249,50 - 249,Empresa mediana/ SME,SMB,AI Service residual,Empresa diversificada cuya participación de IA es limitada o residual,Asia,2,Asia,India,IND,441
Consensus,https://cstechlab.com/,"ACM, Argentina","$1,000+",Undisclosed,50 - 249,15%,ACM,,Argentina,Informado,No informado,249,50 - 249,Empresa mediana/ SME,SMB,AI Service residual,Empresa diversificada cuya participación de IA es limitada o residual,América del Sur,1,South America,Argentina,ARG,29
DataGeniusTechnologiesLLC,https://datageniustech.com/,"Providence, RI","$1,000+",$50 - $99 / hr,10 - 49,20%,Providence,RI,USA,Informado,Informado,49,10 - 49,Empresa pequeña ,SMB,AI Service complementary, Empresa diversificada que ofrece IA como una línea de servicio complementaria,América del Norte,2,North America,USA,USA,917
Dexlock,http://www.dexlock.com,"Dubai, United Arab Emirates","$50,000+",$25 - $49 / hr,50 - 249,20%,Dubai,,United Arab Emirates,Informado,Informado,249,50 - 249,Empresa mediana/ SME,SMB,AI Service complementary, Empresa diversificada que ofrece IA como una línea de servicio complementaria,Oriente Medio,2,Middle East,United Arab Emirates,ARE,39
Appsnado,https://appsnado.com,"Mount Laurel Township, NJ","$10,000+",$50 - $99 / hr,50 - 249,10%,Mount Laurel Township,NJ,USA,Informado,Informado,249,50 - 249,Empresa mediana/ SME,SMB,AI Service residual,Empresa diversificada cuya participación de IA es limitada o residual,América del Norte,2,North America,USA,USA,917
Makers'Den,http://makersden.io,"Berlin, Germany","$10,000+",$50 - $99 / hr,2 - 9,15%,Berlin,,Germany,Informado,Informado,9,2 - 9,Micro Empresa,SMB,AI Service residual,Empresa diversificada cuya participación de IA es limitada o residual,Europa,2,Europe,Germany,DEU,47
EastgateSoftwareJSC,http://www.eastgate-software.com/,"Hanoi, Vietnam","$10,000+",$25 - $49 / hr,50 - 249,20%,Hanoi,,Vietnam,Informado,Informado,249,50 - 249,Empresa mediana/ SME,SMB,AI Service complementary, Empresa diversificada que ofrece IA como una línea de servicio complementaria,Asia,2,Asia,Vietnam,VNM,29
MatrixMarketers,https://www.matrixmarketers.com,"New York, NY","$10,000+",$25 - $49 / hr,50 - 249,15%,New York,NY,USA,Informado,Informado,249,50 - 249,Empresa mediana/ SME,SMB,AI Service residual,Empresa diversificada cuya participación de IA es limitada o residual,América del Norte,2,North America,USA,USA,917
SuitedSoft,https://suitedsoft.com/,"Warszawa, Poland","$10,000+",$25 - $49 / hr,2 - 9,40%,Warszawa,,Poland,Informado,Informado,9,2 - 9,Micro Empresa,SMB,AI Service complementary, Empresa diversificada que ofrece IA como una línea de servicio complementaria,Europa,2,Europe,Poland,POL,147
HealthSamurai,http://health-samurai.io,"Manhattan Beach, CA","$10,000+",$50 - $99 / hr,10 - 49,20%,Manhattan Beach,CA,USA,Informado,Informado,49,10 - 49,Empresa pequeña ,SMB,AI Service complementary, Empresa diversificada que ofrece IA como una línea de servicio complementaria,América del Norte,2,North America,USA,USA,917
Exponentia.ai,https://www.exponentia.ai/,"Mumbai, India",Undisclosed,Undisclosed,50 - 249,20%,Mumbai,,India,No informado,No informado,249,50 - 249,Empresa mediana/ SME,SMB,AI Service complementary, Empresa diversificada que ofrece IA como una línea de servicio complementaria,Asia,0,Asia,India,IND,441
StaunchsysITServicesPvt.Ltd.,https://www.staunchsys.com/,"Ahmedabad, India","$5,000+",$25 - $49 / hr,10 - 49,25%,Ahmedabad,,India,Informado,Informado,49,10 - 49,Empresa pequeña ,SMB,AI Service complementary, Empresa diversificada que ofrece IA como una línea de servicio complementaria,Asia,2,Asia,India,IND,441
SNDKCorp,http://sndkcorp.com,"Ahmedabad, India","$1,000+",$25 - $49 / hr,10 - 49,20%,Ahmedabad,,India,Informado,Informado,49,10 - 49,Empresa pequeña ,SMB,AI Service complementary, Empresa diversificada que ofrece IA como una línea de servicio complementaria,Asia,2,Asia,India,IND,441
Whiteastersp.zo.o.,http://whiteaster.com,"Chorzów, Poland","$100,000+",$100 - $149 / hr,10 - 49,20%,Chorzów,,Poland,Informado,Informado,49,10 - 49,Empresa pequeña ,SMB,AI Service complementary, Empresa diversificada que ofrece IA como una línea de servicio complementaria,Europa,2,Europe,Poland,POL,147
AvantgardeLabs,https://avantgarde-labs.com,"Dresden, Germany","$10,000+",$100 - $149 / hr,50 - 249,15%,Dresden,,Germany,Informado,Informado,249,50 - 249,Empresa mediana/ SME,SMB,AI Service residual,Empresa diversificada cuya participación de IA es limitada o residual,Europa,2,Europe,Germany,DEU,47
"OctavianTechnologyGroup,LLC",http://www.octaviantg.com/,"Brookfield, WI","$10,000+",$150 - $199 / hr,2 - 9,20%,Brookfield,WI,USA,Informado,Informado,9,2 - 9,Micro Empresa,SMB,AI Service complementary, Empresa diversificada que ofrece IA como una línea de servicio complementaria,América del Norte,2,North America,USA,USA,917
SmartTech,https://smartnlg.com/,"Beograd, Serbia","$10,000+",$50 - $99 / hr,10 - 49,30%,Beograd,,Serbia,Informado,Informado,49,10 - 49,Empresa pequeña ,SMB,AI Service complementary, Empresa diversificada que ofrece IA como una línea de servicio complementaria,Europa,2,Europe,Serbia,SRB,13
MasterBorn,http://masterborn.com,"Austin, TX","$50,000+",$50 - $99 / hr,50 - 249,10%,Austin,TX,USA,Informado,Informado,249,50 - 249,Empresa mediana/ SME,SMB,AI Service residual,Empresa diversificada cuya participación de IA es limitada o residual,América del Norte,2,North America,USA,USA,917
EquinoxIS,https://www.equinox.is/,"London, United Kingdom","$10,000+",$50 - $99 / hr,10 - 49,20%,London,,United Kingdom,Informado,Informado,49,10 - 49,Empresa pequeña ,SMB,AI Service complementary, Empresa diversificada que ofrece IA como una línea de servicio complementaria,Europa,2,Europe,United Kingdom,GBR,304
YodelTechnologies,http://www.yodelvoice.com/,"St. George, UT","$5,000+",$50 - $99 / hr,10 - 49,20%,St. George,UT,USA,Informado,Informado,49,10 - 49,Empresa pequeña ,SMB,AI Service complementary, Empresa diversificada que ofrece IA como una línea de servicio complementaria,América del Norte,2,North America,USA,USA,917
DatBI,https://datbi.eu/,"Warszawa, Poland","$5,000+",$25 - $49 / hr,10 - 49,15%,Warszawa,,Poland,Informado,Informado,49,10 - 49,Empresa pequeña ,SMB,AI Service residual,Empresa diversificada cuya participación de IA es limitada o residual,Europa,2,Europe,Poland,POL,147
definition8,http://www.definition8.com,"Zagreb, Croatia","$5,000+",$50 - $99 / hr,2 - 9,20%,Zagreb,,Croatia,Informado,Informado,9,2 - 9,Micro Empresa,SMB,AI Service complementary, Empresa diversificada que ofrece IA como una línea de servicio complementaria,Europa,2,Europe,Croatia,HRV,17
AppImpact,https://www.appimpact.ba,"Sarajevo, Bosnia and Herzegovina","$5,000+",$25 - $49 / hr,10 - 49,20%,Sarajevo,,Bosnia and Herzegovina,Informado,Informado,49,10 - 49,Empresa pequeña ,SMB,AI Service complementary, Empresa diversificada que ofrece IA como una línea de servicio complementaria,Europa,2,Europe,Bosnia and Herzegovina,BIH,5
SoftwareService&Innovation,https://software-innovation.ch/,"Bernex, Switzerland","$1,000+",$25 - $49 / hr,10 - 49,15%,Bernex,,Switzerland,Informado,Informado,49,10 - 49,Empresa pequeña ,SMB,AI Service residual,Empresa diversificada cuya participación de IA es limitada o residual,Europa,2,Europe,Switzerland,CHE,21
VTRIOSolutions,http://www.vtrio.com,"Austin, TX","$5,000+",< $25 / hr,10 - 49,20%,Austin,TX,USA,Informado,Informado,49,10 - 49,Empresa pequeña ,SMB,AI Service complementary, Empresa diversificada que ofrece IA como una línea de servicio complementaria,América del Norte,2,North America,USA,USA,917
WebFactoryLLC,http://webfactory.mk,"Skopje, North Macedonia","$10,000+",$25 - $49 / hr,50 - 249,10%,Skopje,,North Macedonia,Informado,Informado,249,50 - 249,Empresa mediana/ SME,SMB,AI Service residual,Empresa diversificada cuya participación de IA es limitada o residual,Europa,2,Europe,North Macedonia,MKD,7
GambixLLC,http://gambixit.com,"Sheridan, WY","$1,000+",$50 - $99 / hr,2 - 9,20%,Sheridan,WY,USA,Informado,Informado,9,2 - 9,Micro Empresa,SMB,AI Service complementary, Empresa diversificada que ofrece IA como una línea de servicio complementaria,América del Norte,2,North America,USA,USA,917
Hardsun,https://hardsun.eu,"Prague, Czech Republic","$50,000+",$50 - $99 / hr,10 - 49,20%,Prague,,Czech Republic,Informado,Informado,49,10 - 49,Empresa pequeña ,SMB,AI Service complementary, Empresa diversificada que ofrece IA como una línea de servicio complementaria,Europa,2,Europe,Czech Republic,CZE,24
AppWell.Health,https://appwell.health/,"Lviv, Ukraine","$5,000+",$25 - $49 / hr,10 - 49,20%,Lviv,,Ukraine,Informado,Informado,49,10 - 49,Empresa pequeña ,SMB,AI Service complementary, Empresa diversificada que ofrece IA como una línea de servicio complementaria,Europa,2,Europe,Ukraine,UKR,92
DataProSoftware,https://dataprocorp.tech,"Kyiv, Ukraine","$10,000+",$25 - $49 / hr,10 - 49,10%,Kyiv,,Ukraine,Informado,Informado,49,10 - 49,Empresa pequeña ,SMB,AI Service residual,Empresa diversificada cuya participación de IA es limitada o residual,Europa,2,Europe,Ukraine,UKR,92
SunveraSoftware,https://sunverasoftware.com,"Irvine, CA","$50,000+",$50 - $99 / hr,10 - 49,10%,Irvine,CA,USA,Informado,Informado,49,10 - 49,Empresa pequeña ,SMB,AI Service residual,Empresa diversificada cuya participación de IA es limitada o residual,América del Norte,2,North America,USA,USA,917
AppRocket,https://www.approcket.co,"Lahore, Pakistan","$5,000+",$25 - $49 / hr,10 - 49,25%,Lahore,,Pakistan,Informado,Informado,49,10 - 49,Empresa pequeña ,SMB,AI Service complementary, Empresa diversificada que ofrece IA como una línea de servicio complementaria,Asia,2,Asia,Pakistan,PAK,61
TrendLine,https://trendlineglobal.net/,"Kyiv, Ukraine","$10,000+",$25 - $49 / hr,50 - 249,10%,Kyiv,,Ukraine,Informado,Informado,249,50 - 249,Empresa mediana/ SME,SMB,AI Service residual,Empresa diversificada cuya participación de IA es limitada o residual,Europa,2,Europe,Ukraine,UKR,92
BelichbergGmbH,https://belichberg.com/,"Wien, Austria","$5,000+",$100 - $149 / hr,10 - 49,10%,Wien,,Austria,Informado,Informado,49,10 - 49,Empresa pequeña ,SMB,AI Service residual,Empresa diversificada cuya participación de IA es limitada o residual,Europa,2,Europe,Austria,AUT,4
DEIP,https://deip.world/,"San Francisco, CA","$5,000+",$50 - $99 / hr,10 - 49,20%,San Francisco,CA,USA,Informado,Informado,49,10 - 49,Empresa pequeña ,SMB,AI Service complementary, Empresa diversificada que ofrece IA como una línea de servicio complementaria,América del Norte,2,North America,USA,USA,917
Barrage,https://www.barrage.net/,"Osijek, Croatia","$10,000+",$50 - $99 / hr,50 - 249,10%,Osijek,,Croatia,Informado,Informado,249,50 - 249,Empresa mediana/ SME,SMB,AI Service residual,Empresa diversificada cuya participación de IA es limitada o residual,Europa,2,Europe,Croatia,HRV,17
Nabler,http://www.nabler.com/,"New York, NY","$25,000+",$100 - $149 / hr,50 - 249,10%,New York,NY,USA,Informado,Informado,249,50 - 249,Empresa mediana/ SME,SMB,AI Service residual,Empresa diversificada cuya participación de IA es limitada o residual,América del Norte,2,North America,USA,USA,917
madebynorth,https://madebynorth.com,"Novi Sad, Serbia","$5,000+",$150 - $199 / hr,2 - 9,10%,Novi Sad,,Serbia,Informado,Informado,9,2 - 9,Micro Empresa,SMB,AI Service residual,Empresa diversificada cuya participación de IA es limitada o residual,Europa,2,Europe,Serbia,SRB,13
ICterra,http://www.icterra.com,"ANKARA, Turkey","$10,000+",< $25 / hr,50 - 249,10%,ANKARA,,Turkey,Informado,Informado,249,50 - 249,Empresa mediana/ SME,SMB,AI Service residual,Empresa diversificada cuya participación de IA es limitada o residual,Asia,2,Asia,Turkey,TUR,18
QuantCoding,https://quantcoding.com,"Demir Hisar, North Macedonia","$1,000+",$25 - $49 / hr,2 - 9,30%,Demir Hisar,,North Macedonia,Informado,Informado,9,2 - 9,Micro Empresa,SMB,AI Service complementary, Empresa diversificada que ofrece IA como una línea de servicio complementaria,Europa,2,Europe,North Macedonia,MKD,7
EdenTechLabs,https://www.edentechlabs.io,"Sofia, Bulgaria","$10,000+",$50 - $99 / hr,10 - 49,10%,Sofia,,Bulgaria,Informado,Informado,49,10 - 49,Empresa pequeña ,SMB,AI Service residual,Empresa diversificada cuya participación de IA es limitada o residual,Europa,2,Europe,Bulgaria,BGR,20
Venovis,http://venovis.com,"Port Coquitlam, Canada","$25,000+",$100 - $149 / hr,2 - 9,25%,Port Coquitlam,,Canada,Informado,Informado,9,2 - 9,Micro Empresa,SMB,AI Service complementary, Empresa diversificada que ofrece IA como una línea de servicio complementaria,América del Norte,2,North America,Canada,CAN,126
HiveTech,https://www.hivetech.hr/,"Zagreb, Croatia","$10,000+",$25 - $49 / hr,10 - 49,10%,Zagreb,,Croatia,Informado,Informado,49,10 - 49,Empresa pequeña ,SMB,AI Service residual,Empresa diversificada cuya participación de IA es limitada o residual,Europa,2,Europe,Croatia,HRV,17
Testinium,https://www.testinium.com/,"Istanbul, Turkey","$100,000+",$50 - $99 / hr,250 - 999,10%,Istanbul,,Turkey,Informado,Informado,999,250 - 999,Empresa grande/fuera SME,Mid-market,AI Service residual,Empresa diversificada cuya participación de IA es limitada o residual,Asia,2,Asia,Turkey,TUR,18
RNSSolutions,https://www.rnssol.com,"Islamabad, Pakistan","$10,000+",$50 - $99 / hr,50 - 249,10%,Islamabad,,Pakistan,Informado,Informado,249,50 - 249,Empresa mediana/ SME,SMB,AI Service residual,Empresa diversificada cuya participación de IA es limitada o residual,Asia,2,Asia,Pakistan,PAK,61
AlgoRepublic,http://www.algorepublic.com/,"Lahore, Pakistan","$10,000+",$25 - $49 / hr,50 - 249,15%,Lahore,,Pakistan,Informado,Informado,249,50 - 249,Empresa mediana/ SME,SMB,AI Service residual,Empresa diversificada cuya participación de IA es limitada o residual,Asia,2,Asia,Pakistan,PAK,61
Thaumatec,http://www.thaumatec.com,"Wrocław, Poland","$10,000+",$25 - $49 / hr,50 - 249,15%,Wrocław,,Poland,Informado,Informado,249,50 - 249,Empresa mediana/ SME,SMB,AI Service residual,Empresa diversificada cuya participación de IA es limitada o residual,Europa,2,Europe,Poland,POL,147
TelexarTechnologies,http://www.telexarsoftware.com,"Auckland, New Zealand","$1,000+",< $25 / hr,10 - 49,20%,Auckland,,New Zealand,Informado,Informado,49,10 - 49,Empresa pequeña ,SMB,AI Service complementary, Empresa diversificada que ofrece IA como una línea de servicio complementaria,Oceanía,2,Oceania,New Zealand,NZL,4
RMgXTechnologiesLLP,https://www.rmgx.in/,"Gurugram, India","$10,000+",$25 - $49 / hr,10 - 49,30%,Gurugram,,India,Informado,Informado,49,10 - 49,Empresa pequeña ,SMB,AI Service complementary, Empresa diversificada que ofrece IA como una línea de servicio complementaria,Asia,2,Asia,India,IND,441
SignitySolutions,http://www.signitysolutions.com/,"Chandigarh, India","$10,000+",$25 - $49 / hr,50 - 249,10%,Chandigarh,,India,Informado,Informado,249,50 - 249,Empresa mediana/ SME,SMB,AI Service residual,Empresa diversificada cuya participación de IA es limitada o residual,Asia,2,Asia,India,IND,441
InboundMuse,http://www.inboundmuse.com,"Ħaż-Żabbar, Malta","$10,000+",$25 - $49 / hr,2 - 9,25%,Ħaż-Żabbar,,Malta,Informado,Informado,9,2 - 9,Micro Empresa,SMB,AI Service complementary, Empresa diversificada que ofrece IA como una línea de servicio complementaria,Europa,2,Europe,Malta,MLT,2
IntellectyxInc,https://www.intellectyx.com/,"Denver, CO","$25,000+",$25 - $49 / hr,50 - 249,20%,Denver,CO,USA,Informado,Informado,249,50 - 249,Empresa mediana/ SME,SMB,AI Service complementary, Empresa diversificada que ofrece IA como una línea de servicio complementaria,América del Norte,2,North America,USA,USA,917
StoryofAMS,https://storyofams.com/how-we-work,"Amsterdam, North Holland, Países Bajos","$10,000+",$100 - $149 / hr,10 - 49,15%,Amsterdam,North Holland,Netherlands,Informado,Informado,49,10 - 49,Empresa pequeña ,SMB,AI Service residual,Empresa diversificada cuya participación de IA es limitada o residual,Europa,2,Europe,Netherlands,NLD,26
MassiveInsightsInc.,http://massiveinsights.com,"Toronto, Canada",Undisclosed,Undisclosed,50 - 249,25%,Toronto,,Canada,No informado,No informado,249,50 - 249,Empresa mediana/ SME,SMB,AI Service complementary, Empresa diversificada que ofrece IA como una línea de servicio complementaria,América del Norte,0,North America,Canada,CAN,126
GlobalVox,https://www.globalvoxinc.com/,"Herndon, VA","$5,000+",$25 - $49 / hr,50 - 249,10%,Herndon,VA,USA,Informado,Informado,249,50 - 249,Empresa mediana/ SME,SMB,AI Service residual,Empresa diversificada cuya participación de IA es limitada o residual,América del Norte,2,North America,USA,USA,917
Jiratech,https://jiratech.com,"București, Romania","$10,000+",$50 - $99 / hr,10 - 49,20%,București,,Romania,Informado,Informado,49,10 - 49,Empresa pequeña ,SMB,AI Service complementary, Empresa diversificada que ofrece IA como una línea de servicio complementaria,Europa,2,Europe,Romania,ROU,27
RPAConsulting,https://rpa.bg,"Sofia, Bulgaria","$5,000+",$200 - $300 / hr,10 - 49,15%,Sofia,,Bulgaria,Informado,Informado,49,10 - 49,Empresa pequeña ,SMB,AI Service residual,Empresa diversificada cuya participación de IA es limitada o residual,Europa,2,Europe,Bulgaria,BGR,20
GtenConsultancyDigitalPvt.Ltd.,http://g10consultancy.com,"Mumbai, India",Undisclosed,< $25 / hr,10 - 49,10%,Mumbai,,India,No informado,Informado,49,10 - 49,Empresa pequeña ,SMB,AI Service residual,Empresa diversificada cuya participación de IA es limitada o residual,Asia,1,Asia,India,IND,441
Pragmile,http://www.pragmile.com,"Warszawa, Poland","$25,000+",$25 - $49 / hr,50 - 249,30%,Warszawa,,Poland,Informado,Informado,249,50 - 249,Empresa mediana/ SME,SMB,AI Service complementary, Empresa diversificada que ofrece IA como una línea de servicio complementaria,Europa,2,Europe,Poland,POL,147
ZRIX,https://www.zrix.com/,"Raleigh, NC","$10,000+",$50 - $99 / hr,10 - 49,10%,Raleigh,NC,USA,Informado,Informado,49,10 - 49,Empresa pequeña ,SMB,AI Service residual,Empresa diversificada cuya participación de IA es limitada o residual,América del Norte,2,North America,USA,USA,917
Postdata,https://postdata.ai/,"Kyiv, Ukraine","$10,000+",$50 - $99 / hr,2 - 9,30%,Kyiv,,Ukraine,Informado,Informado,9,2 - 9,Micro Empresa,SMB,AI Service complementary, Empresa diversificada que ofrece IA como una línea de servicio complementaria,Europa,2,Europe,Ukraine,UKR,92
MicroSolutions,http://www.microsolutions.ai,"Wrocław, Poland","$25,000+",$50 - $99 / hr,50 - 249,20%,Wrocław,,Poland,Informado,Informado,249,50 - 249,Empresa mediana/ SME,SMB,AI Service complementary, Empresa diversificada que ofrece IA como una línea de servicio complementaria,Europa,2,Europe,Poland,POL,147
MellivoraSoftware,https://www.mellivorasoft.com/,Ukraine,"$5,000+",$25 - $49 / hr,2 - 9,25%,Ukraine,,Ukraine,Informado,Informado,9,2 - 9,Micro Empresa,SMB,AI Service complementary, Empresa diversificada que ofrece IA como una línea de servicio complementaria,Europa,2,Europe,Ukraine,UKR,92
ShrewdifyTechnologies,http://www.shrewdify.com,"Champapet, India","$5,000+",$25 - $49 / hr,250 - 999,10%,Champapet,,India,Informado,Informado,999,250 - 999,Empresa grande/fuera SME,Mid-market,AI Service residual,Empresa diversificada cuya participación de IA es limitada o residual,Asia,2,Asia,India,IND,441
BeyondKey,http://www.beyondkey.com,"Chicago, IL","$5,000+",$25 - $49 / hr,250 - 999,10%,Chicago,IL,USA,Informado,Informado,999,250 - 999,Empresa grande/fuera SME,Mid-market,AI Service residual,Empresa diversificada cuya participación de IA es limitada o residual,América del Norte,2,North America,USA,USA,917
TekdiTechnologiesPvt.Ltd.,https://tekdi.net,"Lexington, MA","$10,000+",$25 - $49 / hr,50 - 249,10%,Lexington,MA,USA,Informado,Informado,249,50 - 249,Empresa mediana/ SME,SMB,AI Service residual,Empresa diversificada cuya participación de IA es limitada o residual,América del Norte,2,North America,USA,USA,917
CodePillow,https://codepillow.io,"L'viv, Ukraine","$5,000+",$25 - $49 / hr,2 - 9,10%,L'viv,,Ukraine,Informado,Informado,9,2 - 9,Micro Empresa,SMB,AI Service residual,Empresa diversificada cuya participación de IA es limitada o residual,Europa,2,Europe,Ukraine,UKR,92
ThetaOne,http://thetaonelab.com,"Kolkata, India","$1,000+",< $25 / hr,10 - 49,40%,Kolkata,,India,Informado,Informado,49,10 - 49,Empresa pequeña ,SMB,AI Service complementary, Empresa diversificada que ofrece IA como una línea de servicio complementaria,Asia,2,Asia,India,IND,441
SaaSberryInnovationLaboratoriesLtd.,http://www.saasberrylabs.com,"Vancouver, Canada","$5,000+",$100 - $149 / hr,2 - 9,25%,Vancouver,,Canada,Informado,Informado,9,2 - 9,Micro Empresa,SMB,AI Service complementary, Empresa diversificada que ofrece IA como una línea de servicio complementaria,América del Norte,2,North America,Canada,CAN,126
SpesRobotics,https://spes.ai/,"Belgrade, Serbia","$5,000+",$50 - $99 / hr,Freelancer,33%,Belgrade,,Serbia,Informado,Informado,0,No informado,No aplica,Freelancer,AI Service complementary, Empresa diversificada que ofrece IA como una línea de servicio complementaria,Europa,2,Europe,Serbia,SRB,13
AliTechSolutions,https://alitech.io,"Karachi, Pakistan",Undisclosed,< $25 / hr,2 - 9,10%,Karachi,,Pakistan,No informado,Informado,9,2 - 9,Micro Empresa,SMB,AI Service residual,Empresa diversificada cuya participación de IA es limitada o residual,Asia,1,Asia,Pakistan,PAK,61
Quanam,https://www.quanam.com/,"Montevideo, Uruguay","$50,000+",$50 - $99 / hr,50 - 249,10%,Montevideo,,Uruguay,Informado,Informado,249,50 - 249,Empresa mediana/ SME,SMB,AI Service residual,Empresa diversificada cuya participación de IA es limitada o residual,América del Sur,2,South America,Uruguay,URY,22
PAYGAppsInc.,https://www.paygapps.com/,"Los Angeles, CA","$5,000+",$25 - $49 / hr,50 - 249,10%,Los Angeles,CA,USA,Informado,Informado,249,50 - 249,Empresa mediana/ SME,SMB,AI Service residual,Empresa diversificada cuya participación de IA es limitada o residual,América del Norte,2,North America,USA,USA,917
QuantilusInnovationInc.,https://quantilus.com/,"New York, NY","$5,000+",Undisclosed,50 - 249,10%,New York,NY,USA,Informado,No informado,249,50 - 249,Empresa mediana/ SME,SMB,AI Service residual,Empresa diversificada cuya participación de IA es limitada o residual,América del Norte,1,North America,USA,USA,917
AcquiscentTechnologiesPvt.Ltd.,http://www.acquiscent.com,"Pune, India","$10,000+",< $25 / hr,10 - 49,20%,Pune,,India,Informado,Informado,49,10 - 49,Empresa pequeña ,SMB,AI Service complementary, Empresa diversificada que ofrece IA como una línea de servicio complementaria,Asia,2,Asia,India,IND,441
Azympto,https://www.azympto.com/software-development,"Bengaluru, India","$10,000+",Undisclosed,10 - 49,10%,Bengaluru,,India,Informado,No informado,49,10 - 49,Empresa pequeña ,SMB,AI Service residual,Empresa diversificada cuya participación de IA es limitada o residual,Asia,1,Asia,India,IND,441
PolosoftTechnologies,https://www.polosoftech.com/,"Essex, MD","$1,000+",$25 - $49 / hr,50 - 249,10%,Essex,MD,USA,Informado,Informado,249,50 - 249,Empresa mediana/ SME,SMB,AI Service residual,Empresa diversificada cuya participación de IA es limitada o residual,América del Norte,2,North America,USA,USA,917
EcognitionLabs,https://www.ecognitionlabs.com,"Irvine, CA","$25,000+",$100 - $149 / hr,10 - 49,40%,Irvine,CA,USA,Informado,Informado,49,10 - 49,Empresa pequeña ,SMB,AI Service complementary, Empresa diversificada que ofrece IA como una línea de servicio complementaria,América del Norte,2,North America,USA,USA,917
DxMindsInnovationLabsPvtLtd,https://dxminds.com,"Bengaluru, India","$10,000+",$25 - $49 / hr,250 - 999,10%,Bengaluru,,India,Informado,Informado,999,250 - 999,Empresa grande/fuera SME,Mid-market,AI Service residual,Empresa diversificada cuya participación de IA es limitada o residual,Asia,2,Asia,India,IND,441
ShortHillsTech,http://www.shorthillstech.com,"Shorthills, NJ","$25,000+",< $25 / hr,50 - 249,10%,Shorthills,NJ,USA,Informado,Informado,249,50 - 249,Empresa mediana/ SME,SMB,AI Service residual,Empresa diversificada cuya participación de IA es limitada o residual,América del Norte,2,North America,USA,USA,917
MutekiGroup,https://www.mutekigroup.com/,"Kharkiv, Ukraine","$5,000+",$25 - $49 / hr,50 - 249,20%,Kharkiv,,Ukraine,Informado,Informado,249,50 - 249,Empresa mediana/ SME,SMB,AI Service complementary, Empresa diversificada que ofrece IA como una línea de servicio complementaria,Europa,2,Europe,Ukraine,UKR,92
MultipzTechnology,https://www.multipz.com/,"Ahmedabad, India","$1,000+",$25 - $49 / hr,10 - 49,10%,Ahmedabad,,India,Informado,Informado,49,10 - 49,Empresa pequeña ,SMB,AI Service residual,Empresa diversificada cuya participación de IA es limitada o residual,Asia,2,Asia,India,IND,441
EZMID,https://www.ezmid.com,"Zilina, Slovakia","$10,000+",$50 - $99 / hr,10 - 49,10%,Zilina,,Slovakia,Informado,Informado,49,10 - 49,Empresa pequeña ,SMB,AI Service residual,Empresa diversificada cuya participación de IA es limitada o residual,Europa,2,Europe,Slovakia,SVK,5
SatelliteInnovations,https://www.satelliteinnovations.io,"New York, NY","$25,000+",Undisclosed,10 - 49,15%,New York,NY,USA,Informado,No informado,49,10 - 49,Empresa pequeña ,SMB,AI Service residual,Empresa diversificada cuya participación de IA es limitada o residual,América del Norte,1,North America,USA,USA,917
CloudBrigade,http://www.cloudbrigade.com,"Santa Cruz, CA","$10,000+",$150 - $199 / hr,2 - 9,15%,Santa Cruz,CA,USA,Informado,Informado,9,2 - 9,Micro Empresa,SMB,AI Service residual,Empresa diversificada cuya participación de IA es limitada o residual,América del Norte,2,North America,USA,USA,917
Vilantis,https://vilantis.ai,"Vilnius, Lithuania","$10,000+",$50 - $99 / hr,10 - 49,15%,Lithuania,,Lithuania,Informado,Informado,49,10 - 49,Empresa pequeña ,SMB,AI Service residual,Empresa diversificada cuya participación de IA es limitada o residual,Europa,2,Europe,Lithuania,LTU,12
Ensitech,https://www.ensitech.com/,"Monterrey, Mexico","$10,000+",$25 - $49 / hr,50 - 249,10%,Monterrey,,Mexico,Informado,Informado,249,50 - 249,Empresa mediana/ SME,SMB,AI Service residual,Empresa diversificada cuya participación de IA es limitada o residual,América del Norte,2,North America,Mexico,MEX,31
KockpitAnalytics,http://www.kockpit.in,"New Delhi, India","$1,000+",Undisclosed,50 - 249,15%,New Delhi,,India,Informado,No informado,249,50 - 249,Empresa mediana/ SME,SMB,AI Service residual,Empresa diversificada cuya participación de IA es limitada o residual,Asia,1,Asia,India,IND,441
StackSummation,http://www.stacksummation.com,"Ahmedabad, India","$25,000+",$25 - $49 / hr,10 - 49,20%,Ahmedabad,,India,Informado,Informado,49,10 - 49,Empresa pequeña ,SMB,AI Service complementary, Empresa diversificada que ofrece IA como una línea de servicio complementaria,Asia,2,Asia,India,IND,441
CROSS,https://crossbm.com,"Warszawa, Poland","$5,000+",$50 - $99 / hr,50 - 249,15%,Warszawa,,Poland,Informado,Informado,249,50 - 249,Empresa mediana/ SME,SMB,AI Service residual,Empresa diversificada cuya participación de IA es limitada o residual,Europa,2,Europe,Poland,POL,147
ClearScale,https://www.clearscale.com/,"San Francisco, CA",Undisclosed,Undisclosed,50 - 249,10%,San Francisco,CA,USA,No informado,No informado,249,50 - 249,Empresa mediana/ SME,SMB,AI Service residual,Empresa diversificada cuya participación de IA es limitada o residual,América del Norte,0,North America,USA,USA,917
Bayteq,https://www.bayteq.com,"Quito, Ecuador","$5,000+",$50 - $99 / hr,50 - 249,10%,Quito,,Ecuador,Informado,Informado,249,50 - 249,Empresa mediana/ SME,SMB,AI Service residual,Empresa diversificada cuya participación de IA es limitada o residual,América del Sur,2,South America,Ecuador,ECU,6
BrunoDevelopment,https://brunodevelopment.com/,"Zaporizhzhia, Ukraine","$10,000+",$50 - $99 / hr,2 - 9,30%,Zaporizhzhia,,Ukraine,Informado,Informado,9,2 - 9,Micro Empresa,SMB,AI Service complementary, Empresa diversificada que ofrece IA como una línea de servicio complementaria,Europa,2,Europe,Ukraine,UKR,92
Supl.aiAnalytics,https://www.supl.ai/,"Bengaluru, India","$1,000+",$50 - $99 / hr,2 - 9,20%,Bengaluru,,India,Informado,Informado,9,2 - 9,Micro Empresa,SMB,AI Service complementary, Empresa diversificada que ofrece IA como una línea de servicio complementaria,Asia,2,Asia,India,IND,441
Storypoint,http://storypoint.team,"Kyiv, Ukraine","$5,000+",$25 - $49 / hr,2 - 9,20%,Kyiv,,Ukraine,Informado,Informado,9,2 - 9,Micro Empresa,SMB,AI Service complementary, Empresa diversificada que ofrece IA como una línea de servicio complementaria,Europa,2,Europe,Ukraine,UKR,92
ThinkLuna,https://www.thinkluna.ca/,"Toronto, Canada","$1,000+",$150 - $199 / hr,2 - 9,20%,Toronto,,Canada,Informado,Informado,9,2 - 9,Micro Empresa,SMB,AI Service complementary, Empresa diversificada que ofrece IA como una línea de servicio complementaria,América del Norte,2,North America,Canada,CAN,126
texol,https://www.texolworld.com,"Aluva, India","$10,000+",< $25 / hr,10 - 49,20%,Aluva,,India,Informado,Informado,49,10 - 49,Empresa pequeña ,SMB,AI Service complementary, Empresa diversificada que ofrece IA como una línea de servicio complementaria,Asia,2,Asia,India,IND,441
TechStriker,http://www.techstriker.com,"Sahibzada Ajit Singh Nagar, India","$1,000+",< $25 / hr,2 - 9,10%,Sahibzada Ajit Singh Nagar,,India,Informado,Informado,9,2 - 9,Micro Empresa,SMB,AI Service residual,Empresa diversificada cuya participación de IA es limitada o residual,Asia,2,Asia,India,IND,441
Match.dev,https://www.match.dev/,"New York, NY","$1,000+",$50 - $99 / hr,50 - 249,10%,New York,NY,USA,Informado,Informado,249,50 - 249,Empresa mediana/ SME,SMB,AI Service residual,Empresa diversificada cuya participación de IA es limitada o residual,América del Norte,2,North America,USA,USA,917
PlaxonicTechnologies,http://www.plaxonic.com/,"Noida, India","$1,000+",< $25 / hr,50 - 249,10%,Noida,,India,Informado,Informado,249,50 - 249,Empresa mediana/ SME,SMB,AI Service residual,Empresa diversificada cuya participación de IA es limitada o residual,Asia,2,Asia,India,IND,441
Slashdev,https://slashdev.io,"Winter Park, FL","$10,000+",< $25 / hr,10 - 49,10%,Winter Park,FL,USA,Informado,Informado,49,10 - 49,Empresa pequeña ,SMB,AI Service residual,Empresa diversificada cuya participación de IA es limitada o residual,América del Norte,2,North America,USA,USA,917
PolianceSoftwareDevelopment,http://www.poliance.com,"Boston, MA","$1,000+",$50 - $99 / hr,250 - 999,10%,Boston,MA,USA,Informado,Informado,999,250 - 999,Empresa grande/fuera SME,Mid-market,AI Service residual,Empresa diversificada cuya participación de IA es limitada o residual,América del Norte,2,North America,USA,USA,917
HenoteTechnologies,http://www.Henote.com,"Washington D.C., WA","$5,000+",$25 - $49 / hr,10 - 49,10%,Washington D.C.,WA,USA,Informado,Informado,49,10 - 49,Empresa pequeña ,SMB,AI Service residual,Empresa diversificada cuya participación de IA es limitada o residual,América del Norte,2,North America,USA,USA,917
AegasisLabs,http://www.aegasislabs.com/,"London, United Kingdom","$5,000+",$50 - $99 / hr,2 - 9,40%,London,,United Kingdom,Informado,Informado,9,2 - 9,Micro Empresa,SMB,AI Service complementary, Empresa diversificada que ofrece IA como una línea de servicio complementaria,Europa,2,Europe,United Kingdom,GBR,304
IdeofuzionPvtLtd.,https://ideofuzion.com/,"Islamabad, Pakistan","$5,000+",$25 - $49 / hr,10 - 49,15%,Islamabad,,Pakistan,Informado,Informado,49,10 - 49,Empresa pequeña ,SMB,AI Service residual,Empresa diversificada cuya participación de IA es limitada o residual,Asia,2,Asia,Pakistan,PAK,61
WebdevelopPRO,https://webdevelop.pro,"San Francisco, CA","$25,000+",$50 - $99 / hr,10 - 49,10%,San Francisco,CA,USA,Informado,Informado,49,10 - 49,Empresa pequeña ,SMB,AI Service residual,Empresa diversificada cuya participación de IA es limitada o residual,América del Norte,2,North America,USA,USA,917
Visiqua,http://Visiqua.com,"Boulder, CO","$250,000+",$100 - $149 / hr,10 - 49,15%,Boulder,CO,USA,Informado,Informado,49,10 - 49,Empresa pequeña ,SMB,AI Service residual,Empresa diversificada cuya participación de IA es limitada o residual,América del Norte,2,North America,USA,USA,917
DataeazeSystems,http://www.dataeaze.io/,"Pune, India","$10,000+",$25 - $49 / hr,10 - 49,12%,Pune,,India,Informado,Informado,49,10 - 49,Empresa pequeña ,SMB,AI Service residual,Empresa diversificada cuya participación de IA es limitada o residual,Asia,2,Asia,India,IND,441
BetaAcid,https://betaacid.co,"New York, NY","$50,000+",$150 - $199 / hr,10 - 49,10%,New York,NY,USA,Informado,Informado,49,10 - 49,Empresa pequeña ,SMB,AI Service residual,Empresa diversificada cuya participación de IA es limitada o residual,América del Norte,2,North America,USA,USA,917
AeyronTechnologies(PVT)Ltd.,https://aeyron.com,"Islamabad, Pakistan","$1,000+",$25 - $49 / hr,2 - 9,30%,Islamabad,,Pakistan,Informado,Informado,9,2 - 9,Micro Empresa,SMB,AI Service complementary, Empresa diversificada que ofrece IA como una línea de servicio complementaria,Asia,2,Asia,Pakistan,PAK,61
BRSoftechPVT.LTD.,https://www.brsoftech.com/,"Jaipur, India","$5,000+",$25 - $49 / hr,50 - 249,10%,Jaipur,,India,Informado,Informado,249,50 - 249,Empresa mediana/ SME,SMB,AI Service residual,Empresa diversificada cuya participación de IA es limitada o residual,Asia,2,Asia,India,IND,441
BitibeTechnologiesPvtLtd,https://www.bitibe.com,"Portland, OR","$5,000+",< $25 / hr,10 - 49,10%,Portland,OR,USA,Informado,Informado,49,10 - 49,Empresa pequeña ,SMB,AI Service residual,Empresa diversificada cuya participación de IA es limitada o residual,América del Norte,2,North America,USA,USA,917
MarlabsInc,https://www.marlabs.com,"Bengaluru, India","$100,000+",Undisclosed,"1,000 - 9,999",10%,Bengaluru,,India,Informado,No informado,9999,1000 - 9999,Empresa grande /fuera SM,Enterprise,AI Service residual,Empresa diversificada cuya participación de IA es limitada o residual,Asia,1,Asia,India,IND,441
DatumBrain,https://datumbrain.com,"Lahore, Pakistan","$1,000+",$25 - $49 / hr,2 - 9,20%,Lahore,,Pakistan,Informado,Informado,9,2 - 9,Micro Empresa,SMB,AI Service complementary, Empresa diversificada que ofrece IA como una línea de servicio complementaria,Asia,2,Asia,Pakistan,PAK,61
Chrisranjana.comdataengineersETLdevelopers,https://www.chrisranjana.com,"Chennai, India","$1,000+",< $25 / hr,10 - 49,10%,Chennai,,India,Informado,Informado,49,10 - 49,Empresa pequeña ,SMB,AI Service residual,Empresa diversificada cuya participación de IA es limitada o residual,Asia,2,Asia,India,IND,441
Revox,http://revox.io/,"Boston, MA","$10,000+",$25 - $49 / hr,10 - 49,10%,Boston,MA,USA,Informado,Informado,49,10 - 49,Empresa pequeña ,SMB,AI Service residual,Empresa diversificada cuya participación de IA es limitada o residual,América del Norte,2,North America,USA,USA,917
Morebis(nowDevtorium.com),https://morebis.net/,"New York, NY","$50,000+",$25 - $49 / hr,50 - 249,10%,New York,NY,USA,Informado,Informado,249,50 - 249,Empresa mediana/ SME,SMB,AI Service residual,Empresa diversificada cuya participación de IA es limitada o residual,América del Norte,2,North America,USA,USA,917
CambrianInfosystemsPvtLtd,http://kodecube.com,"Jaipur, India","$1,000+",< $25 / hr,10 - 49,10%,Jaipur,,India,Informado,Informado,49,10 - 49,Empresa pequeña ,SMB,AI Service residual,Empresa diversificada cuya participación de IA es limitada o residual,Asia,2,Asia,India,IND,441
Sparkysolution,https://sparky.science,"Samobor, Croatia","$5,000+",$50 - $99 / hr,2 - 9,20%,Samobor,,Croatia,Informado,Informado,9,2 - 9,Micro Empresa,SMB,AI Service complementary, Empresa diversificada que ofrece IA como una línea de servicio complementaria,Europa,2,Europe,Croatia,HRV,17
SoftwareSupreme,https://software-supreme.com/,"Sofia, Bulgaria","$5,000+",$50 - $99 / hr,2 - 9,20%,Sofia,,Bulgaria,Informado,Informado,9,2 - 9,Micro Empresa,SMB,AI Service complementary, Empresa diversificada que ofrece IA como una línea de servicio complementaria,Europa,2,Europe,Bulgaria,BGR,20
Skyrise.tech,https://www.skyrise.tech/,"Katowice, Poland","$25,000+",$50 - $99 / hr,50 - 249,10%,Katowice,,Poland,Informado,Informado,249,50 - 249,Empresa mediana/ SME,SMB,AI Service residual,Empresa diversificada cuya participación de IA es limitada o residual,Europa,2,Europe,Poland,POL,147
EBIS,https://powerbi.pl/,"Warszawa, Poland","$1,000+",$50 - $99 / hr,10 - 49,10%,Warszawa,,Poland,Informado,Informado,49,10 - 49,Empresa pequeña ,SMB,AI Service residual,Empresa diversificada cuya participación de IA es limitada o residual,Europa,2,Europe,Poland,POL,147
SAPPHIREINFOCOMPVTLTD,https://sapphireinfocom.com/,"Ahmedabad, India","$5,000+",< $25 / hr,10 - 49,10%,Ahmedabad,,India,Informado,Informado,49,10 - 49,Empresa pequeña ,SMB,AI Service residual,Empresa diversificada cuya participación de IA es limitada o residual,Asia,2,Asia,India,IND,441
Vooban,http://www.vooban.com,"Québec, Canada","$100,000+",$100 - $149 / hr,50 - 249,10%,Québec,,Canada,Informado,Informado,249,50 - 249,Empresa mediana/ SME,SMB,AI Service residual,Empresa diversificada cuya participación de IA es limitada o residual,América del Norte,2,North America,Canada,CAN,126
SoftnotionsTechnologiesPrivateLimited,http://www.softnotions.com/,"Kazhakkoottam, India","$10,000+",$25 - $49 / hr,50 - 249,10%,Kazhakkoottam,,India,Informado,Informado,249,50 - 249,Empresa mediana/ SME,SMB,AI Service residual,Empresa diversificada cuya participación de IA es limitada o residual,Asia,2,Asia,India,IND,441
SourceX,http://sourcex.net,"Kyiv, Ukraine","$25,000+",$25 - $49 / hr,50 - 249,10%,Kyiv,,Ukraine,Informado,Informado,249,50 - 249,Empresa mediana/ SME,SMB,AI Service residual,Empresa diversificada cuya participación de IA es limitada o residual,Europa,2,Europe,Ukraine,UKR,92
FormaxBPOBeijingInc,http://www.formax-bpo.com.cn,"Beijing, China","$1,000+",< $25 / hr,250 - 999,25%,Beijing,,China,Informado,Informado,999,250 - 999,Empresa grande/fuera SME,Mid-market,AI Service complementary, Empresa diversificada que ofrece IA como una línea de servicio complementaria,Asia,2,Asia,China,China,87
LivexSoftware,https://livex.co.za,"Pretoria, South Africa",Undisclosed,$25 - $49 / hr,10 - 49,10%,Pretoria,,South Africa,No informado,Informado,49,10 - 49,Empresa pequeña ,SMB,AI Service residual,Empresa diversificada cuya participación de IA es limitada o residual,África,1,Africa,South Africa,ZAF,7
CloudLab.in,http://www.cloudlab.in,"Solapur, India","$1,000+",< $25 / hr,Freelancer,30%,Solapur,,India,Informado,Informado,0,No informado,No aplica,Freelancer,AI Service complementary, Empresa diversificada que ofrece IA como una línea de servicio complementaria,Asia,2,Asia,India,IND,441
DoyenhubSoftwareSolutions,https://www.doyenhub.com/,"Clarksburg, MD","$5,000+",$25 - $49 / hr,50 - 249,10%,Clarksburg,MD,USA,Informado,Informado,249,50 - 249,Empresa mediana/ SME,SMB,AI Service residual,Empresa diversificada cuya participación de IA es limitada o residual,América del Norte,2,North America,USA,USA,917
Exelegent,https://exelegent.com/,"Freehold, NJ","$1,000+",$50 - $99 / hr,50 - 249,10%,Freehold,NJ,USA,Informado,Informado,249,50 - 249,Empresa mediana/ SME,SMB,AI Service residual,Empresa diversificada cuya participación de IA es limitada o residual,América del Norte,2,North America,USA,USA,917
89Bots.com,https://89bots.com/,"Manhattan Beach, CA","$1,000+",< $25 / hr,2 - 9,20%,Manhattan Beach,CA,USA,Informado,Informado,9,2 - 9,Micro Empresa,SMB,AI Service complementary, Empresa diversificada que ofrece IA como una línea de servicio complementaria,América del Norte,2,North America,USA,USA,917
Streamlinesocial,http://www.streamlinesocial.com,"San Francisco, CA","$10,000+",$50 - $99 / hr,10 - 49,10%,San Francisco,CA,USA,Informado,Informado,49,10 - 49,Empresa pequeña ,SMB,AI Service residual,Empresa diversificada cuya participación de IA es limitada o residual,América del Norte,2,North America,USA,USA,917
TheDevelopmentFactory,http://www.thedevelopmentfactory.com/,"Los Angeles, CA","$50,000+",$100 - $149 / hr,10 - 49,10%,Los Angeles,CA,USA,Informado,Informado,49,10 - 49,Empresa pequeña ,SMB,AI Service residual,Empresa diversificada cuya participación de IA es limitada o residual,América del Norte,2,North America,USA,USA,917
hyperlab.digital,https://hyperlab.digital/,"Warszawa, Poland","$25,000+",$25 - $49 / hr,10 - 49,10%,Warszawa,,Poland,Informado,Informado,49,10 - 49,Empresa pequeña ,SMB,AI Service residual,Empresa diversificada cuya participación de IA es limitada o residual,Europa,2,Europe,Poland,POL,147
NatsoftCorporation,http://www.natsoft.us,"Somerset, NJ","$50,000+",$50 - $99 / hr,250 - 999,10%,Somerset,NJ,USA,Informado,Informado,999,250 - 999,Empresa grande/fuera SME,Mid-market,AI Service residual,Empresa diversificada cuya participación de IA es limitada o residual,América del Norte,2,North America,USA,USA,917
ExcelfixerSdnBhd,https://excelfixer.com,"Petaling Jaya, Malaysia","$5,000+",$25 - $49 / hr,2 - 9,10%,Petaling Jaya,,Malaysia,Informado,Informado,9,2 - 9,Micro Empresa,SMB,AI Service residual,Empresa diversificada cuya participación de IA es limitada o residual,Asia,2,Asia,Malaysia,MYS,8
Synergistlab,https://synergistlab.com,"Lahore, Pakistan","$1,000+",$25 - $49 / hr,2 - 9,30%,Lahore,,Pakistan,Informado,Informado,9,2 - 9,Micro Empresa,SMB,AI Service complementary, Empresa diversificada que ofrece IA como una línea de servicio complementaria,Asia,2,Asia,Pakistan,PAK,61
GuavaSoftware–OutofBusiness,https://guava.software/,"Recife, Brazil","$25,000+",$50 - $99 / hr,10 - 49,10%,Recife,,Brazil,Informado,Informado,49,10 - 49,Empresa pequeña ,SMB,AI Service residual,Empresa diversificada cuya participación de IA es limitada o residual,América del Sur,2,South America,Brazil,BRA,21
Dynamia,http://www.dynamia.us/,"Montevideo, Uruguay","$10,000+",$50 - $99 / hr,10 - 49,10%,Montevideo,,Uruguay,Informado,Informado,49,10 - 49,Empresa pequeña ,SMB,AI Service residual,Empresa diversificada cuya participación de IA es limitada o residual,América del Sur,2,South America,Uruguay,URY,22
DataCrunchCorporation,https://datacrunchcorp.com/,"Raleigh, NC","$1,000+",$100 - $149 / hr,10 - 49,10%,Raleigh,NC,USA,Informado,Informado,49,10 - 49,Empresa pequeña ,SMB,AI Service residual,Empresa diversificada cuya participación de IA es limitada o residual,América del Norte,2,North America,USA,USA,917
SUDO,https://sudo.la,"Los Angeles, CA","$10,000+",$100 - $149 / hr,50 - 249,10%,Los Angeles,CA,USA,Informado,Informado,249,50 - 249,Empresa mediana/ SME,SMB,AI Service residual,Empresa diversificada cuya participación de IA es limitada o residual,América del Norte,2,North America,USA,USA,917
Etéreo,http://etereo.io/,"Madrid, Spain","$10,000+",$100 - $149 / hr,10 - 49,10%,Madrid,,Spain,Informado,Informado,49,10 - 49,Empresa pequeña ,SMB,AI Service residual,Empresa diversificada cuya participación de IA es limitada o residual,Europa,2,Europe,Spain,ESP,29
kaliedoscopik.co-OutOfBusiness,http://kaliedoscopik.co,"Thiruvananthapuram, India","$1,000+",< $25 / hr,2 - 9,30%,Thiruvananthapuram,,India,Informado,Informado,9,2 - 9,Micro Empresa,SMB,AI Service complementary, Empresa diversificada que ofrece IA como una línea de servicio complementaria,Asia,2,Asia,India,IND,441
OpenTeQTechnologies,https://www.openteqgroup.com/,"Phoenix, AZ","$5,000+",< $25 / hr,50 - 249,10%,Phoenix,AZ,USA,Informado,Informado,249,50 - 249,Empresa mediana/ SME,SMB,AI Service residual,Empresa diversificada cuya participación de IA es limitada o residual,América del Norte,2,North America,USA,USA,917
industriaLAX,https://industrialax.com,"Los Angeles, CA","$5,000+",$25 - $49 / hr,10 - 49,10%,Los Angeles,CA,USA,Informado,Informado,49,10 - 49,Empresa pequeña ,SMB,AI Service residual,Empresa diversificada cuya participación de IA es limitada o residual,América del Norte,2,North America,USA,USA,917
SilverSkyTechnology,http://silverskytechnology.com/,"Ahmedabad, India","$1,000+",< $25 / hr,10 - 49,10%,Ahmedabad,,India,Informado,Informado,49,10 - 49,Empresa pequeña ,SMB,AI Service residual,Empresa diversificada cuya participación de IA es limitada o residual,Asia,2,Asia,India,IND,441
ZencodeTechnologies,http://www.zencode.guru,"Hanoi, Vietnam","$25,000+",$25 - $49 / hr,50 - 249,10%,Hanoi,,Vietnam,Informado,Informado,249,50 - 249,Empresa mediana/ SME,SMB,AI Service residual,Empresa diversificada cuya participación de IA es limitada o residual,Asia,2,Asia,Vietnam,VNM,29
PanonIT,http://www.panonit.com/,"Novi Sad, Serbia","$5,000+",$25 - $49 / hr,50 - 249,10%,Novi Sad,,Serbia,Informado,Informado,249,50 - 249,Empresa mediana/ SME,SMB,AI Service residual,Empresa diversificada cuya participación de IA es limitada o residual,Europa,2,Europe,Serbia,SRB,13
OnDemandStartups,http://ondemandstartup.com,"Rawalpindi, Pakistan","$5,000+",$25 - $49 / hr,10 - 49,10%,Rawalpindi,,Pakistan,Informado,Informado,49,10 - 49,Empresa pequeña ,SMB,AI Service residual,Empresa diversificada cuya participación de IA es limitada o residual,Asia,2,Asia,Pakistan,PAK,61
RadianSoft,http://radiansoft.com,"Sheridan, WY","$5,000+",$25 - $49 / hr,10 - 49,20%,Sheridan,WY,USA,Informado,Informado,49,10 - 49,Empresa pequeña ,SMB,AI Service complementary, Empresa diversificada que ofrece IA como una línea de servicio complementaria,América del Norte,2,North America,USA,USA,917
"Tec4Digital,LLC.",https://www.tec4digital.com/,"Los Angeles, CA","$5,000+",$100 - $149 / hr,10 - 49,20%,Los Angeles,CA,USA,Informado,Informado,49,10 - 49,Empresa pequeña ,SMB,AI Service complementary, Empresa diversificada que ofrece IA como una línea de servicio complementaria,América del Norte,2,North America,USA,USA,917
PentozTechnology,https://pentoz.com,"Kaufman, TX","$50,000+",$50 - $99 / hr,50 - 249,10%,Kaufman,TX,USA,Informado,Informado,249,50 - 249,Empresa mediana/ SME,SMB,AI Service residual,Empresa diversificada cuya participación de IA es limitada o residual,América del Norte,2,North America,USA,USA,917
ThingsLog,https://thingslog.com,"Sofia, Bulgaria","$1,000+",Undisclosed,10 - 49,10%,Sofia,,Bulgaria,Informado,No informado,49,10 - 49,Empresa pequeña ,SMB,AI Service residual,Empresa diversificada cuya participación de IA es limitada o residual,Europa,1,Europe,Bulgaria,BGR,20
IneroSoftware,http://www.inero-software.com,"Gdańsk, Poland","$1,000+",$25 - $49 / hr,2 - 9,20%,Gdańsk,,Poland,Informado,Informado,9,2 - 9,Micro Empresa,SMB,AI Service complementary, Empresa diversificada que ofrece IA como una línea de servicio complementaria,Europa,2,Europe,Poland,POL,147
bitsCrunch,https://www.bitscrunch.com/,"München, Germany","$10,000+",$50 - $99 / hr,10 - 49,25%,München,,Germany,Informado,Informado,49,10 - 49,Empresa pequeña ,SMB,AI Service complementary, Empresa diversificada que ofrece IA como una línea de servicio complementaria,Europa,2,Europe,Germany,DEU,47
SOFTWAREESTRATÉGICOS.A.S.,https://softwareestrategico.com/,"Sabaneta, Colombia","$1,000+",Undisclosed,50 - 249,10%,Sabaneta,,Colombia,Informado,No informado,249,50 - 249,Empresa mediana/ SME,SMB,AI Service residual,Empresa diversificada cuya participación de IA es limitada o residual,América del Sur,1,South America,Colombia,COL,43
GloriosumITSolutions,https://www.gloriosum.us/,"Noida, India","$5,000+",$25 - $49 / hr,10 - 49,20%,Noida,,India,Informado,Informado,49,10 - 49,Empresa pequeña ,SMB,AI Service complementary, Empresa diversificada que ofrece IA como una línea de servicio complementaria,Asia,2,Asia,India,IND,441
Fortifier,https://4tifier.com/,"Kharkiv, Ukraine","$10,000+",$25 - $49 / hr,50 - 249,15%,Kharkiv,,Ukraine,Informado,Informado,249,50 - 249,Empresa mediana/ SME,SMB,AI Service residual,Empresa diversificada cuya participación de IA es limitada o residual,Europa,2,Europe,Ukraine,UKR,92
"SunTechnologies,Inc",https://www.suntechnologies.com/,"Bengaluru, India",Undisclosed,Undisclosed,"1,000 - 9,999",20%,Bengaluru,,India,No informado,No informado,9999,1000 - 9999,Empresa grande /fuera SM,Enterprise,AI Service complementary, Empresa diversificada que ofrece IA como una línea de servicio complementaria,Asia,0,Asia,India,IND,441
CakeAI,http://www.cakeai.com,"Toronto, Canada",Undisclosed,Undisclosed,10 - 49,25%,Toronto,,Canada,No informado,No informado,49,10 - 49,Empresa pequeña ,SMB,AI Service complementary, Empresa diversificada que ofrece IA como una línea de servicio complementaria,América del Norte,0,North America,Canada,CAN,126
ExpertNetwork,https://www.expertnetwork.be/,"Antwerpen, Belgium","$50,000+",$50 - $99 / hr,50 - 249,10%,Antwerpen,,Belgium,Informado,Informado,249,50 - 249,Empresa mediana/ SME,SMB,AI Service residual,Empresa diversificada cuya participación de IA es limitada o residual,Europa,2,Europe,Belgium,BEL,5
Codezeros,https://codezeros.com/,"Tallassee, ","$25,000+",$50 - $99 / hr,10 - 49,10%,Tallassee,,USA,Informado,Informado,49,10 - 49,Empresa pequeña ,SMB,AI Service residual,Empresa diversificada cuya participación de IA es limitada o residual,América del Norte,2,North America,USA,USA,917
7Apps,https://7apps.pl,"Katowice, Poland","$5,000+",$50 - $99 / hr,2 - 9,15%,Katowice,,Poland,Informado,Informado,9,2 - 9,Micro Empresa,SMB,AI Service residual,Empresa diversificada cuya participación de IA es limitada o residual,Europa,2,Europe,Poland,POL,147
codeandsoda,https://codeandsoda.com/,"Budapest, Hungary",Undisclosed,Undisclosed,10 - 49,10%,Budapest,,Hungary,No informado,No informado,49,10 - 49,Empresa pequeña ,SMB,AI Service residual,Empresa diversificada cuya participación de IA es limitada o residual,Europa,0,Europe,Hungary,HUN,6
ABstractSolutions,https://www.abstractsolutions.com.ar,"Martínez, Argentina","$25,000+",$50 - $99 / hr,10 - 49,10%,Martínez,,Argentina,Informado,Informado,49,10 - 49,Empresa pequeña ,SMB,AI Service residual,Empresa diversificada cuya participación de IA es limitada o residual,América del Sur,2,South America,Argentina,ARG,29
MAGNETICO,https://magnetico.dev/,"AAT, Argentina","$5,000+",$25 - $49 / hr,10 - 49,10%,AAT,,Argentina,Informado,Informado,49,10 - 49,Empresa pequeña ,SMB,AI Service residual,Empresa diversificada cuya participación de IA es limitada o residual,América del Sur,2,South America,Argentina,ARG,29
UmerQaiser.com,https://umerqaiser.com,"Lahore, Pakistan",Undisclosed,$50 - $99 / hr,Freelancer,23%,Lahore,,Pakistan,No informado,Informado,0,No informado,No aplica,Freelancer,AI Service complementary, Empresa diversificada que ofrece IA como una línea de servicio complementaria,Asia,1,Asia,Pakistan,PAK,61
Qubiz,https://qubiz.com/,"Oradea, Romania",Undisclosed,Undisclosed,250 - 999,10%,Oradea,,Romania,No informado,No informado,999,250 - 999,Empresa grande/fuera SME,Mid-market,AI Service residual,Empresa diversificada cuya participación de IA es limitada o residual,Europa,0,Europe,Romania,ROU,27
Dutytaker,https://dutytaker.com/,"Manchester, United Kingdom","$5,000+",< $25 / hr,10 - 49,15%,Manchester,,United Kingdom,Informado,Informado,49,10 - 49,Empresa pequeña ,SMB,AI Service residual,Empresa diversificada cuya participación de IA es limitada o residual,Europa,2,Europe,United Kingdom,GBR,304
"Wattanak,Inc",https://www.wattanak.com,"Belleville, IL","$100,000+",$150 - $199 / hr,2 - 9,20%,Belleville,IL,USA,Informado,Informado,9,2 - 9,Micro Empresa,SMB,AI Service complementary, Empresa diversificada que ofrece IA como una línea de servicio complementaria,América del Norte,2,North America,USA,USA,917
SysQuoInnovationPvtLtd,https://sysquoinnovation.com,"Gautam Buddha Nagar, India","$5,000+",< $25 / hr,10 - 49,10%,Gautam Buddha Nagar,,India,Informado,Informado,49,10 - 49,Empresa pequeña ,SMB,AI Service residual,Empresa diversificada cuya participación de IA es limitada o residual,Asia,2,Asia,India,IND,441
BazingoInc.Pte.Ltd.,http://www.bazingoinc.com,Singapore,"$1,000+",< $25 / hr,10 - 49,10%,Singapore,,Singapore,Informado,Informado,49,10 - 49,Empresa pequeña ,SMB,AI Service residual,Empresa diversificada cuya participación de IA es limitada o residual,Asia,2,Asia,Singapore,SGP,24
PinnacleSolutions,http://thepinnaclesolutions.com,"Indianapolis, IN","$10,000+",$100 - $149 / hr,10 - 49,10%,Indianapolis,IN,USA,Informado,Informado,49,10 - 49,Empresa pequeña ,SMB,AI Service residual,Empresa diversificada cuya participación de IA es limitada o residual,América del Norte,2,North America,USA,USA,917
HumanIT,http://humanit.pro/,"Munich, Germany","$25,000+",$25 - $49 / hr,10 - 49,10%,Munich,,Germany,Informado,Informado,49,10 - 49,Empresa pequeña ,SMB,AI Service residual,Empresa diversificada cuya participación de IA es limitada o residual,Europa,2,Europe,Germany,DEU,47
Innoverse,http://innoverse.tech,"Yerevan, Armenia","$10,000+",$25 - $49 / hr,10 - 49,20%,Yerevan,,Armenia,Informado,Informado,49,10 - 49,Empresa pequeña ,SMB,AI Service complementary, Empresa diversificada que ofrece IA como una línea de servicio complementaria,Asia,2,Asia,Armenia,ARM,11
CloudFountainInc,https://www.thecloudfountain.com,"Belmont, MA","$25,000+",Undisclosed,10 - 49,10%,Belmont,MA,USA,Informado,No informado,49,10 - 49,Empresa pequeña ,SMB,AI Service residual,Empresa diversificada cuya participación de IA es limitada o residual,América del Norte,1,North America,USA,USA,917
CharpixelTechnologies,https://charpixel.com/,"Noida, India","$5,000+",$25 - $49 / hr,10 - 49,10%,Noida,,India,Informado,Informado,49,10 - 49,Empresa pequeña ,SMB,AI Service residual,Empresa diversificada cuya participación de IA es limitada o residual,Asia,2,Asia,India,IND,441
CrewNew.com,https://crewnew.com,"Tartu, Estonia","$1,000+",$25 - $49 / hr,10 - 49,10%,Tartu,,Estonia,Informado,Informado,49,10 - 49,Empresa pequeña ,SMB,AI Service residual,Empresa diversificada cuya participación de IA es limitada o residual,Europa,2,Europe,Estonia,EST,17
STRATAGEMVentures,http://www.stratagemven.com,"Lahore, Pakistan","$5,000+",Undisclosed,10 - 49,10%,Lahore,,Pakistan,Informado,No informado,49,10 - 49,Empresa pequeña ,SMB,AI Service residual,Empresa diversificada cuya participación de IA es limitada o residual,Asia,1,Asia,Pakistan,PAK,61
R2Consulting,https://www.r2c.io/,"Boulder, CO","$1,000+",$25 - $49 / hr,10 - 49,10%,Boulder,CO,USA,Informado,Informado,49,10 - 49,Empresa pequeña ,SMB,AI Service residual,Empresa diversificada cuya participación de IA es limitada o residual,América del Norte,2,North America,USA,USA,917
Jazzros,https://www.jazzros.com,"Wrocław, Poland","$25,000+",$25 - $49 / hr,10 - 49,20%,Wrocław,,Poland,Informado,Informado,49,10 - 49,Empresa pequeña ,SMB,AI Service complementary, Empresa diversificada que ofrece IA como una línea de servicio complementaria,Europa,2,Europe,Poland,POL,147
VardhamanInfotech,https://www.vardhamaninfotech.com/,"Jaipur, India","$5,000+",< $25 / hr,10 - 49,10%,Jaipur,,India,Informado,Informado,49,10 - 49,Empresa pequeña ,SMB,AI Service residual,Empresa diversificada cuya participación de IA es limitada o residual,Asia,2,Asia,India,IND,441
STWServicesLLP,https://www.stw-services.com/,"Pune, India",Undisclosed,< $25 / hr,10 - 49,10%,Pune,,India,No informado,Informado,49,10 - 49,Empresa pequeña ,SMB,AI Service residual,Empresa diversificada cuya participación de IA es limitada o residual,Asia,1,Asia,India,IND,441
ScaleUP,https://www.scaleup.ba,"Sarajevo, Bosnia and Herzegovina","$10,000+",$50 - $99 / hr,2 - 9,15%,Sarajevo,,Bosnia and Herzegovina,Informado,Informado,9,2 - 9,Micro Empresa,SMB,AI Service residual,Empresa diversificada cuya participación de IA es limitada o residual,Europa,2,Europe,Bosnia and Herzegovina,BIH,5
20ThousandLeagues,http://www.20thousandleagues.com,"Kyiv, Ukraine","$25,000+",$25 - $49 / hr,10 - 49,15%,Kyiv,,Ukraine,Informado,Informado,49,10 - 49,Empresa pequeña ,SMB,AI Service residual,Empresa diversificada cuya participación de IA es limitada o residual,Europa,2,Europe,Ukraine,UKR,92
DataNeoShore,http://www.dataneoshore.com,"San Rafael de Escazú, Costa Rica","$10,000+",$25 - $49 / hr,50 - 249,20%,San Rafael de Escazú,,Costa Rica,Informado,Informado,249,50 - 249,Empresa mediana/ SME,SMB,AI Service complementary, Empresa diversificada que ofrece IA como una línea de servicio complementaria,Centroamérica,2,Central America,Costa Rica,Costa Rica,9
Techs,https://www.itstartechs.com/,"Oleśnica, Poland","$10,000+",$50 - $99 / hr,2 - 9,10%,Oleśnica,,Poland,Informado,Informado,9,2 - 9,Micro Empresa,SMB,AI Service residual,Empresa diversificada cuya participación de IA es limitada o residual,Europa,2,Europe,Poland,POL,147
LotzApSolutions,https://www.lotzap.com/,"Weston, FL","$10,000+",$25 - $49 / hr,10 - 49,10%,Weston,FL,USA,Informado,Informado,49,10 - 49,Empresa pequeña ,SMB,AI Service residual,Empresa diversificada cuya participación de IA es limitada o residual,América del Norte,2,North America,USA,USA,917
FidemLLC,https://www.fidem.am,"Yerevan, Armenia","$10,000+",$25 - $49 / hr,10 - 49,10%,Yerevan,,Armenia,Informado,Informado,49,10 - 49,Empresa pequeña ,SMB,AI Service residual,Empresa diversificada cuya participación de IA es limitada o residual,Asia,2,Asia,Armenia,ARM,11
VaregerGroup,https://vareger.com/,"Tallinn, Estonia","$10,000+",$25 - $49 / hr,10 - 49,10%,Tallinn,,Estonia,Informado,Informado,49,10 - 49,Empresa pequeña ,SMB,AI Service residual,Empresa diversificada cuya participación de IA es limitada o residual,Europa,2,Europe,Estonia,EST,17
Comminus,http://www.comminus.hr,"Zagreb, Croatia",Undisclosed,Undisclosed,10 - 49,20%,Zagreb,,Croatia,No informado,No informado,49,10 - 49,Empresa pequeña ,SMB,AI Service complementary, Empresa diversificada que ofrece IA como una línea de servicio complementaria,Europa,0,Europe,Croatia,HRV,17
OPGKSoftware,http://www.opgksoftware.com/,"Rzeszów, Poland",Undisclosed,Undisclosed,50 - 249,10%,Rzeszów,,Poland,No informado,No informado,249,50 - 249,Empresa mediana/ SME,SMB,AI Service residual,Empresa diversificada cuya participación de IA es limitada o residual,Europa,0,Europe,Poland,POL,147
SymbyoticTechnologiesInc,http://www.symbyotic.com,"Noida, India","$10,000+",$25 - $49 / hr,10 - 49,10%,Noida,,India,Informado,Informado,49,10 - 49,Empresa pequeña ,SMB,AI Service residual,Empresa diversificada cuya participación de IA es limitada o residual,Asia,2,Asia,India,IND,441
GranjurTechnologies,http://granjur.com,"Mississauga, Canada","$1,000+",$25 - $49 / hr,10 - 49,10%,Mississauga,,Canada,Informado,Informado,49,10 - 49,Empresa pequeña ,SMB,AI Service residual,Empresa diversificada cuya participación de IA es limitada o residual,América del Norte,2,North America,Canada,CAN,126
OrangeBees,http://orangebees.com,"Greenville, SC","$5,000+",Undisclosed,10 - 49,10%,Greenville,SC,USA,Informado,No informado,49,10 - 49,Empresa pequeña ,SMB,AI Service residual,Empresa diversificada cuya participación de IA es limitada o residual,América del Norte,1,North America,USA,USA,917
OutstriveTechnologies,http://outstrivetechnologies.com/,"Ahmedabad, India","$5,000+",< $25 / hr,2 - 9,30%,Ahmedabad,,India,Informado,Informado,9,2 - 9,Micro Empresa,SMB,AI Service complementary, Empresa diversificada que ofrece IA como una línea de servicio complementaria,Asia,2,Asia,India,IND,441
EcosmobTechnologiesPvt.Ltd.,https://www.ecosmob.com,"Ahmedabad, India","$1,000+",< $25 / hr,50 - 249,20%,Ahmedabad,,India,Informado,Informado,249,50 - 249,Empresa mediana/ SME,SMB,AI Service complementary, Empresa diversificada que ofrece IA como una línea de servicio complementaria,Asia,2,Asia,India,IND,441
ImmunitySystems,https://www.immunity-systems.com/,"Warszawa, Poland","$5,000+",$100 - $149 / hr,2 - 9,10%,Warszawa,,Poland,Informado,Informado,9,2 - 9,Micro Empresa,SMB,AI Service residual,Empresa diversificada cuya participación de IA es limitada o residual,Europa,2,Europe,Poland,POL,147
"Faifly,LLC",https://faifly.com,"Kharkiv, Ukraine","$10,000+",$25 - $49 / hr,10 - 49,10%,Kharkiv,,Ukraine,Informado,Informado,49,10 - 49,Empresa pequeña ,SMB,AI Service residual,Empresa diversificada cuya participación de IA es limitada o residual,Europa,2,Europe,Ukraine,UKR,92
StartupVentureBuilder,https://startupventurebuilder.com,"São Paulo, Brazil","$5,000+",$50 - $99 / hr,2 - 9,10%,São Paulo,,Brazil,Informado,Informado,9,2 - 9,Micro Empresa,SMB,AI Service residual,Empresa diversificada cuya participación de IA es limitada o residual,América del Sur,2,South America,Brazil,BRA,21
BeUnicorn,https://beunicorn.io,"San Francisco, CA","$5,000+",$50 - $99 / hr,10 - 49,10%,San Francisco,CA,USA,Informado,Informado,49,10 - 49,Empresa pequeña ,SMB,AI Service residual,Empresa diversificada cuya participación de IA es limitada o residual,América del Norte,2,North America,USA,USA,917
SoftCircles,https://www.softcircles.com,"Brooklyn, NY","$10,000+",$25 - $49 / hr,10 - 49,10%,Brooklyn,NY,USA,Informado,Informado,49,10 - 49,Empresa pequeña ,SMB,AI Service residual,Empresa diversificada cuya participación de IA es limitada o residual,América del Norte,2,North America,USA,USA,917
Poatek,https://www.poatek.com/,"Porto Alegre, Brazil","$25,000+",$50 - $99 / hr,50 - 249,10%,Porto Alegre,,Brazil,Informado,Informado,249,50 - 249,Empresa mediana/ SME,SMB,AI Service residual,Empresa diversificada cuya participación de IA es limitada o residual,América del Sur,2,South America,Brazil,BRA,21
Vivus,https://www.vivus.tech/,"Downey, CA","$25,000+",$100 - $149 / hr,2 - 9,10%,Downey,CA,USA,Informado,Informado,9,2 - 9,Micro Empresa,SMB,AI Service residual,Empresa diversificada cuya participación de IA es limitada o residual,América del Norte,2,North America,USA,USA,917
TurnkeyTechSolutions,https://www.turnkey.work/#services,"Pune, India","$5,000+",$25 - $49 / hr,10 - 49,20%,Pune,,India,Informado,Informado,49,10 - 49,Empresa pequeña ,SMB,AI Service complementary, Empresa diversificada que ofrece IA como una línea de servicio complementaria,Asia,2,Asia,India,IND,441
Rocketlab,https://www.rocketlab.ch/en,"Zug, Switzerland","$50,000+",Undisclosed,50 - 249,10%,Zug,,Switzerland,Informado,No informado,249,50 - 249,Empresa mediana/ SME,SMB,AI Service residual,Empresa diversificada cuya participación de IA es limitada o residual,Europa,1,Europe,Switzerland,CHE,21
Varfix,https://varfix.ai/,"Chicago, IL","$1,000+",$50 - $99 / hr,2 - 9,10%,Chicago,IL,USA,Informado,Informado,9,2 - 9,Micro Empresa,SMB,AI Service residual,Empresa diversificada cuya participación de IA es limitada o residual,América del Norte,2,North America,USA,USA,917
SnowDataScience,http://snowdatascience.org,"Spring, TX","$1,000+",$50 - $99 / hr,Freelancer,30%,Spring,TX,USA,Informado,Informado,0,No informado,No aplica,Freelancer,AI Service complementary, Empresa diversificada que ofrece IA como una línea de servicio complementaria,América del Norte,2,North America,USA,USA,917
"SuntechInformationTechnologies(Pvt)Ltd.-Save50%costonyournextproject,whilemaintaininghighquality",http://www.suntechit.lk,"Malabe, Sri Lanka","$5,000+",< $25 / hr,10 - 49,10%,Malabe,,Sri Lanka,Informado,Informado,49,10 - 49,Empresa pequeña ,SMB,AI Service residual,Empresa diversificada cuya participación de IA es limitada o residual,Asia,2,Asia,Sri Lanka,LKA,15
CodesmenLLC,https://codesmendev.com/,"Austin, TX","$10,000+",$100 - $149 / hr,10 - 49,10%,Austin,TX,USA,Informado,Informado,49,10 - 49,Empresa pequeña ,SMB,AI Service residual,Empresa diversificada cuya participación de IA es limitada o residual,América del Norte,2,North America,USA,USA,917
Elasticis,https://elasticis.com,"Englewood, CO","$1,000+",$50 - $99 / hr,2 - 9,20%,Englewood,CO,USA,Informado,Informado,9,2 - 9,Micro Empresa,SMB,AI Service complementary, Empresa diversificada que ofrece IA como una línea de servicio complementaria,América del Norte,2,North America,USA,USA,917
HuviTek,https://www.huvitek.com/,"Hanoi, Vietnam","$5,000+",< $25 / hr,50 - 249,15%,Hanoi,,Vietnam,Informado,Informado,249,50 - 249,Empresa mediana/ SME,SMB,AI Service residual,Empresa diversificada cuya participación de IA es limitada o residual,Asia,2,Asia,Vietnam,VNM,29
ECDIGITAL,https://ecdigital.com.au,"Epping, Australia","$1,000+",$25 - $49 / hr,2 - 9,10%,Epping,,Australia,Informado,Informado,9,2 - 9,Micro Empresa,SMB,AI Service residual,Empresa diversificada cuya participación de IA es limitada o residual,Oceanía,2,Oceania,Australia,AUS,96
Moqod|SoftwareDevelopment,http://moqod.com,"Amsterdam, Netherlands","$10,000+",$50 - $99 / hr,50 - 249,10%,Amsterdam,,Netherlands,Informado,Informado,249,50 - 249,Empresa mediana/ SME,SMB,AI Service residual,Empresa diversificada cuya participación de IA es limitada o residual,Europa,2,Europe,Netherlands,NLD,26
OhioDigital,https://ohio-digital.com/,"Hanoi, Vietnam",Undisclosed,< $25 / hr,50 - 249,15%,Hanoi,,Vietnam,No informado,Informado,249,50 - 249,Empresa mediana/ SME,SMB,AI Service residual,Empresa diversificada cuya participación de IA es limitada o residual,Asia,1,Asia,Vietnam,VNM,29
ziphio,https://ziphio.com,"Colombo, Sri Lanka","$1,000+",$50 - $99 / hr,10 - 49,10%,Colombo,,Sri Lanka,Informado,Informado,49,10 - 49,Empresa pequeña ,SMB,AI Service residual,Empresa diversificada cuya participación de IA es limitada o residual,Asia,2,Asia,Sri Lanka,LKA,15
AcentriaSoftware,http://www.acentriasoftware.com,"Jaipur, India","$1,000+",< $25 / hr,50 - 249,10%,Jaipur,,India,Informado,Informado,249,50 - 249,Empresa mediana/ SME,SMB,AI Service residual,Empresa diversificada cuya participación de IA es limitada o residual,Asia,2,Asia,India,IND,441
WelfLab,https://welflab.com,"Hannover, Germany","$10,000+",$25 - $49 / hr,10 - 49,20%,Hannover,,Germany,Informado,Informado,49,10 - 49,Empresa pequeña ,SMB,AI Service complementary, Empresa diversificada que ofrece IA como una línea de servicio complementaria,Europa,2,Europe,Germany,DEU,47
Wolfpack,https://wolfpackdigi.com/,"Bengaluru, India","$10,000+",$25 - $49 / hr,10 - 49,20%,Bengaluru,,India,Informado,Informado,49,10 - 49,Empresa pequeña ,SMB,AI Service complementary, Empresa diversificada que ofrece IA como una línea de servicio complementaria,Asia,2,Asia,India,IND,441
Oorjit,http://www.oorjit.com,"Kochi, India","$25,000+",$25 - $49 / hr,50 - 249,20%,Kochi,,India,Informado,Informado,249,50 - 249,Empresa mediana/ SME,SMB,AI Service complementary, Empresa diversificada que ofrece IA como una línea de servicio complementaria,Asia,2,Asia,India,IND,441
Mobter,http://mobter.com,"Warszawa, Poland","$1,000+",$300+ / hr,2 - 9,10%,Warszawa,,Poland,Informado,Informado,9,2 - 9,Micro Empresa,SMB,AI Service residual,Empresa diversificada cuya participación de IA es limitada o residual,Europa,2,Europe,Poland,POL,147
PeakeyEnterpriseLLC,https://www.peakey.com,"Warsaw, IN","$5,000+",$50 - $99 / hr,10 - 49,13%,Warsaw,IN,USA,Informado,Informado,49,10 - 49,Empresa pequeña ,SMB,AI Service residual,Empresa diversificada cuya participación de IA es limitada o residual,América del Norte,2,North America,USA,USA,917
ubykuo,https://ubykuo.com,"Irvine, CA","$25,000+",$50 - $99 / hr,10 - 49,10%,Irvine,CA,USA,Informado,Informado,49,10 - 49,Empresa pequeña ,SMB,AI Service residual,Empresa diversificada cuya participación de IA es limitada o residual,América del Norte,2,North America,USA,USA,917
SpineorWebservicesPrivateLimited,http://www.spineor.com,"Sahibzada Ajit Singh Nagar, India","$25,000+",$25 - $49 / hr,10 - 49,10%,Sahibzada Ajit Singh Nagar,,India,Informado,Informado,49,10 - 49,Empresa pequeña ,SMB,AI Service residual,Empresa diversificada cuya participación de IA es limitada o residual,Asia,2,Asia,India,IND,441
OpenTangerineSoftwareHouse,http://opentangerine.com,Poland,"$100,000+",$50 - $99 / hr,10 - 49,15%,Poland,,Poland,Informado,Informado,49,10 - 49,Empresa pequeña ,SMB,AI Service residual,Empresa diversificada cuya participación de IA es limitada o residual,Europa,2,Europe,Poland,POL,147
BHSOFT,http://www.bachasoftware.com,"Hanoi, Vietnam","$10,000+",< $25 / hr,50 - 249,10%,Hanoi,,Vietnam,Informado,Informado,249,50 - 249,Empresa mediana/ SME,SMB,AI Service residual,Empresa diversificada cuya participación de IA es limitada o residual,Asia,2,Asia,Vietnam,VNM,29
OnetureTechnologies,https://oneture.com/,"Mumbai, India","$5,000+",$25 - $49 / hr,10 - 49,15%,Mumbai,,India,Informado,Informado,49,10 - 49,Empresa pequeña ,SMB,AI Service residual,Empresa diversificada cuya participación de IA es limitada o residual,Asia,2,Asia,India,IND,441
AwakeningVectorInc.,https://awkvect.com,"Ürümqi, China",Undisclosed,$25 - $49 / hr,10 - 49,20%,Ürümqi,,China,No informado,Informado,49,10 - 49,Empresa pequeña ,SMB,AI Service complementary, Empresa diversificada que ofrece IA como una línea de servicio complementaria,Asia,1,Asia,China,China,87
HippalusTechnologies,http://hippalustek.com/,"Overland Park, KS","$25,000+",$50 - $99 / hr,10 - 49,30%,Overland Park,KS,USA,Informado,Informado,49,10 - 49,Empresa pequeña ,SMB,AI Service complementary, Empresa diversificada que ofrece IA como una línea de servicio complementaria,América del Norte,2,North America,USA,USA,917
KodeGlobeTechnologies,https://www.kodeglobe.com/,"New Delhi, India","$1,000+",< $25 / hr,10 - 49,10%,New Delhi,,India,Informado,Informado,49,10 - 49,Empresa pequeña ,SMB,AI Service residual,Empresa diversificada cuya participación de IA es limitada o residual,Asia,2,Asia,India,IND,441
CodeWell,http://www.codewell.is,"Skopje, North Macedonia","$10,000+",$25 - $49 / hr,10 - 49,10%,Skopje,,North Macedonia,Informado,Informado,49,10 - 49,Empresa pequeña ,SMB,AI Service residual,Empresa diversificada cuya participación de IA es limitada o residual,Europa,2,Europe,North Macedonia,MKD,7
Milestone,http://www.milestonedevelopers.com,"Bhopal, India","$5,000+",$25 - $49 / hr,10 - 49,10%,Bhopal,,India,Informado,Informado,49,10 - 49,Empresa pequeña ,SMB,AI Service residual,Empresa diversificada cuya participación de IA es limitada o residual,Asia,2,Asia,India,IND,441
smartenit,https://smartenitco.com/,"Houten, Netherlands","$1,000+",$25 - $49 / hr,10 - 49,30%,Houten,,Netherlands,Informado,Informado,49,10 - 49,Empresa pequeña ,SMB,AI Service complementary, Empresa diversificada que ofrece IA como una línea de servicio complementaria,Europa,2,Europe,Netherlands,NLD,26
Gyroscopic,https://gyroscopic.ca/,"Peterborough, Canada","$25,000+",$100 - $149 / hr,2 - 9,25%,Peterborough,,Canada,Informado,Informado,9,2 - 9,Micro Empresa,SMB,AI Service complementary, Empresa diversificada que ofrece IA como una línea de servicio complementaria,América del Norte,2,North America,Canada,CAN,126
Prostir,https://prostir.one/,"Kyiv, Ukraine","$10,000+",$25 - $49 / hr,2 - 9,10%,Kyiv,,Ukraine,Informado,Informado,9,2 - 9,Micro Empresa,SMB,AI Service residual,Empresa diversificada cuya participación de IA es limitada o residual,Europa,2,Europe,Ukraine,UKR,92
Genico,https://genico.us,"Aventura, FL","$5,000+",$25 - $49 / hr,10 - 49,10%,Aventura,FL,USA,Informado,Informado,49,10 - 49,Empresa pequeña ,SMB,AI Service residual,Empresa diversificada cuya participación de IA es limitada o residual,América del Norte,2,North America,USA,USA,917
DigitalCurveConsulting,https://digitalcurveconsulting.co.uk/,"Sheffield, United Kingdom","$1,000+",< $25 / hr,10 - 49,20%,Sheffield,,United Kingdom,Informado,Informado,49,10 - 49,Empresa pequeña ,SMB,AI Service complementary, Empresa diversificada que ofrece IA como una línea de servicio complementaria,Europa,2,Europe,United Kingdom,GBR,304
"TencentCloudComputing(Beijing)Co.,Ltd.",https://intl.cloud.tencent.com/,"Beijing, China",Undisclosed,Undisclosed,"1,000 - 9,999",25%,Beijing,,China,No informado,No informado,9999,1000 - 9999,Empresa grande /fuera SM,Enterprise,AI Service complementary, Empresa diversificada que ofrece IA como una línea de servicio complementaria,Asia,0,Asia,China,China,87
FASTCODE,https://fastcodelab.com,"Medellin, Colombia","$1,000+",< $25 / hr,2 - 9,20%,Medellin,,Colombia,Informado,Informado,9,2 - 9,Micro Empresa,SMB,AI Service complementary, Empresa diversificada que ofrece IA como una línea de servicio complementaria,América del Sur,2,South America,Colombia,COL,43
Chatwise.io,http://www.chatwise.io,"Karlsfeld, Germany","$1,000+",$50 - $99 / hr,2 - 9,12%,Karlsfeld,,Germany,Informado,Informado,9,2 - 9,Micro Empresa,SMB,AI Service residual,Empresa diversificada cuya participación de IA es limitada o residual,Europa,2,Europe,Germany,DEU,47
Mckinley&RiceInc.,https://mckinleyrice.com,"Noida, India","$25,000+",$25 - $49 / hr,50 - 249,10%,Noida,,India,Informado,Informado,249,50 - 249,Empresa mediana/ SME,SMB,AI Service residual,Empresa diversificada cuya participación de IA es limitada o residual,Asia,2,Asia,India,IND,441
SpritleSoftware,https://www.spritle.com/,Singapore,"$10,000+",$25 - $49 / hr,50 - 249,50%,Singapore,,Singapore,Informado,Informado,249,50 - 249,Empresa mediana/ SME,SMB,AI Focus,"Empresa con especialización destacada en IA, representa más de la mitad de su actividad",Asia,2,Asia,Singapore,SGP,24
iOPTIME,https://ioptime.com/,"Islamabad, Pakistan","$10,000+",$25 - $49 / hr,10 - 49,10%,Islamabad,,Pakistan,Informado,Informado,49,10 - 49,Empresa pequeña ,SMB,AI Service residual,Empresa diversificada cuya participación de IA es limitada o residual,Asia,2,Asia,Pakistan,PAK,61
Acrovations,https://www.acrovations.com/,"Zaporizhzhia, Ukraine","$10,000+",$25 - $49 / hr,2 - 9,10%,Zaporizhzhia,,Ukraine,Informado,Informado,9,2 - 9,Micro Empresa,SMB,AI Service residual,Empresa diversificada cuya participación de IA es limitada o residual,Europa,2,Europe,Ukraine,UKR,92
Verse.io,https://verse.io/,"San Diego, CA",Undisclosed,Undisclosed,50 - 249,10%,San Diego,CA,USA,No informado,No informado,249,50 - 249,Empresa mediana/ SME,SMB,AI Service residual,Empresa diversificada cuya participación de IA es limitada o residual,América del Norte,0,North America,USA,USA,917
ClixLogix,https://www.clixlogix.com/,"Noida, India","$10,000+",< $25 / hr,50 - 249,10%,Noida,,India,Informado,Informado,249,50 - 249,Empresa mediana/ SME,SMB,AI Service residual,Empresa diversificada cuya participación de IA es limitada o residual,Asia,2,Asia,India,IND,441
ForgeaheadSolutionsInc.,https://forgeahead.io/,"Mountain View, CA","$10,000+",$25 - $49 / hr,50 - 249,10%,Mountain View,CA,USA,Informado,Informado,249,50 - 249,Empresa mediana/ SME,SMB,AI Service residual,Empresa diversificada cuya participación de IA es limitada o residual,América del Norte,2,North America,USA,USA,917
Appsord,http://www.appsord.com,"Alwar, India","$1,000+",$25 - $49 / hr,2 - 9,10%,Alwar,,India,Informado,Informado,9,2 - 9,Micro Empresa,SMB,AI Service residual,Empresa diversificada cuya participación de IA es limitada o residual,Asia,2,Asia,India,IND,441
Intelari,http://www.intelari.pl/en,"Warszawa, Poland","$1,000+",$25 - $49 / hr,2 - 9,20%,Warszawa,,Poland,Informado,Informado,9,2 - 9,Micro Empresa,SMB,AI Service complementary, Empresa diversificada que ofrece IA como una línea de servicio complementaria,Europa,2,Europe,Poland,POL,147
codecreed,https://www.codecreed.dev,"Poznań, Poland","$1,000+",$25 - $49 / hr,2 - 9,15%,Poznań,,Poland,Informado,Informado,9,2 - 9,Micro Empresa,SMB,AI Service residual,Empresa diversificada cuya participación de IA es limitada o residual,Europa,2,Europe,Poland,POL,147
Convuent,https://convuent.com,"San Clemente, CA","$1,000+",$150 - $199 / hr,2 - 9,10%,San Clemente,CA,USA,Informado,Informado,9,2 - 9,Micro Empresa,SMB,AI Service residual,Empresa diversificada cuya participación de IA es limitada o residual,América del Norte,2,North America,USA,USA,917
innovAgile,https://www.innovagile.com,"Poznań, Poland","$5,000+",$25 - $49 / hr,10 - 49,10%,Poznań,,Poland,Informado,Informado,49,10 - 49,Empresa pequeña ,SMB,AI Service residual,Empresa diversificada cuya participación de IA es limitada o residual,Europa,2,Europe,Poland,POL,147
NapalInnovation,https://www.napal-innovation.xyz/,"Paris, France","$5,000+",$50 - $99 / hr,2 - 9,10%,Paris,,France,Informado,Informado,9,2 - 9,Micro Empresa,SMB,AI Service residual,Empresa diversificada cuya participación de IA es limitada o residual,Europa,2,Europe,France,FRA,14
VARUnit,https://varunit.com,"Wrocław, Poland","$5,000+",$25 - $49 / hr,2 - 9,10%,Wrocław,,Poland,Informado,Informado,9,2 - 9,Micro Empresa,SMB,AI Service residual,Empresa diversificada cuya participación de IA es limitada o residual,Europa,2,Europe,Poland,POL,147
RepozitoryTechnologies,http://repozitory.com,"Hisar, India","$5,000+",< $25 / hr,2 - 9,10%,Hisar,,India,Informado,Informado,9,2 - 9,Micro Empresa,SMB,AI Service residual,Empresa diversificada cuya participación de IA es limitada o residual,Asia,2,Asia,India,IND,441
QuventixSolutions,https://quventix.com/,"Sahibzada Ajit Singh Nagar, India","$1,000+",< $25 / hr,2 - 9,10%,Sahibzada Ajit Singh Nagar,,India,Informado,Informado,9,2 - 9,Micro Empresa,SMB,AI Service residual,Empresa diversificada cuya participación de IA es limitada o residual,Asia,2,Asia,India,IND,441
Acmex.co,https://acmex.co/,Mexico,"$5,000+",$150 - $199 / hr,2 - 9,10%,Mexico,,Mexico,Informado,Informado,9,2 - 9,Micro Empresa,SMB,AI Service residual,Empresa diversificada cuya participación de IA es limitada o residual,América del Norte,2,North America,Mexico,MEX,31
NYN,https://www.nynweb.com/,"Windsor, Canada","$5,000+",$100 - $149 / hr,10 - 49,10%,Windsor,,Canada,Informado,Informado,49,10 - 49,Empresa pequeña ,SMB,AI Service residual,Empresa diversificada cuya participación de IA es limitada o residual,América del Norte,2,North America,Canada,CAN,126
InfiniaML,https://infiniaml.com/,"Durham, NC","$25,000+",Undisclosed,10 - 49,80%,Durham,NC,USA,Informado,No informado,49,10 - 49,Empresa pequeña ,SMB,AI Focus principal,Empresa que su negocio principal gira en torno a servicios AI,América del Norte,1,North America,USA,USA,917
VELLGUS,https://vellgus.ca,"Saskatoon, Canada","$10,000+",$50 - $99 / hr,10 - 49,10%,Saskatoon,,Canada,Informado,Informado,49,10 - 49,Empresa pequeña ,SMB,AI Service residual,Empresa diversificada cuya participación de IA es limitada o residual,América del Norte,2,North America,Canada,CAN,126
BinaryInformatics,http://binaryinformatics.com/,"Noida, India","$1,000+",< $25 / hr,50 - 249,10%,Noida,,India,Informado,Informado,249,50 - 249,Empresa mediana/ SME,SMB,AI Service residual,Empresa diversificada cuya participación de IA es limitada o residual,Asia,2,Asia,India,IND,441
AppsderITSolutions,http://www.appsder.com,"Jaipur, India","$10,000+",$25 - $49 / hr,250 - 999,15%,Jaipur,,India,Informado,Informado,999,250 - 999,Empresa grande/fuera SME,Mid-market,AI Service residual,Empresa diversificada cuya participación de IA es limitada o residual,Asia,2,Asia,India,IND,441
RavingBots,https://ravingbots.com,"Wrocław, Poland","$1,000+",$50 - $99 / hr,2 - 9,15%,Wrocław,,Poland,Informado,Informado,9,2 - 9,Micro Empresa,SMB,AI Service residual,Empresa diversificada cuya participación de IA es limitada o residual,Europa,2,Europe,Poland,POL,147
ROIExpress,https://roiexpress.com,"Los Angeles, CA","$1,000+",$50 - $99 / hr,2 - 9,20%,Los Angeles,CA,USA,Informado,Informado,9,2 - 9,Micro Empresa,SMB,AI Service complementary, Empresa diversificada que ofrece IA como una línea de servicio complementaria,América del Norte,2,North America,USA,USA,917
TerminusLabs,https://terminuslabs.com.uy/,"Montevideo, Uruguay","$1,000+",$25 - $49 / hr,2 - 9,15%,Montevideo,,Uruguay,Informado,Informado,9,2 - 9,Micro Empresa,SMB,AI Service residual,Empresa diversificada cuya participación de IA es limitada o residual,América del Sur,2,South America,Uruguay,URY,22
Ecotech,http://www.ecotechservices.com,"Pune, India","$10,000+",$25 - $49 / hr,50 - 249,10%,Pune,,India,Informado,Informado,249,50 - 249,Empresa mediana/ SME,SMB,AI Service residual,Empresa diversificada cuya participación de IA es limitada o residual,Asia,2,Asia,India,IND,441
PlankAI,http://www.plank.ai,"London, United Kingdom","$5,000+",$100 - $149 / hr,2 - 9,15%,London,,United Kingdom,Informado,Informado,9,2 - 9,Micro Empresa,SMB,AI Service residual,Empresa diversificada cuya participación de IA es limitada o residual,Europa,2,Europe,United Kingdom,GBR,304
KoukioSolutions,https://koukio.com/,"València, Spain",Undisclosed,Undisclosed,10 - 49,10%,València,,Spain,No informado,No informado,49,10 - 49,Empresa pequeña ,SMB,AI Service residual,Empresa diversificada cuya participación de IA es limitada o residual,Europa,0,Europe,Spain,ESP,29
KPITENG,http://www.kpiteng.com,"Ahmedabad, India","$5,000+",$25 - $49 / hr,10 - 49,10%,Ahmedabad,,India,Informado,Informado,49,10 - 49,Empresa pequeña ,SMB,AI Service residual,Empresa diversificada cuya participación de IA es limitada o residual,Asia,2,Asia,India,IND,441
HopeMat,https://www.hopemat.co.za,"Mbabane, Eswatini","$1,000+",$50 - $99 / hr,10 - 49,15%,Mbabane,,Eswatini,Informado,Informado,49,10 - 49,Empresa pequeña ,SMB,AI Service residual,Empresa diversificada cuya participación de IA es limitada o residual,África,2,Africa,Eswatini,SWZ,1
netlabs,https://www.netlabsglobal.io,"Montevideo, Uruguay",Undisclosed,$100 - $149 / hr,50 - 249,10%,Montevideo,,Uruguay,No informado,Informado,249,50 - 249,Empresa mediana/ SME,SMB,AI Service residual,Empresa diversificada cuya participación de IA es limitada o residual,América del Sur,1,South America,Uruguay,URY,22
Performix,http://performixbiz.com,"Edina, MN","$10,000+",$100 - $149 / hr,10 - 49,10%,Edina,MN,USA,Informado,Informado,49,10 - 49,Empresa pequeña ,SMB,AI Service residual,Empresa diversificada cuya participación de IA es limitada o residual,América del Norte,2,North America,USA,USA,917
AdstuckConsulting,https://adstuck.com,"Newark, NJ","$50,000+",< $25 / hr,10 - 49,10%,Newark,NJ,USA,Informado,Informado,49,10 - 49,Empresa pequeña ,SMB,AI Service residual,Empresa diversificada cuya participación de IA es limitada o residual,América del Norte,2,North America,USA,USA,917
HueintPvtLtd,http://hueint.com,"Chennai, India","$1,000+",$25 - $49 / hr,10 - 49,20%,Chennai,,India,Informado,Informado,49,10 - 49,Empresa pequeña ,SMB,AI Service complementary, Empresa diversificada que ofrece IA como una línea de servicio complementaria,Asia,2,Asia,India,IND,441
ZumosunSoftInventionPvt.Ltd,https://www.zumosun.com,"Jaipur, India","$1,000+",$25 - $49 / hr,10 - 49,10%,Jaipur,,India,Informado,Informado,49,10 - 49,Empresa pequeña ,SMB,AI Service residual,Empresa diversificada cuya participación de IA es limitada o residual,Asia,2,Asia,India,IND,441
TechTinderbox,http://www.techtinderbox.com,"Hyderabad, India","$5,000+",$50 - $99 / hr,10 - 49,10%,Hyderabad,,India,Informado,Informado,49,10 - 49,Empresa pequeña ,SMB,AI Service residual,Empresa diversificada cuya participación de IA es limitada o residual,Asia,2,Asia,India,IND,441
AmplifiLabs,https://www.amplifilabs.com/,"Raleigh, NC","$75,000+",Undisclosed,10 - 49,10%,Raleigh,NC,USA,Informado,No informado,49,10 - 49,Empresa pequeña ,SMB,AI Service residual,Empresa diversificada cuya participación de IA es limitada o residual,América del Norte,1,North America,USA,USA,917
Skillforce.plSp.zo.o.,http://skillforce.pl,"Gliwice, Poland","$1,000+",$25 - $49 / hr,10 - 49,25%,Gliwice,,Poland,Informado,Informado,49,10 - 49,Empresa pequeña ,SMB,AI Service complementary, Empresa diversificada que ofrece IA como una línea de servicio complementaria,Europa,2,Europe,Poland,POL,147
SafetyHeadsIoTIMobile&WebAppICyberSecurity,https://safetyheads.com/,"Wrocław, Poland","$10,000+",$25 - $49 / hr,50 - 249,10%,Wrocław,,Poland,Informado,Informado,249,50 - 249,Empresa mediana/ SME,SMB,AI Service residual,Empresa diversificada cuya participación de IA es limitada o residual,Europa,2,Europe,Poland,POL,147
TechreficTechnologiesPvt.Ltd.,https://www.techrefic.com/,"Indore, India","$5,000+",$25 - $49 / hr,10 - 49,30%,Indore,,India,Informado,Informado,49,10 - 49,Empresa pequeña ,SMB,AI Service complementary, Empresa diversificada que ofrece IA como una línea de servicio complementaria,Asia,2,Asia,India,IND,441
O'DwyerSoftware,https://odwyer.software,"London, United Kingdom","$10,000+",$100 - $149 / hr,2 - 9,10%,London,,United Kingdom,Informado,Informado,9,2 - 9,Micro Empresa,SMB,AI Service residual,Empresa diversificada cuya participación de IA es limitada o residual,Europa,2,Europe,United Kingdom,GBR,304
Ukrlogika,https://ukrlogika.com/en/our-projects/,"Kyiv, Ukraine","$10,000+",$25 - $49 / hr,10 - 49,10%,Kyiv,,Ukraine,Informado,Informado,49,10 - 49,Empresa pequeña ,SMB,AI Service residual,Empresa diversificada cuya participación de IA es limitada o residual,Europa,2,Europe,Ukraine,UKR,92
GenericSoft,https://genericsoft.eu/,"Sofia, Bulgaria","$10,000+",$25 - $49 / hr,10 - 49,10%,Sofia,,Bulgaria,Informado,Informado,49,10 - 49,Empresa pequeña ,SMB,AI Service residual,Empresa diversificada cuya participación de IA es limitada o residual,Europa,2,Europe,Bulgaria,BGR,20
SproutMatrix,http://sproutmatrix.com,"Ahmedabad, India","$10,000+",$25 - $49 / hr,10 - 49,15%,Ahmedabad,,India,Informado,Informado,49,10 - 49,Empresa pequeña ,SMB,AI Service residual,Empresa diversificada cuya participación de IA es limitada o residual,Asia,2,Asia,India,IND,441
HermitcrabsTechnologies,http://www.hermitcrabs.io,"Singapore, Singapore","$5,000+",$25 - $49 / hr,2 - 9,10%,Singapore,,Singapore,Informado,Informado,9,2 - 9,Micro Empresa,SMB,AI Service residual,Empresa diversificada cuya participación de IA es limitada o residual,Asia,2,Asia,Singapore,SGP,24
FastRopeLabs,http://www.fastrope.in,"Washington, DC","$10,000+",$150 - $199 / hr,10 - 49,10%,Washington,,USA,Informado,Informado,49,10 - 49,Empresa pequeña ,SMB,AI Service residual,Empresa diversificada cuya participación de IA es limitada o residual,América del Norte,2,North America,USA,USA,917
Codenatics,https://www.codenatics.co.za/,"Cape Town, South Africa","$250,000+",$50 - $99 / hr,2 - 9,10%,Cape Town,,South Africa,Informado,Informado,9,2 - 9,Micro Empresa,SMB,AI Service residual,Empresa diversificada cuya participación de IA es limitada o residual,África,2,Africa,South Africa,ZAF,7
DreamsoftInnovationsPrivateLimited,https://dreamsoftin.com,"Chennai, India","$1,000+",$25 - $49 / hr,2 - 9,10%,Chennai,,India,Informado,Informado,9,2 - 9,Micro Empresa,SMB,AI Service residual,Empresa diversificada cuya participación de IA es limitada o residual,Asia,2,Asia,India,IND,441
CogentLabs,https://cogentlabs.co,"Lahore, Pakistan","$1,000+",$25 - $49 / hr,10 - 49,10%,Lahore,,Pakistan,Informado,Informado,49,10 - 49,Empresa pequeña ,SMB,AI Service residual,Empresa diversificada cuya participación de IA es limitada o residual,Asia,2,Asia,Pakistan,PAK,61
OpelLabs,https://www.opellabs.com/,"San Diego, CA","$1,000+",$50 - $99 / hr,2 - 9,15%,San Diego,CA,USA,Informado,Informado,9,2 - 9,Micro Empresa,SMB,AI Service residual,Empresa diversificada cuya participación de IA es limitada o residual,América del Norte,2,North America,USA,USA,917
Developtica,https://www.developtica.com,"Istanbul, Turkey","$5,000+",$25 - $49 / hr,10 - 49,10%,Istanbul,,Turkey,Informado,Informado,49,10 - 49,Empresa pequeña ,SMB,AI Service residual,Empresa diversificada cuya participación de IA es limitada o residual,Asia,2,Asia,Turkey,TUR,18
Blobstation,https://blobstation.com/,"Dorval, Canada","$5,000+",$25 - $49 / hr,50 - 249,10%,Dorval,,Canada,Informado,Informado,249,50 - 249,Empresa mediana/ SME,SMB,AI Service residual,Empresa diversificada cuya participación de IA es limitada o residual,América del Norte,2,North America,Canada,CAN,126
Nolttechnologies,https://nolt-technologies.com/,"Khmelnytskyi, Ukraine","$100,000+",$100 - $149 / hr,10 - 49,10%,Khmelnytskyi,,Ukraine,Informado,Informado,49,10 - 49,Empresa pequeña ,SMB,AI Service residual,Empresa diversificada cuya participación de IA es limitada o residual,Europa,2,Europe,Ukraine,UKR,92
WolfLogicLtd.,https://wolflogic.co.uk/contact-us/,"Shrewsbury, United Kingdom","$5,000+",$50 - $99 / hr,2 - 9,15%,Shrewsbury,,United Kingdom,Informado,Informado,9,2 - 9,Micro Empresa,SMB,AI Service residual,Empresa diversificada cuya participación de IA es limitada o residual,Europa,2,Europe,United Kingdom,GBR,304
9LivesData,http://9livesdata.com,"Warszawa, Poland","$25,000+",$50 - $99 / hr,50 - 249,10%,Warszawa,,Poland,Informado,Informado,249,50 - 249,Empresa mediana/ SME,SMB,AI Service residual,Empresa diversificada cuya participación de IA es limitada o residual,Europa,2,Europe,Poland,POL,147
CODEMONDAY,https://codemonday.com,"Bangkok, Thailand","$10,000+",$25 - $49 / hr,10 - 49,10%,Bangkok,,Thailand,Informado,Informado,49,10 - 49,Empresa pequeña ,SMB,AI Service residual,Empresa diversificada cuya participación de IA es limitada o residual,Asia,2,Asia,Thailand,THA,5
REKALL,http://www.rekall.ai,"New York, NY","$100,000+",$200 - $300 / hr,10 - 49,10%,New York,NY,USA,Informado,Informado,49,10 - 49,Empresa pequeña ,SMB,AI Service residual,Empresa diversificada cuya participación de IA es limitada o residual,América del Norte,2,North America,USA,USA,917
PrudensioDigital,https://prudensio.co.uk,"London, United Kingdom","$25,000+",$25 - $49 / hr,2 - 9,15%,London,,United Kingdom,Informado,Informado,9,2 - 9,Micro Empresa,SMB,AI Service residual,Empresa diversificada cuya participación de IA es limitada o residual,Europa,2,Europe,United Kingdom,GBR,304
Eastsource,https://www.eastsource.tech/,"Den Haag, Netherlands","$10,000+",$25 - $49 / hr,2 - 9,10%,Den Haag,,Netherlands,Informado,Informado,9,2 - 9,Micro Empresa,SMB,AI Service residual,Empresa diversificada cuya participación de IA es limitada o residual,Europa,2,Europe,Netherlands,NLD,26
Apptware,https://apptware.com/,"Pune, India","$5,000+",< $25 / hr,50 - 249,10%,Pune,,India,Informado,Informado,249,50 - 249,Empresa mediana/ SME,SMB,AI Service residual,Empresa diversificada cuya participación de IA es limitada o residual,Asia,2,Asia,India,IND,441
Metafic,https://metafic.co/,"Bengaluru, India","$25,000+",$25 - $49 / hr,10 - 49,10%,Bengaluru,,India,Informado,Informado,49,10 - 49,Empresa pequeña ,SMB,AI Service residual,Empresa diversificada cuya participación de IA es limitada o residual,Asia,2,Asia,India,IND,441
SkyTether,http://skytether.tech,"Islamabad, Pakistan","$1,000+",$25 - $49 / hr,10 - 49,20%,Islamabad,,Pakistan,Informado,Informado,49,10 - 49,Empresa pequeña ,SMB,AI Service complementary, Empresa diversificada que ofrece IA como una línea de servicio complementaria,Asia,2,Asia,Pakistan,PAK,61
NewBitCrew,https://newbitcrew.com/en,"CABA, Argentina","$1,000+",$25 - $49 / hr,2 - 9,10%,CABA,,Argentina,Informado,Informado,9,2 - 9,Micro Empresa,SMB,AI Service residual,Empresa diversificada cuya participación de IA es limitada o residual,América del Sur,2,South America,Argentina,ARG,29
SAYYESMEDIASOLUTIONS-SYMSWEB,https://www.symsweb.com/,"Ahmedabad, India","$1,000+",< $25 / hr,10 - 49,10%,Ahmedabad,,India,Informado,Informado,49,10 - 49,Empresa pequeña ,SMB,AI Service residual,Empresa diversificada cuya participación de IA es limitada o residual,Asia,2,Asia,India,IND,441
nullBrainer,https://nullbrainer.io,"Lahore, Pakistan","$5,000+",$25 - $49 / hr,10 - 49,10%,Lahore,,Pakistan,Informado,Informado,49,10 - 49,Empresa pequeña ,SMB,AI Service residual,Empresa diversificada cuya participación de IA es limitada o residual,Asia,2,Asia,Pakistan,PAK,61
Konfront,http://www.konfront.co/,"Ciudad de México, Mexico","$10,000+",Undisclosed,10 - 49,15%,Ciudad de México,,Mexico,Informado,No informado,49,10 - 49,Empresa pequeña ,SMB,AI Service residual,Empresa diversificada cuya participación de IA es limitada o residual,América del Norte,1,North America,Mexico,MEX,31
TechnoGroupOriginator,http://www.technogroupit.com/,"Al Bataeh, United Arab Emirates","$1,000+",$25 - $49 / hr,10 - 49,25%,Al Bataeh,,United Arab Emirates,Informado,Informado,49,10 - 49,Empresa pequeña ,SMB,AI Service complementary, Empresa diversificada que ofrece IA como una línea de servicio complementaria,Oriente Medio,2,Middle East,United Arab Emirates,ARE,39
Grayphite,https://grayphite.com,"San Jose, CA","$5,000+",$25 - $49 / hr,10 - 49,10%,San Jose,CA,USA,Informado,Informado,49,10 - 49,Empresa pequeña ,SMB,AI Service residual,Empresa diversificada cuya participación de IA es limitada o residual,América del Norte,2,North America,USA,USA,917
BatteryLowInteractiveLtd,http://batterylowinteractive.com/,"Dhaka, Bangladesh","$10,000+",< $25 / hr,50 - 249,10%,Dhaka,,Bangladesh,Informado,Informado,249,50 - 249,Empresa mediana/ SME,SMB,AI Service residual,Empresa diversificada cuya participación de IA es limitada o residual,Asia,2,Asia,Bangladesh,BGD,19
Aterise,http://www.aterise.com,"Munich, Bavaria, Germany","$10,000+",$50 - $99 / hr,50 - 249,10%,Munich,Bavaria,Germany,Informado,Informado,249,50 - 249,Empresa mediana/ SME,SMB,AI Service residual,Empresa diversificada cuya participación de IA es limitada o residual,Europa,2,Europe,Germany,DEU,47
YoJonesy,https://yojonesy.com/,"New York, NY","$25,000+",Undisclosed,2 - 9,10%,New York,NY,USA,Informado,No informado,9,2 - 9,Micro Empresa,SMB,AI Service residual,Empresa diversificada cuya participación de IA es limitada o residual,América del Norte,1,North America,USA,USA,917
OraxTechnologiesLtd,https://oraxtech.com,"London, United Kingdom","$5,000+",$25 - $49 / hr,10 - 49,10%,London,,United Kingdom,Informado,Informado,49,10 - 49,Empresa pequeña ,SMB,AI Service residual,Empresa diversificada cuya participación de IA es limitada o residual,Europa,2,Europe,United Kingdom,GBR,304
RegexDotPvtLtd,https://regex.global/,"Karachi, Pakistan","$1,000+",$50 - $99 / hr,10 - 49,10%,Karachi,,Pakistan,Informado,Informado,49,10 - 49,Empresa pequeña ,SMB,AI Service residual,Empresa diversificada cuya participación de IA es limitada o residual,Asia,2,Asia,Pakistan,PAK,61
WealaxLTD,https://www.wealax.com,"London, United Kingdom","$1,000+",$50 - $99 / hr,10 - 49,10%,London,,United Kingdom,Informado,Informado,49,10 - 49,Empresa pequeña ,SMB,AI Service residual,Empresa diversificada cuya participación de IA es limitada o residual,Europa,2,Europe,United Kingdom,GBR,304
DigitalistNorthAmerica,https://www.digitalistgroup.ca/,"Vancouver, Canada","$10,000+",$100 - $149 / hr,50 - 249,10%,Vancouver,,Canada,Informado,Informado,249,50 - 249,Empresa mediana/ SME,SMB,AI Service residual,Empresa diversificada cuya participación de IA es limitada o residual,América del Norte,2,North America,Canada,CAN,126
InMinz,https://inminz.com/requirement.php,"Bhopal, India","$10,000+",< $25 / hr,10 - 49,10%,Bhopal,,India,Informado,Informado,49,10 - 49,Empresa pequeña ,SMB,AI Service residual,Empresa diversificada cuya participación de IA es limitada o residual,Asia,2,Asia,India,IND,441
Lömo,https://wearelomo.com/,"Buenos Aires, Argentina","$5,000+",$25 - $49 / hr,10 - 49,20%,Buenos Aires,,Argentina,Informado,Informado,49,10 - 49,Empresa pequeña ,SMB,AI Service complementary, Empresa diversificada que ofrece IA como una línea de servicio complementaria,América del Sur,2,South America,Argentina,ARG,29
NSJSoftware,http://www.nsjsoftware.com,"Palsana, India","$5,000+",$25 - $49 / hr,10 - 49,10%,Palsana,,India,Informado,Informado,49,10 - 49,Empresa pequeña ,SMB,AI Service residual,Empresa diversificada cuya participación de IA es limitada o residual,Asia,2,Asia,India,IND,441
Stratorsoft,http://www.stratorsoft.com,"Centennial, CO","$50,000+",$50 - $99 / hr,2 - 9,10%,Centennial,CO,USA,Informado,Informado,9,2 - 9,Micro Empresa,SMB,AI Service residual,Empresa diversificada cuya participación de IA es limitada o residual,América del Norte,2,North America,USA,USA,917
BusinessAutomaticsJSC,http://ba-devlab.com,"Kharkiv, Ukraine","$5,000+",$25 - $49 / hr,10 - 49,10%,Kharkiv,,Ukraine,Informado,Informado,49,10 - 49,Empresa pequeña ,SMB,AI Service residual,Empresa diversificada cuya participación de IA es limitada o residual,Europa,2,Europe,Ukraine,UKR,92
TheStraightUpTechnologies,https://www.thestraightuptech.com,"Udaipur, India","$5,000+",$25 - $49 / hr,2 - 9,10%,Udaipur,,India,Informado,Informado,9,2 - 9,Micro Empresa,SMB,AI Service residual,Empresa diversificada cuya participación de IA es limitada o residual,Asia,2,Asia,India,IND,441
Nebulic,https://nebulic.com,"Warszawa, Poland","$10,000+",$50 - $99 / hr,2 - 9,10%,Warszawa,,Poland,Informado,Informado,9,2 - 9,Micro Empresa,SMB,AI Service residual,Empresa diversificada cuya participación de IA es limitada o residual,Europa,2,Europe,Poland,POL,147
Project42Labs,https://www.project42labs.com/,"Noida, India","$1,000+",$25 - $49 / hr,2 - 9,22%,Noida,,India,Informado,Informado,9,2 - 9,Micro Empresa,SMB,AI Service complementary, Empresa diversificada que ofrece IA como una línea de servicio complementaria,Asia,2,Asia,India,IND,441
ChawtechSolutionsPvt.Ltd.,https://www.chawtechsolutions.com/,"Noida, India","$1,000+",< $25 / hr,50 - 249,10%,Noida,,India,Informado,Informado,249,50 - 249,Empresa mediana/ SME,SMB,AI Service residual,Empresa diversificada cuya participación de IA es limitada o residual,Asia,2,Asia,India,IND,441
TekbeesInc,https://www.tekbees.com/,"Bogotá, Colombia",Undisclosed,$25 - $49 / hr,10 - 49,15%,Bogotá,,Colombia,No informado,Informado,49,10 - 49,Empresa pequeña ,SMB,AI Service residual,Empresa diversificada cuya participación de IA es limitada o residual,América del Sur,1,South America,Colombia,COL,43
Levogy,https://levogy.com,"Nashville, TN","$5,000+",$150 - $199 / hr,2 - 9,10%,Nashville,TN,USA,Informado,Informado,9,2 - 9,Micro Empresa,SMB,AI Service residual,Empresa diversificada cuya participación de IA es limitada o residual,América del Norte,2,North America,USA,USA,917
RIGHTVOWSTECHNOLOGIES,https://rightvowstech.com,"Kochi, India","$1,000+",$25 - $49 / hr,2 - 9,10%,Kochi,,India,Informado,Informado,9,2 - 9,Micro Empresa,SMB,AI Service residual,Empresa diversificada cuya participación de IA es limitada o residual,Asia,2,Asia,India,IND,441
NineStack,https://ninestack.com/,"Penha de França, India","$5,000+",< $25 / hr,50 - 249,10%,Penha de França,,India,Informado,Informado,249,50 - 249,Empresa mediana/ SME,SMB,AI Service residual,Empresa diversificada cuya participación de IA es limitada o residual,Asia,2,Asia,India,IND,441
DoITSoftware,https://www.doitsoftware.pl/en/,"Gliwice, Poland","$5,000+",$50 - $99 / hr,2 - 9,10%,Gliwice,,Poland,Informado,Informado,9,2 - 9,Micro Empresa,SMB,AI Service residual,Empresa diversificada cuya participación de IA es limitada o residual,Europa,2,Europe,Poland,POL,147
Saburly,http://saburly.com,"Sarajevo, Bosnia and Herzegovina",Undisclosed,Undisclosed,2 - 9,10%,Sarajevo,,Bosnia and Herzegovina,No informado,No informado,9,2 - 9,Micro Empresa,SMB,AI Service residual,Empresa diversificada cuya participación de IA es limitada o residual,Europa,0,Europe,Bosnia and Herzegovina,BIH,5
Bartonova,https://bartonova.solutions,"Odry, Czech Republic","$10,000+",$50 - $99 / hr,2 - 9,10%,Odry,,Czech Republic,Informado,Informado,9,2 - 9,Micro Empresa,SMB,AI Service residual,Empresa diversificada cuya participación de IA es limitada o residual,Europa,2,Europe,Czech Republic,CZE,24
CodersRegion,http://www.codersregion.com,"Lahore, Pakistan","$5,000+",< $25 / hr,Freelancer,10%,Lahore,,Pakistan,Informado,Informado,0,No informado,No aplica,Freelancer,AI Service residual,Empresa diversificada cuya participación de IA es limitada o residual,Asia,2,Asia,Pakistan,PAK,61
TechBridgeConsultancyServicesLLP,http://www.tech-bridge.biz,"Gurugram, India","$5,000+",$25 - $49 / hr,10 - 49,10%,Gurugram,,India,Informado,Informado,49,10 - 49,Empresa pequeña ,SMB,AI Service residual,Empresa diversificada cuya participación de IA es limitada o residual,Asia,2,Asia,India,IND,441
BAPits,http://www.bapits.com,"Paris, France","$1,000+",$50 - $99 / hr,10 - 49,10%,Paris,,France,Informado,Informado,49,10 - 49,Empresa pequeña ,SMB,AI Service residual,Empresa diversificada cuya participación de IA es limitada o residual,Europa,2,Europe,France,FRA,14
Zuccotech,https://zucco.tech,"San Francisco, CA","$5,000+",$25 - $49 / hr,10 - 49,10%,San Francisco,CA,USA,Informado,Informado,49,10 - 49,Empresa pequeña ,SMB,AI Service residual,Empresa diversificada cuya participación de IA es limitada o residual,América del Norte,2,North America,USA,USA,917
FrshrTechnologies,https://www.frshr.tech/,"Claymont, DE","$10,000+",$25 - $49 / hr,50 - 249,25%,Claymont,DE,USA,Informado,Informado,249,50 - 249,Empresa mediana/ SME,SMB,AI Service complementary, Empresa diversificada que ofrece IA como una línea de servicio complementaria,América del Norte,2,North America,USA,USA,917
IGERENCIA,https://eng.igerencia.com,"Medellín, Colombia","$1,000+",< $25 / hr,50 - 249,25%,Medellín,,Colombia,Informado,Informado,249,50 - 249,Empresa mediana/ SME,SMB,AI Service complementary, Empresa diversificada que ofrece IA como una línea de servicio complementaria,América del Sur,2,South America,Colombia,COL,43
Profinit,https://profinit.eu/,"Prague, Czech Republic","$250,000+",$50 - $99 / hr,250 - 999,10%,Prague,,Czech Republic,Informado,Informado,999,250 - 999,Empresa grande/fuera SME,Mid-market,AI Service residual,Empresa diversificada cuya participación de IA es limitada o residual,Europa,2,Europe,Czech Republic,CZE,24
AppsWiseTechnologies,https://appswise.com,"Wilmington, DE","$5,000+",$50 - $99 / hr,10 - 49,10%,Wilmington,DE,USA,Informado,Informado,49,10 - 49,Empresa pequeña ,SMB,AI Service residual,Empresa diversificada cuya participación de IA es limitada o residual,América del Norte,2,North America,USA,USA,917
KivySoftware,https://kivy.pl,"Poznań, Poland","$10,000+",$25 - $49 / hr,2 - 9,10%,Poznań,,Poland,Informado,Informado,9,2 - 9,Micro Empresa,SMB,AI Service residual,Empresa diversificada cuya participación de IA es limitada o residual,Europa,2,Europe,Poland,POL,147
Builder.ai,https://www.builder.ai/,"London, United Kingdom","$5,000+",< $25 / hr,250 - 999,10%,London,,United Kingdom,Informado,Informado,999,250 - 999,Empresa grande/fuera SME,Mid-market,AI Service residual,Empresa diversificada cuya participación de IA es limitada o residual,Europa,2,Europe,United Kingdom,GBR,304
TopographixSolutions,https://topographixequipments.com/,"Pune, India","$5,000+",$25 - $49 / hr,10 - 49,10%,Pune,,India,Informado,Informado,49,10 - 49,Empresa pequeña ,SMB,AI Service residual,Empresa diversificada cuya participación de IA es limitada o residual,Asia,2,Asia,India,IND,441
LinearloopPvt.LTD,https://linearloop.io,"Ahmedabad, India","$1,000+",$25 - $49 / hr,10 - 49,10%,Ahmedabad,,India,Informado,Informado,49,10 - 49,Empresa pequeña ,SMB,AI Service residual,Empresa diversificada cuya participación de IA es limitada o residual,Asia,2,Asia,India,IND,441
AgrelloTechnologyPrivateLimited,https://agrellotech.com/,"Bengaluru, India","$1,000+",< $25 / hr,10 - 49,10%,Bengaluru,,India,Informado,Informado,49,10 - 49,Empresa pequeña ,SMB,AI Service residual,Empresa diversificada cuya participación de IA es limitada o residual,Asia,2,Asia,India,IND,441
AppWish,https://www.appwish.pl,"Warszawa, Poland","$5,000+",$25 - $49 / hr,2 - 9,10%,Warszawa,,Poland,Informado,Informado,9,2 - 9,Micro Empresa,SMB,AI Service residual,Empresa diversificada cuya participación de IA es limitada o residual,Europa,2,Europe,Poland,POL,147
TangentiaInc,https://www.tangentia.com/,"Wilmington, DE","$50,000+",$100 - $149 / hr,250 - 999,25%,Wilmington,DE,USA,Informado,Informado,999,250 - 999,Empresa grande/fuera SME,Mid-market,AI Service complementary, Empresa diversificada que ofrece IA como una línea de servicio complementaria,América del Norte,2,North America,USA,USA,917
RevCode.,https://revcode.it,"Wroclaw, Poland","$5,000+",$25 - $49 / hr,10 - 49,10%,Wroclaw,,Poland,Informado,Informado,49,10 - 49,Empresa pequeña ,SMB,AI Service residual,Empresa diversificada cuya participación de IA es limitada o residual,Europa,2,Europe,Poland,POL,147
BlazingTrailPvtLtd,http://www.blazingtrail.in,"Nueva Delhi, Delhi, India","$5,000+",< $25 / hr,2 - 9,10%,Nueva Delhi,Delhi,India,Informado,Informado,9,2 - 9,Micro Empresa,SMB,AI Service residual,Empresa diversificada cuya participación de IA es limitada o residual,Asia,2,Asia,India,IND,441
UtterCodeSoftware&Services,https://uttercode.com/,"Jalgaon, India","$1,000+",< $25 / hr,2 - 9,10%,Jalgaon,,India,Informado,Informado,9,2 - 9,Micro Empresa,SMB,AI Service residual,Empresa diversificada cuya participación de IA es limitada o residual,Asia,2,Asia,India,IND,441
GatesWeb,https://www.gatesweb.it/,"London, United Kingdom","$1,000+",$100 - $149 / hr,2 - 9,70%,London,,United Kingdom,Informado,Informado,9,2 - 9,Micro Empresa,SMB,AI Focus principal,Empresa que su negocio principal gira en torno a servicios AI,Europa,2,Europe,United Kingdom,GBR,304
Cognitiva,https://www.cognitiva.dev/,"New York, NY","$5,000+",$50 - $99 / hr,2 - 9,70%,New York,NY,USA,Informado,Informado,9,2 - 9,Micro Empresa,SMB,AI Focus principal,Empresa que su negocio principal gira en torno a servicios AI,América del Norte,2,North America,USA,USA,917
NeuraxioInc.,https://www.neuraxio.com/,"Saint-Augustin-de-Desmaures, Canada","$5,000+",$100 - $149 / hr,2 - 9,90%,Saint-Augustin-de-Desmaures,,Canada,Informado,Informado,9,2 - 9,Micro Empresa,SMB,AI Focus principal,Empresa que su negocio principal gira en torno a servicios AI,América del Norte,2,North America,Canada,CAN,126
Factmata,https://factmata.com/,"London, United Kingdom",Undisclosed,Undisclosed,10 - 49,80%,London,,United Kingdom,No informado,No informado,49,10 - 49,Empresa pequeña ,SMB,AI Focus principal,Empresa que su negocio principal gira en torno a servicios AI,Europa,0,Europe,United Kingdom,GBR,304
Intelliarts,https://intelliarts.com,"L'viv, Ukraine","$50,000+",$50 - $99 / hr,50 - 249,40%,L'viv,,Ukraine,Informado,Informado,249,50 - 249,Empresa mediana/ SME,SMB,AI Service complementary, Empresa diversificada que ofrece IA como una línea de servicio complementaria,Europa,2,Europe,Ukraine,UKR,92
VegavidTechnology,https://vegavid.com,"Maharashtra, India","$25,000+",$50 - $99 / hr,10 - 49,50%,Maharashtra,,India,Informado,Informado,49,10 - 49,Empresa pequeña ,SMB,AI Focus,"Empresa con especialización destacada en IA, representa más de la mitad de su actividad",Asia,2,Asia,India,IND,441
Senzmate,https://www.senzmate.com/,"Colombo, Sri Lanka","$5,000+",$25 - $49 / hr,10 - 49,40%,Colombo,,Sri Lanka,Informado,Informado,49,10 - 49,Empresa pequeña ,SMB,AI Service complementary, Empresa diversificada que ofrece IA como una línea de servicio complementaria,Asia,2,Asia,Sri Lanka,LKA,15
FirstBridge,https://firstbridge.io/,"Warszawa, Poland","$10,000+",$50 - $99 / hr,50 - 249,25%,Warszawa,,Poland,Informado,Informado,249,50 - 249,Empresa mediana/ SME,SMB,AI Service complementary, Empresa diversificada que ofrece IA como una línea de servicio complementaria,Europa,2,Europe,Poland,POL,147
KUNGFU.AI,https://www.kungfu.ai/,"Austin, TX","$50,000+",Undisclosed,10 - 49,50%,Austin,TX,USA,Informado,No informado,49,10 - 49,Empresa pequeña ,SMB,AI Focus,"Empresa con especialización destacada en IA, representa más de la mitad de su actividad",América del Norte,1,North America,USA,USA,917
INSCOPE,https://www.inscope-llc.com/,"Yerevan, Armenia","$5,000+",< $25 / hr,10 - 49,15%,Yerevan,,Armenia,Informado,Informado,49,10 - 49,Empresa pequeña ,SMB,AI Service residual,Empresa diversificada cuya participación de IA es limitada o residual,Asia,2,Asia,Armenia,ARM,11
iENGINEERINGCorporation,https://www.iengineering.com/,"Chantilly, VA","$25,000+",$100 - $149 / hr,50 - 249,10%,Chantilly,VA,USA,Informado,Informado,249,50 - 249,Empresa mediana/ SME,SMB,AI Service residual,Empresa diversificada cuya participación de IA es limitada o residual,América del Norte,2,North America,USA,USA,917
WebSpiders(India)Pvt.Ltd.,http://www.webspiders.com/,"Kolkata, India",Undisclosed,< $25 / hr,50 - 249,10%,Kolkata,,India,No informado,Informado,249,50 - 249,Empresa mediana/ SME,SMB,AI Service residual,Empresa diversificada cuya participación de IA es limitada o residual,Asia,1,Asia,India,IND,441
U-HopperSrl,https://www.u-hopper.com/big-data-analytics/,"Trento, Italy","$10,000+",$100 - $149 / hr,10 - 49,40%,Trento,,Italy,Informado,Informado,49,10 - 49,Empresa pequeña ,SMB,AI Service complementary, Empresa diversificada que ofrece IA como una línea de servicio complementaria,Europa,2,Europe,Italy,ITA,18
SSDBTechServices,http://www.ssdbtech.com/,"Dallas, TX","$25,000+",$25 - $49 / hr,50 - 249,10%,Dallas,TX,USA,Informado,Informado,249,50 - 249,Empresa mediana/ SME,SMB,AI Service residual,Empresa diversificada cuya participación de IA es limitada o residual,América del Norte,2,North America,USA,USA,917
MegazoneAICenter,https://www.megazone.com/us/,"Seoul, South Korea",Undisclosed,Undisclosed,"1,000 - 9,999",40%,Seoul,,South Korea,No informado,No informado,9999,1000 - 9999,Empresa grande /fuera SM,Enterprise,AI Service complementary, Empresa diversificada que ofrece IA como una línea de servicio complementaria,Asia,0,Asia,South Korea,South Korea,2
E42,https://www.e42.ai,"Pune, India","$10,000+",Undisclosed,50 - 249,100%,Pune,,India,Informado,No informado,249,50 - 249,Empresa mediana/ SME,SMB,AI Focus principal,Empresa que su negocio principal gira en torno a servicios AI,Asia,1,Asia,India,IND,441
AITechnologies,https://aitechnologies.co,"Newark, NJ","$25,000+",Undisclosed,2 - 9,50%,Newark,NJ,USA,Informado,No informado,9,2 - 9,Micro Empresa,SMB,AI Focus,"Empresa con especialización destacada en IA, representa más de la mitad de su actividad",América del Norte,1,North America,USA,USA,917
Inceite,https://inceite.com,"Warszawa, Poland","$5,000+",$100 - $149 / hr,2 - 9,50%,Warszawa,,Poland,Informado,Informado,9,2 - 9,Micro Empresa,SMB,AI Focus,"Empresa con especialización destacada en IA, representa más de la mitad de su actividad",Europa,2,Europe,Poland,POL,147
SensViz,https://sensviz.com,"Lahore, Pakistan","$5,000+",$50 - $99 / hr,10 - 49,70%,Lahore,,Pakistan,Informado,Informado,49,10 - 49,Empresa pequeña ,SMB,AI Focus principal,Empresa que su negocio principal gira en torno a servicios AI,Asia,2,Asia,Pakistan,PAK,61
CogitoTechLLC,http://www.cogitotech.com,"Levittown, NY","$5,000+",< $25 / hr,"1,000 - 9,999",40%,Levittown,NY,USA,Informado,Informado,9999,1000 - 9999,Empresa grande /fuera SM,Enterprise,AI Service complementary, Empresa diversificada que ofrece IA como una línea de servicio complementaria,América del Norte,2,North America,USA,USA,917
USMBusinessSystems,https://www.usmsystems.com/,"Chantilly, VA","$10,000+",Undisclosed,250 - 999,50%,Chantilly,VA,USA,Informado,No informado,999,250 - 999,Empresa grande/fuera SME,Mid-market,AI Focus,"Empresa con especialización destacada en IA, representa más de la mitad de su actividad",América del Norte,1,North America,USA,USA,917
AmbitAILimited,https://www.ambit.ai/,"Auckland, New Zealand",Undisclosed,Undisclosed,10 - 49,80%,Auckland,,New Zealand,No informado,No informado,49,10 - 49,Empresa pequeña ,SMB,AI Focus principal,Empresa que su negocio principal gira en torno a servicios AI,Oceanía,0,Oceania,New Zealand,NZL,4
AnswerRocket,https://www.answerrocket.com/,"Atlanta, GA","$25,000+",Undisclosed,50 - 249,50%,Atlanta,GA,USA,Informado,No informado,249,50 - 249,Empresa mediana/ SME,SMB,AI Focus,"Empresa con especialización destacada en IA, representa más de la mitad de su actividad",América del Norte,1,North America,USA,USA,917
Magnetic,https://www.magnetic.com/,"New York, NY","$5,000+",$100 - $149 / hr,250 - 999,35%,New York,NY,USA,Informado,Informado,999,250 - 999,Empresa grande/fuera SME,Mid-market,AI Service complementary, Empresa diversificada que ofrece IA como una línea de servicio complementaria,América del Norte,2,North America,USA,USA,917
Genpact,http://www.genpact.com/,"New York, NY","$1,000+",< $25 / hr,"10,000+",20%,New York,NY,USA,Informado,Informado,10000,10000,Empresa grande /fuera SME,Enterprise,AI Service complementary, Empresa diversificada que ofrece IA como una línea de servicio complementaria,América del Norte,2,North America,USA,USA,917
Reply,http://www.reply.com/it/,"London, United Kingdom","$5,000+",$100 - $149 / hr,"1,000 - 9,999",25%,London,,United Kingdom,Informado,Informado,9999,1000 - 9999,Empresa grande /fuera SM,Enterprise,AI Service complementary, Empresa diversificada que ofrece IA como una línea de servicio complementaria,Europa,2,Europe,United Kingdom,GBR,304
Blippar,https://www.blippar.com/,"London, United Kingdom",Undisclosed,Undisclosed,50 - 249,60%,London,,United Kingdom,No informado,No informado,249,50 - 249,Empresa mediana/ SME,SMB,AI Focus,"Empresa con especialización destacada en IA, representa más de la mitad de su actividad",Europa,0,Europe,United Kingdom,GBR,304
BabylonHealth,https://www.babylonhealth.com/,"London, United Kingdom",Undisclosed,Undisclosed,250 - 999,100%,London,,United Kingdom,No informado,No informado,999,250 - 999,Empresa grande/fuera SME,Mid-market,AI Focus principal,Empresa que su negocio principal gira en torno a servicios AI,Europa,0,Europe,United Kingdom,GBR,304
DeepMind,https://deepmind.com/,"London, United Kingdom",Undisclosed,Undisclosed,250 - 999,100%,London,,United Kingdom,No informado,No informado,999,250 - 999,Empresa grande/fuera SME,Mid-market,AI Focus principal,Empresa que su negocio principal gira en torno a servicios AI,Europa,0,Europe,United Kingdom,GBR,304
StarshipTechnologies,https://www.starship.xyz/,"London, United Kingdom",Undisclosed,Undisclosed,50 - 249,100%,London,,United Kingdom,No informado,No informado,249,50 - 249,Empresa mediana/ SME,SMB,AI Focus principal,Empresa que su negocio principal gira en torno a servicios AI,Europa,0,Europe,United Kingdom,GBR,304
Dynatrace,http://dynatrace.com,"München, Germany",Undisclosed,Undisclosed,"1,000 - 9,999",60%,München,,Germany,No informado,No informado,9999,1000 - 9999,Empresa grande /fuera SM,Enterprise,AI Focus,"Empresa con especialización destacada en IA, representa más de la mitad de su actividad",Europa,0,Europe,Germany,DEU,47
Lionbridge,http://lionbridge.com,"Waltham, MA",Undisclosed,Undisclosed,"1,000 - 9,999",30%,Waltham,MA,USA,No informado,No informado,9999,1000 - 9999,Empresa grande /fuera SM,Enterprise,AI Service complementary, Empresa diversificada que ofrece IA como una línea de servicio complementaria,América del Norte,0,North America,USA,USA,917
MoleyRobotics,http://www.moley.com/,"London, United Kingdom",Undisclosed,Undisclosed,10 - 49,100%,London,,United Kingdom,No informado,No informado,49,10 - 49,Empresa pequeña ,SMB,AI Focus principal,Empresa que su negocio principal gira en torno a servicios AI,Europa,0,Europe,United Kingdom,GBR,304
CSAIL-MIT,https://www.csail.mit.edu/,"Cambridge, MA",Undisclosed,Undisclosed,250 - 999,100%,Cambridge,MA,USA,No informado,No informado,999,250 - 999,Empresa grande/fuera SME,Mid-market,AI Focus principal,Empresa que su negocio principal gira en torno a servicios AI,América del Norte,0,North America,USA,USA,917
ClearpathRobotics.,https://www.clearpathrobotics.com/,"Kitchener, Canada",Undisclosed,Undisclosed,10 - 49,100%,Kitchener,,Canada,No informado,No informado,49,10 - 49,Empresa pequeña ,SMB,AI Focus principal,Empresa que su negocio principal gira en torno a servicios AI,América del Norte,0,North America,Canada,CAN,126
H2ventures,https://h2.vc/,"Sydney, Australia",Undisclosed,Undisclosed,10 - 49,100%,Sydney,,Australia,No informado,No informado,49,10 - 49,Empresa pequeña ,SMB,AI Focus principal,Empresa que su negocio principal gira en torno a servicios AI,Oceanía,0,Oceania,Australia,AUS,96
"InsilicoMedicine,Inc",https://insilico.com/,"Rockville, MD",Undisclosed,Undisclosed,10 - 49,100%,Rockville,MD,USA,No informado,No informado,49,10 - 49,Empresa pequeña ,SMB,AI Focus principal,Empresa que su negocio principal gira en torno a servicios AI,América del Norte,0,North America,USA,USA,917
"EnigmaTechnologies,Inc.",https://www.enigma.com/,"New York, NY",Undisclosed,Undisclosed,50 - 249,100%,New York,NY,USA,No informado,No informado,249,50 - 249,Empresa mediana/ SME,SMB,AI Focus principal,Empresa que su negocio principal gira en torno a servicios AI,América del Norte,0,North America,USA,USA,917
Dialogflow,https://dialogflow.com/,"Mountain View, California, Estados Unidos",Undisclosed,Undisclosed,10 - 49,100%,Mountain View,California,USA,No informado,No informado,49,10 - 49,Empresa pequeña ,SMB,AI Focus principal,Empresa que su negocio principal gira en torno a servicios AI,América del Norte,0,North America,USA,USA,917
Databricks,https://databricks.com/,"San Francisco, CA",Undisclosed,Undisclosed,250 - 999,100%,San Francisco,CA,USA,No informado,No informado,999,250 - 999,Empresa grande/fuera SME,Mid-market,AI Focus principal,Empresa que su negocio principal gira en torno a servicios AI,América del Norte,0,North America,USA,USA,917
MorganStanley,https://www.techstars.com,"New York, Estados Unidos",Undisclosed,Undisclosed,250 - 999,100%,New York,,USA,No informado,No informado,999,250 - 999,Empresa grande/fuera SME,Mid-market,AI Focus principal,Empresa que su negocio principal gira en torno a servicios AI,América del Norte,0,North America,USA,USA,917
C3.ai,https://c3.ai/,"Redwood City, CA",Undisclosed,Undisclosed,250 - 999,100%,Redwood City,CA,USA,No informado,No informado,999,250 - 999,Empresa grande/fuera SME,Mid-market,AI Focus principal,Empresa que su negocio principal gira en torno a servicios AI,América del Norte,0,North America,USA,USA,917
Algorithmia,https://algorithmia.com/,"Seattle, WA",Undisclosed,Undisclosed,10 - 49,100%,Seattle,WA,USA,No informado,No informado,49,10 - 49,Empresa pequeña ,SMB,AI Focus principal,Empresa que su negocio principal gira en torno a servicios AI,América del Norte,0,North America,USA,USA,917
UnanimousAI,https://unanimous.ai/,"San Francisco, CA",Undisclosed,Undisclosed,10 - 49,100%,San Francisco,CA,USA,No informado,No informado,49,10 - 49,Empresa pequeña ,SMB,AI Focus principal,Empresa que su negocio principal gira en torno a servicios AI,América del Norte,0,North America,USA,USA,917
"RStudio,Inc.",https://rstudio.com/,"Boston, MA",Undisclosed,Undisclosed,50 - 249,100%,Boston,MA,USA,No informado,No informado,249,50 - 249,Empresa mediana/ SME,SMB,AI Focus principal,Empresa que su negocio principal gira en torno a servicios AI,América del Norte,0,North America,USA,USA,917
RecordedFuture,https://www.recordedfuture.com/,"Somerville, MA",Undisclosed,Undisclosed,250 - 999,50%,Somerville,MA,USA,No informado,No informado,999,250 - 999,Empresa grande/fuera SME,Mid-market,AI Focus,"Empresa con especialización destacada en IA, representa más de la mitad de su actividad",América del Norte,0,North America,USA,USA,917
Evergage,https://www.evergage.com/,"Somerville, MA",Undisclosed,Undisclosed,50 - 249,50%,Somerville,MA,USA,No informado,No informado,249,50 - 249,Empresa mediana/ SME,SMB,AI Focus,"Empresa con especialización destacada en IA, representa más de la mitad de su actividad",América del Norte,0,North America,USA,USA,917
DELMIAGlobalOperations,https://www.3ds.com,"Auburn Hills, MI",Undisclosed,Undisclosed,50 - 249,100%,Auburn Hills,MI,USA,No informado,No informado,249,50 - 249,Empresa mediana/ SME,SMB,AI Focus principal,Empresa que su negocio principal gira en torno a servicios AI,América del Norte,0,North America,USA,USA,917
GumGum,https://gumgum.com/,"Chicago, IL",Undisclosed,Undisclosed,250 - 999,50%,Chicago,IL,USA,No informado,No informado,999,250 - 999,Empresa grande/fuera SME,Mid-market,AI Focus,"Empresa con especialización destacada en IA, representa más de la mitad de su actividad",América del Norte,0,North America,USA,USA,917
SymphonyAyasdiAI,https://www.ayasdi.com/,"Menlo Park, CA",Undisclosed,Undisclosed,50 - 249,50%,Menlo Park,CA,USA,No informado,No informado,249,50 - 249,Empresa mediana/ SME,SMB,AI Focus,"Empresa con especialización destacada en IA, representa más de la mitad de su actividad",América del Norte,0,North America,USA,USA,917
Numenta,https://numenta.com/,"Redwood City, CA",Undisclosed,Undisclosed,10 - 49,100%,Redwood City,CA,USA,No informado,No informado,49,10 - 49,Empresa pequeña ,SMB,AI Focus principal,Empresa que su negocio principal gira en torno a servicios AI,América del Norte,0,North America,USA,USA,917
Persado,http://www.persado.com,"New York, NY",Undisclosed,Undisclosed,50 - 249,100%,New York,NY,USA,No informado,No informado,249,50 - 249,Empresa mediana/ SME,SMB,AI Focus principal,Empresa que su negocio principal gira en torno a servicios AI,América del Norte,0,North America,USA,USA,917
SamsungSdsMéxico,http://www.samsungsds.com/,"Cuautitlan Izcalli, Mexico",Undisclosed,Undisclosed,"10,000+",25%,Cuautitlan Izcalli,,Mexico,No informado,No informado,10000,10000,Empresa grande /fuera SME,Enterprise,AI Service complementary, Empresa diversificada que ofrece IA como una línea de servicio complementaria,América del Norte,0,North America,Mexico,MEX,31
ABBYY,http://www.abbyy.com/,"Wan Chai, Hong Kong",Undisclosed,Undisclosed,"1,000 - 9,999",35%,Wan Chai,,Hong Kong,No informado,No informado,9999,1000 - 9999,Empresa grande /fuera SM,Enterprise,AI Service complementary, Empresa diversificada que ofrece IA como una línea de servicio complementaria,Asia,0,Asia,Hong Kong,HKG,12
Veritone,https://www.veritone.com/,"Costa Mesa, CA",Undisclosed,Undisclosed,50 - 249,100%,Costa Mesa,CA,USA,No informado,No informado,249,50 - 249,Empresa mediana/ SME,SMB,AI Focus principal,Empresa que su negocio principal gira en torno a servicios AI,América del Norte,0,North America,USA,USA,917
Q3Technologies,http://www.q3tech.com,"Walpole, MA","$10,000+",< $25 / hr,250 - 999,20%,Walpole,MA,USA,Informado,Informado,999,250 - 999,Empresa grande/fuera SME,Mid-market,AI Service complementary, Empresa diversificada que ofrece IA como una línea de servicio complementaria,América del Norte,2,North America,USA,USA,917
Synechron,https://www.synechron.com/,"New York, NY","$10,000+",$50 - $99 / hr,"1,000 - 9,999",25%,New York,NY,USA,Informado,Informado,9999,1000 - 9999,Empresa grande /fuera SM,Enterprise,AI Service complementary, Empresa diversificada que ofrece IA como una línea de servicio complementaria,América del Norte,2,North America,USA,USA,917
MitosisTechnologies,https://www.mitosistech.com,"Romford, United Kingdom","$10,000+",$25 - $49 / hr,250 - 999,40%,Romford,,United Kingdom,Informado,Informado,999,250 - 999,Empresa grande/fuera SME,Mid-market,AI Service complementary, Empresa diversificada que ofrece IA como una línea de servicio complementaria,Europa,2,Europe,United Kingdom,GBR,304
AYLIEN,https://aylien.com/,"Dublin 2, Ireland",Undisclosed,Undisclosed,10 - 49,100%,Dublin 2,,Ireland,No informado,No informado,49,10 - 49,Empresa pequeña ,SMB,AI Focus principal,Empresa que su negocio principal gira en torno a servicios AI,Europa,0,Europe,Ireland,IRL,8
Coveo,https://www.coveo.com/en,"Québec, Canada",Undisclosed,Undisclosed,50 - 249,100%,Québec,,Canada,No informado,No informado,249,50 - 249,Empresa mediana/ SME,SMB,AI Focus principal,Empresa que su negocio principal gira en torno a servicios AI,América del Norte,0,North America,Canada,CAN,126
LoopMe,https://loopme.com/,"London, United Kingdom",Undisclosed,Undisclosed,50 - 249,50%,London,,United Kingdom,No informado,No informado,249,50 - 249,Empresa mediana/ SME,SMB,AI Focus,"Empresa con especialización destacada en IA, representa más de la mitad de su actividad",Europa,0,Europe,United Kingdom,GBR,304
DesktopGenetics,https://www.deskgen.com/,"London, United Kingdom",Undisclosed,Undisclosed,10 - 49,100%,London,,United Kingdom,No informado,No informado,49,10 - 49,Empresa pequeña ,SMB,AI Focus principal,Empresa que su negocio principal gira en torno a servicios AI,Europa,0,Europe,United Kingdom,GBR,304
Featurespace,https://www.featurespace.com/,"London, United Kingdom",Undisclosed,Undisclosed,50 - 249,75%,London,,United Kingdom,No informado,No informado,249,50 - 249,Empresa mediana/ SME,SMB,AI Focus principal,Empresa que su negocio principal gira en torno a servicios AI,Europa,0,Europe,United Kingdom,GBR,304
WIREWAX,https://www.wirewax.com/,"London, United Kingdom",Undisclosed,Undisclosed,50 - 249,100%,London,,United Kingdom,No informado,No informado,249,50 - 249,Empresa mediana/ SME,SMB,AI Focus principal,Empresa que su negocio principal gira en torno a servicios AI,Europa,0,Europe,United Kingdom,GBR,304
Cycorp,http://www.cyc.com/,"Austin, TX",Undisclosed,Undisclosed,50 - 249,60%,Austin,TX,USA,No informado,No informado,249,50 - 249,Empresa mediana/ SME,SMB,AI Focus,"Empresa con especialización destacada en IA, representa más de la mitad de su actividad",América del Norte,0,North America,USA,USA,917
deepsense.ai,http://www.deepsense.ai,"Warsaw, Poland","$50,000+",$100 - $149 / hr,50 - 249,80%,Warsaw,,Poland,Informado,Informado,249,50 - 249,Empresa mediana/ SME,SMB,AI Focus principal,Empresa que su negocio principal gira en torno a servicios AI,Europa,2,Europe,Poland,POL,147
Jacada,https://www.jacada.com/,"Alpharetta, GA",Undisclosed,Undisclosed,50 - 249,50%,Alpharetta,GA,USA,No informado,No informado,249,50 - 249,Empresa mediana/ SME,SMB,AI Focus,"Empresa con especialización destacada en IA, representa más de la mitad de su actividad",América del Norte,0,North America,USA,USA,917
BetaSharesETFs,https://www.betashares.com.au/,"Sydney, Australia",Undisclosed,Undisclosed,10 - 49,100%,Sydney,,Australia,No informado,No informado,49,10 - 49,Empresa pequeña ,SMB,AI Focus principal,Empresa que su negocio principal gira en torno a servicios AI,Oceanía,0,Oceania,Australia,AUS,96
ObEN,https://oben.me/,"Pasadena, CA",Undisclosed,Undisclosed,10 - 49,100%,Pasadena,CA,USA,No informado,No informado,49,10 - 49,Empresa pequeña ,SMB,AI Focus principal,Empresa que su negocio principal gira en torno a servicios AI,América del Norte,0,North America,USA,USA,917
ArgoAI,https://www.argo.ai/,"Pittsburgh, PA",Undisclosed,Undisclosed,250 - 999,100%,Pittsburgh,PA,USA,No informado,No informado,999,250 - 999,Empresa grande/fuera SME,Mid-market,AI Focus principal,Empresa que su negocio principal gira en torno a servicios AI,América del Norte,0,North America,USA,USA,917
AImotive,https://aimotive.com,"Mountain View, CA",Undisclosed,Undisclosed,10 - 49,100%,Mountain View,CA,USA,No informado,No informado,49,10 - 49,Empresa pequeña ,SMB,AI Focus principal,Empresa que su negocio principal gira en torno a servicios AI,América del Norte,0,North America,USA,USA,917
Primer,https://primer.ai,"San Francisco, ",Undisclosed,Undisclosed,10 - 49,100%,San Francisco,,USA,No informado,No informado,49,10 - 49,Empresa pequeña ,SMB,AI Focus principal,Empresa que su negocio principal gira en torno a servicios AI,América del Norte,0,North America,USA,USA,917
Olive,https://oliveai.com/,"Columbus, OH",Undisclosed,Undisclosed,50 - 249,100%,Columbus,OH,USA,No informado,No informado,249,50 - 249,Empresa mediana/ SME,SMB,AI Focus principal,Empresa que su negocio principal gira en torno a servicios AI,América del Norte,0,North America,USA,USA,917
Bonsai,https://www.bons.ai/,"Berkeley, CA",Undisclosed,Undisclosed,10 - 49,100%,Berkeley,CA,USA,No informado,No informado,49,10 - 49,Empresa pequeña ,SMB,AI Focus principal,Empresa que su negocio principal gira en torno a servicios AI,América del Norte,0,North America,USA,USA,917
TamrInc.,https://www.tamr.com/,"Cambridge, MA",Undisclosed,Undisclosed,50 - 249,50%,Cambridge,MA,USA,No informado,No informado,249,50 - 249,Empresa mediana/ SME,SMB,AI Focus,"Empresa con especialización destacada en IA, representa más de la mitad de su actividad",América del Norte,0,North America,USA,USA,917
Alation,https://www.alation.com/,"Redwood City, CA",Undisclosed,Undisclosed,250 - 999,50%,Redwood City,CA,USA,No informado,No informado,999,250 - 999,Empresa grande/fuera SME,Mid-market,AI Focus,"Empresa con especialización destacada en IA, representa más de la mitad de su actividad",América del Norte,0,North America,USA,USA,917
Attivio,https://www.attivio.com/,"Boston, MA",Undisclosed,Undisclosed,50 - 249,50%,Boston,MA,USA,No informado,No informado,249,50 - 249,Empresa mediana/ SME,SMB,AI Focus,"Empresa con especialización destacada en IA, representa más de la mitad de su actividad",América del Norte,0,North America,USA,USA,917
RChilliInc,https://www.rchilli.com/,"San Ramon, CA",Undisclosed,Undisclosed,50 - 249,50%,San Ramon,CA,USA,No informado,No informado,249,50 - 249,Empresa mediana/ SME,SMB,AI Focus,"Empresa con especialización destacada en IA, representa más de la mitad de su actividad",América del Norte,0,North America,USA,USA,917
ANYbotics,http://www.anybotics.com/,"Zürich, Switzerland",Undisclosed,Undisclosed,50 - 249,100%,Zürich,,Switzerland,No informado,No informado,249,50 - 249,Empresa mediana/ SME,SMB,AI Focus principal,Empresa que su negocio principal gira en torno a servicios AI,Europa,0,Europe,Switzerland,CHE,21
GaussAlgorithmic,https://www.gaussalgo.com,"Brno, Czech Republic","$5,000+",Undisclosed,10 - 49,60%,Brno,,Czech Republic,Informado,No informado,49,10 - 49,Empresa pequeña ,SMB,AI Focus,"Empresa con especialización destacada en IA, representa más de la mitad de su actividad",Europa,1,Europe,Czech Republic,CZE,24
Logirobotix,https://logirobotix.com/,"Camposampiero, Italy","$1,000+",$50 - $99 / hr,2 - 9,70%,Camposampiero,,Italy,Informado,Informado,9,2 - 9,Micro Empresa,SMB,AI Focus principal,Empresa que su negocio principal gira en torno a servicios AI,Europa,2,Europe,Italy,ITA,18
CloudMindsTechnologyInc.,http://www.en.cloudminds.com/,"Santa Clara, CA","$1,000+",$50 - $99 / hr,50 - 249,50%,Santa Clara,CA,USA,Informado,Informado,249,50 - 249,Empresa mediana/ SME,SMB,AI Focus,"Empresa con especialización destacada en IA, representa más de la mitad de su actividad",América del Norte,2,North America,USA,USA,917
YITU,http://www.yitutech.com/en/,"Shanghai, China","$5,000+",$100 - $149 / hr,50 - 249,80%,Shanghai,,China,Informado,Informado,249,50 - 249,Empresa mediana/ SME,SMB,AI Focus principal,Empresa que su negocio principal gira en torno a servicios AI,Asia,2,Asia,China,China,87
HorizonRobotics,http://en.horizon.ai/,"Beijing, China","$5,000+",$50 - $99 / hr,10 - 49,60%,Beijing,,China,Informado,Informado,49,10 - 49,Empresa pequeña ,SMB,AI Focus,"Empresa con especialización destacada en IA, representa más de la mitad de su actividad",Asia,2,Asia,China,China,87
WATRIX,http://www.watrix.ai/en/about-watrix/,"Beijing, China","$5,000+",$50 - $99 / hr,50 - 249,60%,Beijing,,China,Informado,Informado,249,50 - 249,Empresa mediana/ SME,SMB,AI Focus,"Empresa con especialización destacada en IA, representa más de la mitad de su actividad",Asia,2,Asia,China,China,87
Onfido,https://onfido.com/,"London, United Kingdom",Undisclosed,Undisclosed,50 - 249,100%,London,,United Kingdom,No informado,No informado,249,50 - 249,Empresa mediana/ SME,SMB,AI Focus principal,Empresa que su negocio principal gira en torno a servicios AI,Europa,0,Europe,United Kingdom,GBR,304
BorealisAI,https://www.borealisai.com/,"Toronto, ON, ",Undisclosed,Undisclosed,50 - 249,100%,Toronto,ON,Canada,No informado,No informado,249,50 - 249,Empresa mediana/ SME,SMB,AI Focus principal,Empresa que su negocio principal gira en torno a servicios AI,América del Norte,0,North America,Canada,CAN,126
MogeesLtd,https://www.mogees.co.uk/,"London, United Kingdom",Undisclosed,Undisclosed,2 - 9,100%,London,,United Kingdom,No informado,No informado,9,2 - 9,Micro Empresa,SMB,AI Focus principal,Empresa que su negocio principal gira en torno a servicios AI,Europa,0,Europe,United Kingdom,GBR,304
Tractable,https://tractable.ai/,"London, ",Undisclosed,Undisclosed,50 - 249,100%,London,,United Kingdom,No informado,No informado,249,50 - 249,Empresa mediana/ SME,SMB,AI Focus principal,Empresa que su negocio principal gira en torno a servicios AI,Europa,0,Europe,United Kingdom,GBR,304
Linguamatics,http://deepzen.io/,"Cambridge, United Kingdom",Undisclosed,Undisclosed,50 - 249,100%,Cambridge,,United Kingdom,No informado,No informado,249,50 - 249,Empresa mediana/ SME,SMB,AI Focus principal,Empresa que su negocio principal gira en torno a servicios AI,Europa,0,Europe,United Kingdom,GBR,304
ShadowRobotCompany,https://www.shadowrobot.com/,"London, United Kingdom",Undisclosed,Undisclosed,10 - 49,100%,London,,United Kingdom,No informado,No informado,49,10 - 49,Empresa pequeña ,SMB,AI Focus principal,Empresa que su negocio principal gira en torno a servicios AI,Europa,0,Europe,United Kingdom,GBR,304
Nexidia,http://www.nexidia.com/,"Atlanta, GA",Undisclosed,Undisclosed,50 - 249,50%,Atlanta,GA,USA,No informado,No informado,249,50 - 249,Empresa mediana/ SME,SMB,AI Focus,"Empresa con especialización destacada en IA, representa más de la mitad de su actividad",América del Norte,0,North America,USA,USA,917
Botsify,https://botsify.com,Australia,Undisclosed,Undisclosed,10 - 49,100%,Australia,,Australia,No informado,No informado,49,10 - 49,Empresa pequeña ,SMB,AI Focus principal,Empresa que su negocio principal gira en torno a servicios AI,Oceanía,0,Oceania,Australia,AUS,96
Protenus,https://www.protenus.com/,"Baltimore, MD",Undisclosed,Undisclosed,50 - 249,100%,Baltimore,MD,USA,No informado,No informado,249,50 - 249,Empresa mediana/ SME,SMB,AI Focus principal,Empresa que su negocio principal gira en torno a servicios AI,América del Norte,0,North America,USA,USA,917
"Clinc,Inc.",https://clinc.com/,"Ann Arbor, MI",Undisclosed,Undisclosed,10 - 49,100%,Ann Arbor,MI,USA,No informado,No informado,49,10 - 49,Empresa pequeña ,SMB,AI Focus principal,Empresa que su negocio principal gira en torno a servicios AI,América del Norte,0,North America,USA,USA,917
LandingAI,https://landing.ai,"Palo Alto, CA",Undisclosed,Undisclosed,10 - 49,100%,Palo Alto,CA,USA,No informado,No informado,49,10 - 49,Empresa pequeña ,SMB,AI Focus principal,Empresa que su negocio principal gira en torno a servicios AI,América del Norte,0,North America,USA,USA,917
Haptik,https://haptik.ai,"Frisco, TX",Undisclosed,Undisclosed,10 - 49,100%,Frisco,TX,USA,No informado,No informado,49,10 - 49,Empresa pequeña ,SMB,AI Focus principal,Empresa que su negocio principal gira en torno a servicios AI,América del Norte,0,North America,USA,USA,917
Kore.ai,https://kore.ai,"Orlando, FL",Undisclosed,Undisclosed,250 - 999,100%,Orlando,FL,USA,No informado,No informado,999,250 - 999,Empresa grande/fuera SME,Mid-market,AI Focus principal,Empresa que su negocio principal gira en torno a servicios AI,América del Norte,0,North America,USA,USA,917
"Petuum,Inc.",https://petuum.com/,"Pittsburgh, PA",Undisclosed,Undisclosed,50 - 249,100%,Pittsburgh,PA,USA,No informado,No informado,249,50 - 249,Empresa mediana/ SME,SMB,AI Focus principal,Empresa que su negocio principal gira en torno a servicios AI,América del Norte,0,North America,USA,USA,917
"EnterraSolutions,LLC",https://www.enterrasolutions.com/,"Newtown, PA",Undisclosed,Undisclosed,10 - 49,75%,Newtown,PA,USA,No informado,No informado,49,10 - 49,Empresa pequeña ,SMB,AI Focus principal,Empresa que su negocio principal gira en torno a servicios AI,América del Norte,0,North America,USA,USA,917
"SoftWearAutomation,Inc",http://softwearautomation.com/,"Atlanta, GA",Undisclosed,Undisclosed,50 - 249,100%,Atlanta,GA,USA,No informado,No informado,249,50 - 249,Empresa mediana/ SME,SMB,AI Focus principal,Empresa que su negocio principal gira en torno a servicios AI,América del Norte,0,North America,USA,USA,917
Smartvid.io,https://www.smartvid.io/,"Cambridge, MA",Undisclosed,Undisclosed,10 - 49,100%,Cambridge,MA,USA,No informado,No informado,49,10 - 49,Empresa pequeña ,SMB,AI Focus principal,Empresa que su negocio principal gira en torno a servicios AI,América del Norte,0,North America,USA,USA,917
CrossCompany,https://www.crossco.com/,"Greensboro, NC",Undisclosed,Undisclosed,250 - 999,100%,Greensboro,NC,USA,No informado,No informado,999,250 - 999,Empresa grande/fuera SME,Mid-market,AI Focus principal,Empresa que su negocio principal gira en torno a servicios AI,América del Norte,0,North America,USA,USA,917
LocusRobotics,https://locusrobotics.com/,"Wilmington, MA",Undisclosed,Undisclosed,50 - 249,50%,Wilmington,MA,USA,No informado,No informado,249,50 - 249,Empresa mediana/ SME,SMB,AI Focus,"Empresa con especialización destacada en IA, representa más de la mitad de su actividad",América del Norte,0,North America,USA,USA,917
HouseCanary,https://www.housecanary.com/,"San Francisco, CA",Undisclosed,Undisclosed,50 - 249,50%,San Francisco,CA,USA,No informado,No informado,249,50 - 249,Empresa mediana/ SME,SMB,AI Focus,"Empresa con especialización destacada en IA, representa más de la mitad de su actividad",América del Norte,0,North America,USA,USA,917
ElderResearch,https://www.elderresearch.com/,"London, United Kingdom",Undisclosed,Undisclosed,50 - 249,100%,London,,United Kingdom,No informado,No informado,249,50 - 249,Empresa mediana/ SME,SMB,AI Focus principal,Empresa que su negocio principal gira en torno a servicios AI,Europa,0,Europe,United Kingdom,GBR,304
Knowlarity,https://www.knowlarity.com/,"Gurugram, India","$1,000+",Undisclosed,250 - 999,60%,Gurugram,,India,Informado,No informado,999,250 - 999,Empresa grande/fuera SME,Mid-market,AI Focus,"Empresa con especialización destacada en IA, representa más de la mitad de su actividad",Asia,1,Asia,India,IND,441
Exiger,http://www.exiger.com/,"București, Romania",Undisclosed,Undisclosed,250 - 999,50%,București,,Romania,No informado,No informado,999,250 - 999,Empresa grande/fuera SME,Mid-market,AI Focus,"Empresa con especialización destacada en IA, representa más de la mitad de su actividad",Europa,0,Europe,Romania,ROU,27
PickNik,http://picknik.ai/,"Boulder, CO","$10,000+",$150 - $199 / hr,10 - 49,60%,Boulder,CO,USA,Informado,Informado,49,10 - 49,Empresa pequeña ,SMB,AI Focus,"Empresa con especialización destacada en IA, representa más de la mitad de su actividad",América del Norte,2,North America,USA,USA,917
WebtunixAI,https://www.webtunix.com,"Sahibzada Ajit Singh Nagar, India","$1,000+",< $25 / hr,50 - 249,50%,Sahibzada Ajit Singh Nagar,,India,Informado,Informado,249,50 - 249,Empresa mediana/ SME,SMB,AI Focus,"Empresa con especialización destacada en IA, representa más de la mitad de su actividad",Asia,2,Asia,India,IND,441
Avaamo,http://www.avaamo.ai/,"Los Altos, CA","$10,000+",$100 - $149 / hr,10 - 49,60%,Los Altos,CA,USA,Informado,Informado,49,10 - 49,Empresa pequeña ,SMB,AI Focus,"Empresa con especialización destacada en IA, representa más de la mitad de su actividad",América del Norte,2,North America,USA,USA,917
Wovenware,https://www.wovenware.com/,"San Juan, Puerto Rico","$5,000+",$25 - $49 / hr,50 - 249,50%,San Juan,,Puerto Rico,Informado,Informado,249,50 - 249,Empresa mediana/ SME,SMB,AI Focus,"Empresa con especialización destacada en IA, representa más de la mitad de su actividad",Centroamérica,2,Central America,Puerto Rico,Puerto Rico,2
SoftwareMill,http://softwaremill.com,"Warszawa, Poland","$25,000+",$50 - $99 / hr,50 - 249,10%,Warszawa,,Poland,Informado,Informado,249,50 - 249,Empresa mediana/ SME,SMB,AI Service residual,Empresa diversificada cuya participación de IA es limitada o residual,Europa,2,Europe,Poland,POL,147
SymphonySolutions,https://symphony-solutions.com/,"Amsterdam, Netherlands","$25,000+",$50 - $99 / hr,250 - 999,10%,Amsterdam,,Netherlands,Informado,Informado,999,250 - 999,Empresa grande/fuera SME,Mid-market,AI Service residual,Empresa diversificada cuya participación de IA es limitada o residual,Europa,2,Europe,Netherlands,NLD,26
ValianceSolutions,http://www.valiancesolutions.com,"Noida, India","$10,000+",$100 - $149 / hr,10 - 49,50%,Noida,,India,Informado,Informado,49,10 - 49,Empresa pequeña ,SMB,AI Focus,"Empresa con especialización destacada en IA, representa más de la mitad de su actividad",Asia,2,Asia,India,IND,441
PerficientLatinAmerica,https://nearshore.perficient.com/,"Medellín, Colombia","$75,000+",$50 - $99 / hr,250 - 999,15%,Medellín,,Colombia,Informado,Informado,999,250 - 999,Empresa grande/fuera SME,Mid-market,AI Service residual,Empresa diversificada cuya participación de IA es limitada o residual,América del Sur,2,South America,Colombia,COL,43
UniwebbSoftware,https://www.uniwebb.com,"Los Angeles, CA","$25,000+",$150 - $199 / hr,10 - 49,40%,Los Angeles,CA,USA,Informado,Informado,49,10 - 49,Empresa pequeña ,SMB,AI Service complementary, Empresa diversificada que ofrece IA como una línea de servicio complementaria,América del Norte,2,North America,USA,USA,917
99x,https://www.99x.io/,"Oslo, Norway","$100,000+",$50 - $99 / hr,250 - 999,10%,Oslo,,Norway,Informado,Informado,999,250 - 999,Empresa grande/fuera SME,Mid-market,AI Service residual,Empresa diversificada cuya participación de IA es limitada o residual,Europa,2,Europe,Norway,NOR,3
DualbootPartners,https://dualbootpartners.com/,"Charlotte, NC","$75,000+",Undisclosed,250 - 999,10%,Charlotte,NC,USA,Informado,No informado,999,250 - 999,Empresa grande/fuera SME,Mid-market,AI Service residual,Empresa diversificada cuya participación de IA es limitada o residual,América del Norte,1,North America,USA,USA,917
4soft,http://www.4soft.co/,"Wrocław, Poland","$10,000+",$50 - $99 / hr,50 - 249,10%,Wrocław,,Poland,Informado,Informado,249,50 - 249,Empresa mediana/ SME,SMB,AI Service residual,Empresa diversificada cuya participación de IA es limitada o residual,Europa,2,Europe,Poland,POL,147
"NorthernLightsTechnologyDevelopment(TIANJIN)CO.,LTD.",http://www.nltd.com/,"Tianjin, China","$10,000+",< $25 / hr,250 - 999,10%,Tianjin,,China,Informado,Informado,999,250 - 999,Empresa grande/fuera SME,Mid-market,AI Service residual,Empresa diversificada cuya participación de IA es limitada o residual,Asia,2,Asia,China,China,87
GetInData,https://getindata.com/,"Warszawa, Poland","$5,000+",Undisclosed,50 - 249,20%,Warszawa,,Poland,Informado,No informado,249,50 - 249,Empresa mediana/ SME,SMB,AI Service complementary, Empresa diversificada que ofrece IA como una línea de servicio complementaria,Europa,1,Europe,Poland,POL,147
SOLVVE,https://solvve.com,"Dnipropetrovs'k, Ukraine","$10,000+",$25 - $49 / hr,50 - 249,55%,Dnipropetrovs'k,,Ukraine,Informado,Informado,249,50 - 249,Empresa mediana/ SME,SMB,AI Focus,"Empresa con especialización destacada en IA, representa más de la mitad de su actividad",Europa,2,Europe,Ukraine,UKR,92
Sitech,https://www.sitech.me,"Kraków, Poland","$25,000+",$50 - $99 / hr,50 - 249,15%,Kraków,,Poland,Informado,Informado,249,50 - 249,Empresa mediana/ SME,SMB,AI Service residual,Empresa diversificada cuya participación de IA es limitada o residual,Europa,2,Europe,Poland,POL,147
AzilenTechnologies,https://www.azilen.com/services/artificial-intelligence/,"West Bloomfield, MI","$25,000+",$25 - $49 / hr,250 - 999,50%,West Bloomfield,MI,USA,Informado,Informado,999,250 - 999,Empresa grande/fuera SME,Mid-market,AI Focus,"Empresa con especialización destacada en IA, representa más de la mitad de su actividad",América del Norte,2,North America,USA,USA,917
WeAreBrain,https://www.wearebrain.com,"Київ, Ukraine","$5,000+",$50 - $99 / hr,50 - 249,30%,Київ,,Ukraine,Informado,Informado,249,50 - 249,Empresa mediana/ SME,SMB,AI Service complementary, Empresa diversificada que ofrece IA como una línea de servicio complementaria,Europa,2,Europe,Ukraine,UKR,92
ToucanSystems,https://www.toucan-systems.pl/en/,"Gdańsk, Poland","$5,000+",$25 - $49 / hr,10 - 49,20%,Gdańsk,,Poland,Informado,Informado,49,10 - 49,Empresa pequeña ,SMB,AI Service complementary, Empresa diversificada que ofrece IA como una línea de servicio complementaria,Europa,2,Europe,Poland,POL,147
TeleSoftas,https://telesoftas.com/,"Kaunas, Lithuania","$10,000+",$50 - $99 / hr,250 - 999,15%,Kaunas,,Lithuania,Informado,Informado,999,250 - 999,Empresa grande/fuera SME,Mid-market,AI Service residual,Empresa diversificada cuya participación de IA es limitada o residual,Europa,2,Europe,Lithuania,LTU,12
CobuildLabInc,https://cobuildlab.com/,"Miami, FL","$50,000+",$100 - $149 / hr,10 - 49,25%,Miami,FL,USA,Informado,Informado,49,10 - 49,Empresa pequeña ,SMB,AI Service complementary, Empresa diversificada que ofrece IA como una línea de servicio complementaria,América del Norte,2,North America,USA,USA,917
SoftarexTechnologies,https://softarex.com/,"Alexandria, VA","$25,000+",$25 - $49 / hr,50 - 249,35%,Alexandria,VA,USA,Informado,Informado,249,50 - 249,Empresa mediana/ SME,SMB,AI Service complementary, Empresa diversificada que ofrece IA como una línea de servicio complementaria,América del Norte,2,North America,USA,USA,917
INTERSOG,https://intersog.com/,"Chicago, IL","$5,000+",$50 - $99 / hr,50 - 249,35%,Chicago,IL,USA,Informado,Informado,249,50 - 249,Empresa mediana/ SME,SMB,AI Service complementary, Empresa diversificada que ofrece IA como una línea de servicio complementaria,América del Norte,2,North America,USA,USA,917
DynamindLabs,https://dynamindlabs.ai,"Montevideo, Uruguay","$5,000+",$50 - $99 / hr,2 - 9,100%,Montevideo,,Uruguay,Informado,Informado,9,2 - 9,Micro Empresa,SMB,AI Focus principal,Empresa que su negocio principal gira en torno a servicios AI,América del Sur,2,South America,Uruguay,URY,22
TEONITE,https://teonite.com,"Szczecin, Poland","$25,000+",$100 - $149 / hr,10 - 49,30%,Szczecin,,Poland,Informado,Informado,49,10 - 49,Empresa pequeña ,SMB,AI Service complementary, Empresa diversificada que ofrece IA como una línea de servicio complementaria,Europa,2,Europe,Poland,POL,147
XevenSolutions,http://www.xevensolutions.com,"Lahore, Pakistan","$10,000+",$25 - $49 / hr,50 - 249,10%,Lahore,,Pakistan,Informado,Informado,249,50 - 249,Empresa mediana/ SME,SMB,AI Service residual,Empresa diversificada cuya participación de IA es limitada o residual,Asia,2,Asia,Pakistan,PAK,61
bonsai.tech,https://bonsai.tech,"Zagreb, Croatia","$10,000+",$100 - $149 / hr,10 - 49,50%,Zagreb,,Croatia,Informado,Informado,49,10 - 49,Empresa pequeña ,SMB,AI Focus,"Empresa con especialización destacada en IA, representa más de la mitad de su actividad",Europa,2,Europe,Croatia,HRV,17
AmpleInsight,https://www.ampleinsight.com,"Brampton, Canada","$10,000+",$100 - $149 / hr,10 - 49,50%,Brampton,,Canada,Informado,Informado,49,10 - 49,Empresa pequeña ,SMB,AI Focus,"Empresa con especialización destacada en IA, representa más de la mitad de su actividad",América del Norte,2,North America,Canada,CAN,126
BugendaiTechPvtLtd,https://bugendaitech.com/,"Scottsdale, AZ","$1,000+",$100 - $149 / hr,50 - 249,10%,Scottsdale,AZ,USA,Informado,Informado,249,50 - 249,Empresa mediana/ SME,SMB,AI Service residual,Empresa diversificada cuya participación de IA es limitada o residual,América del Norte,2,North America,USA,USA,917
Addevice,http://addevice.io/,"Yerevan, Armenia","$5,000+",$25 - $49 / hr,10 - 49,10%,Yerevan,,Armenia,Informado,Informado,49,10 - 49,Empresa pequeña ,SMB,AI Service residual,Empresa diversificada cuya participación de IA es limitada o residual,Asia,2,Asia,Armenia,ARM,11
NVT,https://nvt.pl/,"Warszawa, Poland","$25,000+",$25 - $49 / hr,10 - 49,20%,Warszawa,,Poland,Informado,Informado,49,10 - 49,Empresa pequeña ,SMB,AI Service complementary, Empresa diversificada que ofrece IA como una línea de servicio complementaria,Europa,2,Europe,Poland,POL,147
HiddenBrainsInfoTech,https://www.hiddenbrains.com,"Ahmedabad, India","$10,000+",$25 - $49 / hr,250 - 999,10%,Ahmedabad,,India,Informado,Informado,999,250 - 999,Empresa grande/fuera SME,Mid-market,AI Service residual,Empresa diversificada cuya participación de IA es limitada o residual,Asia,2,Asia,India,IND,441
ServReality,http://www.servreality.com,"Kyiv, Ukraine","$5,000+",$25 - $49 / hr,50 - 249,30%,Kyiv,,Ukraine,Informado,Informado,249,50 - 249,Empresa mediana/ SME,SMB,AI Service complementary, Empresa diversificada que ofrece IA como una línea de servicio complementaria,Europa,2,Europe,Ukraine,UKR,92
HoneycombSoftware,http://www.honeycombsoft.com/,"London, United Kingdom","$10,000+",$25 - $49 / hr,50 - 249,10%,London,,United Kingdom,Informado,Informado,249,50 - 249,Empresa mediana/ SME,SMB,AI Service residual,Empresa diversificada cuya participación de IA es limitada o residual,Europa,2,Europe,United Kingdom,GBR,304
Leaware,https://www.leaware.com/,"Toruń, Poland","$5,000+",$50 - $99 / hr,50 - 249,10%,Toruń,,Poland,Informado,Informado,249,50 - 249,Empresa mediana/ SME,SMB,AI Service residual,Empresa diversificada cuya participación de IA es limitada o residual,Europa,2,Europe,Poland,POL,147
KyanonDigital,http://kyanon.digital,"Ho Chi Minh, Vietnam","$10,000+",$25 - $49 / hr,50 - 249,10%,Ho Chi Minh,,Vietnam,Informado,Informado,249,50 - 249,Empresa mediana/ SME,SMB,AI Service residual,Empresa diversificada cuya participación de IA es limitada o residual,Asia,2,Asia,Vietnam,VNM,29
ProVisionLab,https://provisionlab.com/,"Kyiv, Ukraine","$10,000+",$50 - $99 / hr,10 - 49,50%,Kyiv,,Ukraine,Informado,Informado,49,10 - 49,Empresa pequeña ,SMB,AI Focus,"Empresa con especialización destacada en IA, representa más de la mitad de su actividad",Europa,2,Europe,Ukraine,UKR,92
DLabs.AI,https://dlabs.ai/,"Gdańsk, Poland","$10,000+",$50 - $99 / hr,10 - 49,100%,Gdańsk,,Poland,Informado,Informado,49,10 - 49,Empresa pequeña ,SMB,AI Focus principal,Empresa que su negocio principal gira en torno a servicios AI,Europa,2,Europe,Poland,POL,147
Arttteo,https://www.arttteo.com/,"T'bilisi, Georgia","$10,000+",$25 - $49 / hr,50 - 249,20%,T'bilisi,,Georgia,Informado,Informado,249,50 - 249,Empresa mediana/ SME,SMB,AI Service complementary, Empresa diversificada que ofrece IA como una línea de servicio complementaria,Europa,2,Europe,Georgia,GEO,4
Zensoft.io,https://zensoft.io/,"San Francisco, CA","$10,000+",$25 - $49 / hr,50 - 249,25%,San Francisco,CA,USA,Informado,Informado,249,50 - 249,Empresa mediana/ SME,SMB,AI Service complementary, Empresa diversificada que ofrece IA como una línea de servicio complementaria,América del Norte,2,North America,USA,USA,917
ICanInfotech,https://icaninfotech.com/,"Toronto, Canada","$1,000+",$25 - $49 / hr,50 - 249,10%,Toronto,,Canada,Informado,Informado,249,50 - 249,Empresa mediana/ SME,SMB,AI Service residual,Empresa diversificada cuya participación de IA es limitada o residual,América del Norte,2,North America,Canada,CAN,126
WebOccultTechnologies,https://www.weboccult.com/,"Ahmedabad, India","$1,000+",< $25 / hr,50 - 249,60%,Ahmedabad,,India,Informado,Informado,249,50 - 249,Empresa mediana/ SME,SMB,AI Focus,"Empresa con especialización destacada en IA, representa más de la mitad de su actividad",Asia,2,Asia,India,IND,441
Lexunit,http://www.lexunit.hu/en,"Budapest, Hungary","$5,000+",$25 - $49 / hr,10 - 49,40%,Budapest,,Hungary,Informado,Informado,49,10 - 49,Empresa pequeña ,SMB,AI Service complementary, Empresa diversificada que ofrece IA como una línea de servicio complementaria,Europa,2,Europe,Hungary,HUN,6
Objective,https://www.objectiveit.com,"Great Baddow, United Kingdom","$5,000+",$100 - $149 / hr,10 - 49,10%,Great Baddow,,United Kingdom,Informado,Informado,49,10 - 49,Empresa pequeña ,SMB,AI Service residual,Empresa diversificada cuya participación de IA es limitada o residual,Europa,2,Europe,United Kingdom,GBR,304
eidos.ai,https://eidos.ai/,"Montevideo, Uruguay","$10,000+",$50 - $99 / hr,10 - 49,85%,Montevideo,,Uruguay,Informado,Informado,49,10 - 49,Empresa pequeña ,SMB,AI Focus principal,Empresa que su negocio principal gira en torno a servicios AI,América del Sur,2,South America,Uruguay,URY,22
KnoldusInc.,https://www.knoldus.com/connect/contact-us,"Mississauga, Canada","$75,000+",$50 - $99 / hr,250 - 999,15%,Mississauga,,Canada,Informado,Informado,999,250 - 999,Empresa grande/fuera SME,Mid-market,AI Service residual,Empresa diversificada cuya participación de IA es limitada o residual,América del Norte,2,North America,Canada,CAN,126
Convergence,https://cctech.io,"Vancouver, Canada","$50,000+",$100 - $149 / hr,10 - 49,10%,Vancouver,,Canada,Informado,Informado,49,10 - 49,Empresa pequeña ,SMB,AI Service residual,Empresa diversificada cuya participación de IA es limitada o residual,América del Norte,2,North America,Canada,CAN,126
TheDataAnalysisBureau,https://www.t-dab.com,"London, United Kingdom","$10,000+",$100 - $149 / hr,10 - 49,65%,London,,United Kingdom,Informado,Informado,49,10 - 49,Empresa pequeña ,SMB,AI Focus,"Empresa con especialización destacada en IA, representa más de la mitad de su actividad",Europa,2,Europe,United Kingdom,GBR,304
OneTeamUSLLC,https://oneteam.us,"Dammam, Saudi Arabia","$5,000+",$50 - $99 / hr,50 - 249,10%,Dammam,,Saudi Arabia,Informado,Informado,249,50 - 249,Empresa mediana/ SME,SMB,AI Service residual,Empresa diversificada cuya participación de IA es limitada o residual,Oriente Medio,2,Middle East,Saudi Arabia,SAU,5
TechmateTechLLC,https://techmatetech.com/,"Lahore, Pakistan","$5,000+",$25 - $49 / hr,10 - 49,20%,Lahore,,Pakistan,Informado,Informado,49,10 - 49,Empresa pequeña ,SMB,AI Service complementary, Empresa diversificada que ofrece IA como una línea de servicio complementaria,Asia,2,Asia,Pakistan,PAK,61
BJSS,https://www.bjss.com/,"Leeds, United Kingdom","$50,000+",$200 - $300 / hr,"1,000 - 9,999",10%,Leeds,,United Kingdom,Informado,Informado,9999,1000 - 9999,Empresa grande /fuera SM,Enterprise,AI Service residual,Empresa diversificada cuya participación de IA es limitada o residual,Europa,2,Europe,United Kingdom,GBR,304
NIX,https://nix-united.com/services/business-intelligence-services-bi/,"Saint Petersburg, FL","$25,000+",$50 - $99 / hr,"1,000 - 9,999",10%,Saint Petersburg,FL,USA,Informado,Informado,9999,1000 - 9999,Empresa grande /fuera SM,Enterprise,AI Service residual,Empresa diversificada cuya participación de IA es limitada o residual,América del Norte,2,North America,USA,USA,917
OyelabsTechnologies,http://oyelabs.com/,"Jersey City, NJ","$10,000+",$25 - $49 / hr,10 - 49,15%,Jersey City,NJ,USA,Informado,Informado,49,10 - 49,Empresa pequeña ,SMB,AI Service residual,Empresa diversificada cuya participación de IA es limitada o residual,América del Norte,2,North America,USA,USA,917
SprintInnovations,https://www.sprint-in.com/,"London, United Kingdom","$10,000+",$50 - $99 / hr,2 - 9,25%,London,,United Kingdom,Informado,Informado,9,2 - 9,Micro Empresa,SMB,AI Service complementary, Empresa diversificada que ofrece IA como una línea de servicio complementaria,Europa,2,Europe,United Kingdom,GBR,304
ubisend,https://www.ubisend.com,"London, United Kingdom",Undisclosed,Undisclosed,10 - 49,100%,London,,United Kingdom,No informado,No informado,49,10 - 49,Empresa pequeña ,SMB,AI Focus principal,Empresa que su negocio principal gira en torno a servicios AI,Europa,0,Europe,United Kingdom,GBR,304
ElementAI,https://www.elementai.com/en/,"Montreal, Canada",Undisclosed,Undisclosed,50 - 249,100%,Montreal,,Canada,No informado,No informado,249,50 - 249,Empresa mediana/ SME,SMB,AI Focus principal,Empresa que su negocio principal gira en torno a servicios AI,América del Norte,0,North America,Canada,CAN,126
DatawatchAngoss,http://www.angoss.com/,"Toronto, Canada",Undisclosed,Undisclosed,50 - 249,100%,Toronto,,Canada,No informado,No informado,249,50 - 249,Empresa mediana/ SME,SMB,AI Focus principal,Empresa que su negocio principal gira en torno a servicios AI,América del Norte,0,North America,Canada,CAN,126
SoapBoxLabs,http://www.soapboxlabs.com/,"Dublin 8, Ireland",Undisclosed,Undisclosed,10 - 49,100%,Dublin 8,,Ireland,No informado,No informado,49,10 - 49,Empresa pequeña ,SMB,AI Focus principal,Empresa que su negocio principal gira en torno a servicios AI,Europa,0,Europe,Ireland,IRL,8
"SparkCognition,Inc.",https://www.sparkcognition.com/,"Austin, TX",Undisclosed,Undisclosed,50 - 249,100%,Austin,TX,USA,No informado,No informado,249,50 - 249,Empresa mediana/ SME,SMB,AI Focus principal,Empresa que su negocio principal gira en torno a servicios AI,América del Norte,0,North America,USA,USA,917
BenevolentAI,https://benevolent.ai/,"London, United Kingdom",Undisclosed,Undisclosed,50 - 249,60%,London,,United Kingdom,No informado,No informado,249,50 - 249,Empresa mediana/ SME,SMB,AI Focus,"Empresa con especialización destacada en IA, representa más de la mitad de su actividad",Europa,0,Europe,United Kingdom,GBR,304
Callsign,https://www.callsign.com/,"London, United Kingdom",Undisclosed,Undisclosed,50 - 249,60%,London,,United Kingdom,No informado,No informado,249,50 - 249,Empresa mediana/ SME,SMB,AI Focus,"Empresa con especialización destacada en IA, representa más de la mitad de su actividad",Europa,0,Europe,United Kingdom,GBR,304
Dessa,https://www.dessa.com,"Toronto, ON, ",Undisclosed,Undisclosed,50 - 249,100%,Toronto,ON,Canada,No informado,No informado,249,50 - 249,Empresa mediana/ SME,SMB,AI Focus principal,Empresa que su negocio principal gira en torno a servicios AI,América del Norte,0,North America,Canada,CAN,126
GraknLabs,https://grakn.ai/,"London, United Kingdom",Undisclosed,Undisclosed,10 - 49,100%,London,,United Kingdom,No informado,No informado,49,10 - 49,Empresa pequeña ,SMB,AI Focus principal,Empresa que su negocio principal gira en torno a servicios AI,Europa,0,Europe,United Kingdom,GBR,304
CleoAI-we'rehiring,https://www.meetcleo.com/,"London, United Kingdom",Undisclosed,Undisclosed,10 - 49,100%,London,,United Kingdom,No informado,No informado,49,10 - 49,Empresa pequeña ,SMB,AI Focus principal,Empresa que su negocio principal gira en torno a servicios AI,Europa,0,Europe,United Kingdom,GBR,304
Sparrho,https://www.sparrho.com/,"London, United Kingdom",Undisclosed,Undisclosed,10 - 49,70%,London,,United Kingdom,No informado,No informado,49,10 - 49,Empresa pequeña ,SMB,AI Focus principal,Empresa que su negocio principal gira en torno a servicios AI,Europa,0,Europe,United Kingdom,GBR,304
Graphcore,https://www.graphcore.ai,"Bristol, United Kingdom",Undisclosed,Undisclosed,50 - 249,100%,Bristol,,United Kingdom,No informado,No informado,249,50 - 249,Empresa mediana/ SME,SMB,AI Focus principal,Empresa que su negocio principal gira en torno a servicios AI,Europa,0,Europe,United Kingdom,GBR,304
DigitalGenius,https://www.digitalgenius.com/,"London, United Kingdom",Undisclosed,Undisclosed,50 - 249,100%,London,,United Kingdom,No informado,No informado,249,50 - 249,Empresa mediana/ SME,SMB,AI Focus principal,Empresa que su negocio principal gira en torno a servicios AI,Europa,0,Europe,United Kingdom,GBR,304
RavelinTechnology,https://www.ravelin.com/,"London, United Kingdom",Undisclosed,Undisclosed,50 - 249,50%,London,,United Kingdom,No informado,No informado,249,50 - 249,Empresa mediana/ SME,SMB,AI Focus,"Empresa con especialización destacada en IA, representa más de la mitad de su actividad",Europa,0,Europe,United Kingdom,GBR,304
Wefarm,https://wefarm.org/,"London, United Kingdom",Undisclosed,Undisclosed,10 - 49,100%,London,,United Kingdom,No informado,No informado,49,10 - 49,Empresa pequeña ,SMB,AI Focus principal,Empresa que su negocio principal gira en torno a servicios AI,Europa,0,Europe,United Kingdom,GBR,304
BBOXX,https://www.bboxx.co.uk/,"London, United Kingdom",Undisclosed,Undisclosed,250 - 999,50%,London,,United Kingdom,No informado,No informado,999,250 - 999,Empresa grande/fuera SME,Mid-market,AI Focus,"Empresa con especialización destacada en IA, representa más de la mitad de su actividad",Europa,0,Europe,United Kingdom,GBR,304
AcademyofRobotics,http://www.academyofrobotics.co.uk/,"West Sussex, ",Undisclosed,Undisclosed,2 - 9,100%,,,United Kingdom,No informado,No informado,9,2 - 9,Micro Empresa,SMB,AI Focus principal,Empresa que su negocio principal gira en torno a servicios AI,Europa,0,Europe,United Kingdom,GBR,304
HyperAnna,https://hyperanna.com/,"Pyrmont, Australia",Undisclosed,Undisclosed,10 - 49,100%,Pyrmont,,Australia,No informado,No informado,49,10 - 49,Empresa pequeña ,SMB,AI Focus principal,Empresa que su negocio principal gira en torno a servicios AI,Oceanía,0,Oceania,Australia,AUS,96
MaxwellPlus,https://maxwellplus.com/,"Brisbane City, Australia",Undisclosed,Undisclosed,10 - 49,100%,Brisbane City,,Australia,No informado,No informado,49,10 - 49,Empresa pequeña ,SMB,AI Focus principal,Empresa que su negocio principal gira en torno a servicios AI,Oceanía,0,Oceania,Australia,AUS,96
Faethm,https://faethm.ai/,"Sydney, Australia",Undisclosed,Undisclosed,10 - 49,100%,Sydney,,Australia,No informado,No informado,49,10 - 49,Empresa pequeña ,SMB,AI Focus principal,Empresa que su negocio principal gira en torno a servicios AI,Oceanía,0,Oceania,Australia,AUS,96
Active.ai,https://active.ai,"Singapore, Singapore",Undisclosed,Undisclosed,10 - 49,100%,Singapore,,Singapore,No informado,No informado,49,10 - 49,Empresa pequeña ,SMB,AI Focus principal,Empresa que su negocio principal gira en torno a servicios AI,Asia,0,Asia,Singapore,SGP,24
EnterpriseBot,https://enterprisebot.ai/,"Zug, ",Undisclosed,Undisclosed,10 - 49,100%,Zug,,Switzerland,No informado,No informado,49,10 - 49,Empresa pequeña ,SMB,AI Focus principal,Empresa que su negocio principal gira en torno a servicios AI,Europa,0,Europe,Switzerland,CHE,21
ChatBot,https://www.chatbot.com/,Estados Unidos,Undisclosed,Undisclosed,10 - 49,100%,Estados Unidos,,USA,No informado,No informado,49,10 - 49,Empresa pequeña ,SMB,AI Focus principal,Empresa que su negocio principal gira en torno a servicios AI,América del Norte,0,North America,USA,USA,917
ShieldAI,https://www.shield.ai,"San Diego, California, Estados Unidos",Undisclosed,Undisclosed,10 - 49,100%,San Diego,California,USA,No informado,No informado,49,10 - 49,Empresa pequeña ,SMB,AI Focus principal,Empresa que su negocio principal gira en torno a servicios AI,América del Norte,0,North America,USA,USA,917
LEVERTON,https://www.leverton.ai,"New York, NY",Undisclosed,Undisclosed,50 - 249,100%,New York,NY,USA,No informado,No informado,249,50 - 249,Empresa mediana/ SME,SMB,AI Focus principal,Empresa que su negocio principal gira en torno a servicios AI,América del Norte,0,North America,USA,USA,917
INSPECTORIO,https://www.inspectorio.com,"Minneapolis, MN",Undisclosed,Undisclosed,50 - 249,100%,Minneapolis,MN,USA,No informado,No informado,249,50 - 249,Empresa mediana/ SME,SMB,AI Focus principal,Empresa que su negocio principal gira en torno a servicios AI,América del Norte,0,North America,USA,USA,917
Analysts,https://analysts.com,"Burnsville, MN",Undisclosed,Undisclosed,10 - 49,100%,Burnsville,MN,USA,No informado,No informado,49,10 - 49,Empresa pequeña ,SMB,AI Focus principal,Empresa que su negocio principal gira en torno a servicios AI,América del Norte,0,North America,USA,USA,917
CuriousAI,https://thecuriousaicompany.com/,"Helsingfors, Finland",Undisclosed,Undisclosed,10 - 49,100%,Helsingfors,,Finland,No informado,No informado,49,10 - 49,Empresa pequeña ,SMB,AI Focus principal,Empresa que su negocio principal gira en torno a servicios AI,Europa,0,Europe,Finland,FIN,7
Hypergiant,https://www.hypergiant.com/,"Austin, TX",Undisclosed,Undisclosed,50 - 249,100%,Austin,TX,USA,No informado,No informado,249,50 - 249,Empresa mediana/ SME,SMB,AI Focus principal,Empresa que su negocio principal gira en torno a servicios AI,América del Norte,0,North America,USA,USA,917
VVDNTechnologies,https://www.vvdntech.com/,"San Jose, CA",Undisclosed,Undisclosed,"1,000 - 9,999",25%,San Jose,CA,USA,No informado,No informado,9999,1000 - 9999,Empresa grande /fuera SM,Enterprise,AI Service complementary, Empresa diversificada que ofrece IA como una línea de servicio complementaria,América del Norte,0,North America,USA,USA,917
GTSoftware,https://www.gtsoftware.com/,"Sandy Springs, GA",Undisclosed,Undisclosed,50 - 249,50%,Sandy Springs,GA,USA,No informado,No informado,249,50 - 249,Empresa mediana/ SME,SMB,AI Focus,"Empresa con especialización destacada en IA, representa más de la mitad de su actividad",América del Norte,0,North America,USA,USA,917
Klue,https://klue.com/,"Vancouver, Canada",Undisclosed,Undisclosed,10 - 49,100%,Vancouver,,Canada,No informado,No informado,49,10 - 49,Empresa pequeña ,SMB,AI Focus principal,Empresa que su negocio principal gira en torno a servicios AI,América del Norte,0,North America,Canada,CAN,126
FanAIInc.,https://www.fanai.io/,"Santa Monica, CA",Undisclosed,Undisclosed,10 - 49,100%,Santa Monica,CA,USA,No informado,No informado,49,10 - 49,Empresa pequeña ,SMB,AI Focus principal,Empresa que su negocio principal gira en torno a servicios AI,América del Norte,0,North America,USA,USA,917
Falkonry,https://falkonry.com/,"Sunnyvale, CA",Undisclosed,Undisclosed,50 - 249,100%,Sunnyvale,CA,USA,No informado,No informado,249,50 - 249,Empresa mediana/ SME,SMB,AI Focus principal,Empresa que su negocio principal gira en torno a servicios AI,América del Norte,0,North America,USA,USA,917
MyraLabs,https://www.myralabs.com/,"San Francisco, CA",Undisclosed,Undisclosed,2 - 9,100%,San Francisco,CA,USA,No informado,No informado,9,2 - 9,Micro Empresa,SMB,AI Focus principal,Empresa que su negocio principal gira en torno a servicios AI,América del Norte,0,North America,USA,USA,917
Dashmote,https://www.dashmote.com/,"Amsterdam, Netherlands",Undisclosed,Undisclosed,50 - 249,50%,Amsterdam,,Netherlands,No informado,No informado,249,50 - 249,Empresa mediana/ SME,SMB,AI Focus,"Empresa con especialización destacada en IA, representa más de la mitad de su actividad",Europa,0,Europe,Netherlands,NLD,26
Pro-VigilSurveillanceServices,https://pro-vigil.com/,"San Antonio, TX",Undisclosed,Undisclosed,250 - 999,100%,San Antonio,TX,USA,No informado,No informado,999,250 - 999,Empresa grande/fuera SME,Mid-market,AI Focus principal,Empresa que su negocio principal gira en torno a servicios AI,América del Norte,0,North America,USA,USA,917
VISUA,http://Visua.com,"Dublin, Ireland",Undisclosed,Undisclosed,10 - 49,100%,Dublin,,Ireland,No informado,No informado,49,10 - 49,Empresa pequeña ,SMB,AI Focus principal,Empresa que su negocio principal gira en torno a servicios AI,Europa,0,Europe,Ireland,IRL,8
HGS-HindujaGlobalSolutions,https://hgs.cx/,"Lisle, IL",Undisclosed,Undisclosed,"10,000+",20%,Lisle,IL,USA,No informado,No informado,10000,10000,Empresa grande /fuera SME,Enterprise,AI Service complementary, Empresa diversificada que ofrece IA como una línea de servicio complementaria,América del Norte,0,North America,USA,USA,917
Spyne,https://www.spyne.ai/,"Gurugram, India","$1,000+",< $25 / hr,50 - 249,100%,Gurugram,,India,Informado,Informado,249,50 - 249,Empresa mediana/ SME,SMB,AI Focus principal,Empresa que su negocio principal gira en torno a servicios AI,Asia,2,Asia,India,IND,441
Klangoo,https://klangoo.com,"Hoboken, NJ",Undisclosed,Undisclosed,2 - 9,100%,Hoboken,NJ,USA,No informado,No informado,9,2 - 9,Micro Empresa,SMB,AI Focus principal,Empresa que su negocio principal gira en torno a servicios AI,América del Norte,0,North America,USA,USA,917
BlueBotics,http://www.bluebotics.com/,"Saint-Sulpice, Switzerland",Undisclosed,Undisclosed,10 - 49,100%,Saint-Sulpice,,Switzerland,No informado,No informado,49,10 - 49,Empresa pequeña ,SMB,AI Focus principal,Empresa que su negocio principal gira en torno a servicios AI,Europa,0,Europe,Switzerland,CHE,21
Picovoice,https://picovoice.ai,"Vancouver, Canada","$10,000+",Undisclosed,10 - 49,100%,Vancouver,,Canada,Informado,No informado,49,10 - 49,Empresa pequeña ,SMB,AI Focus principal,Empresa que su negocio principal gira en torno a servicios AI,América del Norte,1,North America,Canada,CAN,126
Elevate-Global,https://www.elevate-global.biz,"Skopje, North Macedonia","$10,000+",$50 - $99 / hr,10 - 49,60%,Skopje,,North Macedonia,Informado,Informado,49,10 - 49,Empresa pequeña ,SMB,AI Focus,"Empresa con especialización destacada en IA, representa más de la mitad de su actividad",Europa,2,Europe,North Macedonia,MKD,7
AlemResearch,https://alem.kz/,"Almaty, Kazakhstan","$50,000+",$50 - $99 / hr,10 - 49,60%,Almaty,,Kazakhstan,Informado,Informado,49,10 - 49,Empresa pequeña ,SMB,AI Focus,"Empresa con especialización destacada en IA, representa más de la mitad de su actividad",Asia,2,Asia,Kazakhstan,KAZ,3
"NEXT-SYSTEMCo.,Ltd.",https://www.next-system.com/en,"Fukuoka, Japan",Undisclosed,Undisclosed,50 - 249,50%,Fukuoka,,Japan,No informado,No informado,249,50 - 249,Empresa mediana/ SME,SMB,AI Focus,"Empresa con especialización destacada en IA, representa más de la mitad de su actividad",Asia,0,Asia,Japan,Japan,8
CloverInfotech,https://www.cloverinfotech.com,"Mumbai, India","$5,000+",$25 - $49 / hr,"1,000 - 9,999",60%,Mumbai,,India,Informado,Informado,9999,1000 - 9999,Empresa grande /fuera SM,Enterprise,AI Focus,"Empresa con especialización destacada en IA, representa más de la mitad de su actividad",Asia,2,Asia,India,IND,441
T4GLimited,https://www.t4g.com/,"Toronto, Canada",Undisclosed,Undisclosed,250 - 999,60%,Toronto,,Canada,No informado,No informado,999,250 - 999,Empresa grande/fuera SME,Mid-market,AI Focus,"Empresa con especialización destacada en IA, representa más de la mitad de su actividad",América del Norte,0,North America,Canada,CAN,126
ZoneFox,https://www.zonefox.com,"Edinburgh, United Kingdom",Undisclosed,Undisclosed,10 - 49,70%,Edinburgh,,United Kingdom,No informado,No informado,49,10 - 49,Empresa pequeña ,SMB,AI Focus principal,Empresa que su negocio principal gira en torno a servicios AI,Europa,0,Europe,United Kingdom,GBR,304
LixarIT,https://lixar.com/,"Ottawa, Canada",Undisclosed,Undisclosed,250 - 999,40%,Ottawa,,Canada,No informado,No informado,999,250 - 999,Empresa grande/fuera SME,Mid-market,AI Service complementary, Empresa diversificada que ofrece IA como una línea de servicio complementaria,América del Norte,0,North America,Canada,CAN,126
MayaHeatTransferTechnologies,https://www.mayahtt.com/,"Westmount, Canada",Undisclosed,Undisclosed,50 - 249,50%,Westmount,,Canada,No informado,No informado,249,50 - 249,Empresa mediana/ SME,SMB,AI Focus,"Empresa con especialización destacada en IA, representa más de la mitad de su actividad",América del Norte,0,North America,Canada,CAN,126
Traydstream,https://www.traydstream.com/,"London, United Kingdom",Undisclosed,Undisclosed,10 - 49,60%,London,,United Kingdom,No informado,No informado,49,10 - 49,Empresa pequeña ,SMB,AI Focus,"Empresa con especialización destacada en IA, representa más de la mitad de su actividad",Europa,0,Europe,United Kingdom,GBR,304
Adbrain,https://www.adbrain.com/,"London, United Kingdom",Undisclosed,Undisclosed,10 - 49,100%,London,,United Kingdom,No informado,No informado,49,10 - 49,Empresa pequeña ,SMB,AI Focus principal,Empresa que su negocio principal gira en torno a servicios AI,Europa,0,Europe,United Kingdom,GBR,304
Layer6AI,https://layer6.ai/,"Toronto, ON, Canada",Undisclosed,Undisclosed,10 - 49,100%,Toronto,ON,Canada,No informado,No informado,49,10 - 49,Empresa pequeña ,SMB,AI Focus principal,Empresa que su negocio principal gira en torno a servicios AI,América del Norte,0,North America,Canada,CAN,126
ArriaNLGplc,https://www.arria.com,"Londres, United Kingdom",Undisclosed,Undisclosed,50 - 249,70%,Londres,,United Kingdom,No informado,No informado,249,50 - 249,Empresa mediana/ SME,SMB,AI Focus principal,Empresa que su negocio principal gira en torno a servicios AI,Europa,0,Europe,United Kingdom,GBR,304
BioBeats,https://biobeats.com/,"London, United Kingdom",Undisclosed,Undisclosed,10 - 49,100%,London,,United Kingdom,No informado,No informado,49,10 - 49,Empresa pequeña ,SMB,AI Focus principal,Empresa que su negocio principal gira en torno a servicios AI,Europa,0,Europe,United Kingdom,GBR,304
re:infer,https://reinfer.io/,"London, United Kingdom",Undisclosed,Undisclosed,10 - 49,70%,London,,United Kingdom,No informado,No informado,49,10 - 49,Empresa pequeña ,SMB,AI Focus principal,Empresa que su negocio principal gira en torno a servicios AI,Europa,0,Europe,United Kingdom,GBR,304
JCLARITYLIMITED,https://www.jclarity.com/,"London, United Kingdom",Undisclosed,Undisclosed,2 - 9,100%,London,,United Kingdom,No informado,No informado,9,2 - 9,Micro Empresa,SMB,AI Focus principal,Empresa que su negocio principal gira en torno a servicios AI,Europa,0,Europe,United Kingdom,GBR,304
KlusterIntelligence,https://kluster.com/,"London, United Kingdom",Undisclosed,Undisclosed,2 - 9,70%,London,,United Kingdom,No informado,No informado,9,2 - 9,Micro Empresa,SMB,AI Focus principal,Empresa que su negocio principal gira en torno a servicios AI,Europa,0,Europe,United Kingdom,GBR,304
Seldon,https://www.seldon.io/,"London, United Kingdom",Undisclosed,Undisclosed,10 - 49,100%,London,,United Kingdom,No informado,No informado,49,10 - 49,Empresa pequeña ,SMB,AI Focus principal,Empresa que su negocio principal gira en torno a servicios AI,Europa,0,Europe,United Kingdom,GBR,304
encompass,https://www.encompasscorporation.com/,"Glasgow, United Kingdom",Undisclosed,Undisclosed,50 - 249,50%,Glasgow,,United Kingdom,No informado,No informado,249,50 - 249,Empresa mediana/ SME,SMB,AI Focus,"Empresa con especialización destacada en IA, representa más de la mitad de su actividad",Europa,0,Europe,United Kingdom,GBR,304
FiveAI,https://five.ai/,"London, United Kingdom",Undisclosed,Undisclosed,50 - 249,100%,London,,United Kingdom,No informado,No informado,249,50 - 249,Empresa mediana/ SME,SMB,AI Focus principal,Empresa que su negocio principal gira en torno a servicios AI,Europa,0,Europe,United Kingdom,GBR,304
Popsa,https://popsa.com/,"London, United Kingdom",Undisclosed,Undisclosed,10 - 49,60%,London,,United Kingdom,No informado,No informado,49,10 - 49,Empresa pequeña ,SMB,AI Focus,"Empresa con especialización destacada en IA, representa más de la mitad de su actividad",Europa,0,Europe,United Kingdom,GBR,304
Seebyte,http://www.seebyte.com/,"Edinburgh, United Kingdom",Undisclosed,Undisclosed,50 - 249,50%,Edinburgh,,United Kingdom,No informado,No informado,249,50 - 249,Empresa mediana/ SME,SMB,AI Focus,"Empresa con especialización destacada en IA, representa más de la mitad de su actividad",Europa,0,Europe,United Kingdom,GBR,304
SeceonInc.,http://seceon.com,"Bishop’s Stortford, United Kingdom",Undisclosed,Undisclosed,50 - 249,50%,Bishop’s Stortford,,United Kingdom,No informado,No informado,249,50 - 249,Empresa mediana/ SME,SMB,AI Focus,"Empresa con especialización destacada en IA, representa más de la mitad de su actividad",Europa,0,Europe,United Kingdom,GBR,304
Synchrogenix,https://www.synchrogenix.com/technology-innovation/ai,"Wilmington, Delaware, Estados Unidos",Undisclosed,Undisclosed,50 - 249,100%,Wilmington,Delaware,USA,No informado,No informado,249,50 - 249,Empresa mediana/ SME,SMB,AI Focus principal,Empresa que su negocio principal gira en torno a servicios AI,América del Norte,0,North America,USA,USA,917
OnProcessTechnology,http://onprocess.com,"Ashland, MA",Undisclosed,Undisclosed,250 - 999,50%,Ashland,MA,USA,No informado,No informado,999,250 - 999,Empresa grande/fuera SME,Mid-market,AI Focus,"Empresa con especialización destacada en IA, representa más de la mitad de su actividad",América del Norte,0,North America,USA,USA,917
ValkyrieIntelligence,https://www.valkyrie.ai/,"Austin, TX","$100,000+",Undisclosed,10 - 49,100%,Austin,TX,USA,Informado,No informado,49,10 - 49,Empresa pequeña ,SMB,AI Focus principal,Empresa que su negocio principal gira en torno a servicios AI,América del Norte,1,North America,USA,USA,917
Jvion,https://jvion.com/,"Duluth, GA",Undisclosed,Undisclosed,50 - 249,100%,Duluth,GA,USA,No informado,No informado,249,50 - 249,Empresa mediana/ SME,SMB,AI Focus principal,Empresa que su negocio principal gira en torno a servicios AI,América del Norte,0,North America,USA,USA,917
Oovvuu,http://oovvuu.com/,"Sydney, Australia",Undisclosed,Undisclosed,10 - 49,100%,Sydney,,Australia,No informado,No informado,49,10 - 49,Empresa pequeña ,SMB,AI Focus principal,Empresa que su negocio principal gira en torno a servicios AI,Oceanía,0,Oceania,Australia,AUS,96
Metigy,https://metigy.com/,"Sydney, Australia",Undisclosed,Undisclosed,2 - 9,100%,Sydney,,Australia,No informado,No informado,9,2 - 9,Micro Empresa,SMB,AI Focus principal,Empresa que su negocio principal gira en torno a servicios AI,Oceanía,0,Oceania,Australia,AUS,96
AOS,http://aosgrp.com/,"Melbourne, Australia",Undisclosed,Undisclosed,2 - 9,100%,Melbourne,,Australia,No informado,No informado,9,2 - 9,Micro Empresa,SMB,AI Focus principal,Empresa que su negocio principal gira en torno a servicios AI,Oceanía,0,Oceania,Australia,AUS,96
Catalyte,https://catalyte.io,"Baltimore, MD",Undisclosed,Undisclosed,250 - 999,100%,Baltimore,MD,USA,No informado,No informado,999,250 - 999,Empresa grande/fuera SME,Mid-market,AI Focus principal,Empresa que su negocio principal gira en torno a servicios AI,América del Norte,0,North America,USA,USA,917
SkylineAI,https://www.skyline.ai/,"New York, NY",Undisclosed,Undisclosed,10 - 49,100%,New York,NY,USA,No informado,No informado,49,10 - 49,Empresa pequeña ,SMB,AI Focus principal,Empresa que su negocio principal gira en torno a servicios AI,América del Norte,0,North America,USA,USA,917
Spatial.AI,https://spatial.ai/,"Cincinnati, OH",Undisclosed,Undisclosed,2 - 9,100%,Cincinnati,OH,USA,No informado,No informado,9,2 - 9,Micro Empresa,SMB,AI Focus principal,Empresa que su negocio principal gira en torno a servicios AI,América del Norte,0,North America,USA,USA,917
Welcome.AI,https://www.welcome.ai/avikaido,"New York, NY",Undisclosed,Undisclosed,2 - 9,100%,New York,NY,USA,No informado,No informado,9,2 - 9,Micro Empresa,SMB,AI Focus principal,Empresa que su negocio principal gira en torno a servicios AI,América del Norte,0,North America,USA,USA,917
PassageAI,https://passage.ai,"Mountain View, CA",Undisclosed,Undisclosed,10 - 49,100%,Mountain View,CA,USA,No informado,No informado,49,10 - 49,Empresa pequeña ,SMB,AI Focus principal,Empresa que su negocio principal gira en torno a servicios AI,América del Norte,0,North America,USA,USA,917
Arena,https://www.arena.io,"Baltimore, MD",Undisclosed,Undisclosed,10 - 49,100%,Baltimore,MD,USA,No informado,No informado,49,10 - 49,Empresa pequeña ,SMB,AI Focus principal,Empresa que su negocio principal gira en torno a servicios AI,América del Norte,0,North America,USA,USA,917
Clare.AI,https://www.clare.ai/,"Hong Kong, China",Undisclosed,Undisclosed,10 - 49,100%,Hong Kong,,China,No informado,No informado,49,10 - 49,Empresa pequeña ,SMB,AI Focus principal,Empresa que su negocio principal gira en torno a servicios AI,Asia,0,Asia,China,China,87
Tethr,https://tethr.com,"Austin, TX",Undisclosed,Undisclosed,50 - 249,100%,Austin,TX,USA,No informado,No informado,249,50 - 249,Empresa mediana/ SME,SMB,AI Focus principal,Empresa que su negocio principal gira en torno a servicios AI,América del Norte,0,North America,USA,USA,917
Equals3,http://www.equals3.ai,"St. Louis Park, MN",Undisclosed,Undisclosed,10 - 49,100%,St. Louis Park,MN,USA,No informado,No informado,49,10 - 49,Empresa pequeña ,SMB,AI Focus principal,Empresa que su negocio principal gira en torno a servicios AI,América del Norte,0,North America,USA,USA,917
KenSci,https://www.kensci.com,"Seattle, WA",Undisclosed,Undisclosed,50 - 249,100%,Seattle,WA,USA,No informado,No informado,249,50 - 249,Empresa mediana/ SME,SMB,AI Focus principal,Empresa que su negocio principal gira en torno a servicios AI,América del Norte,0,North America,USA,USA,917
Saykara,https://www.saykara.com/,"Seattle, WA",Undisclosed,Undisclosed,10 - 49,80%,Seattle,WA,USA,No informado,No informado,49,10 - 49,Empresa pequeña ,SMB,AI Focus principal,Empresa que su negocio principal gira en torno a servicios AI,América del Norte,0,North America,USA,USA,917
MINDAI,https://www.mind.ai/,"Ipswich, Inglaterra, Reino Unido",Undisclosed,Undisclosed,10 - 49,100%,Ipswich,Inglaterra,United Kingdom,No informado,No informado,49,10 - 49,Empresa pequeña ,SMB,AI Focus principal,Empresa que su negocio principal gira en torno a servicios AI,Europa,0,Europe,United Kingdom,GBR,304
CityBldr,https://www.citybldr.com/,"Seattle, WA",Undisclosed,Undisclosed,10 - 49,100%,Seattle,WA,USA,No informado,No informado,49,10 - 49,Empresa pequeña ,SMB,AI Focus principal,Empresa que su negocio principal gira en torno a servicios AI,América del Norte,0,North America,USA,USA,917
ObjectFrontierSoftware(OFS),http://www.objectfrontier.com/,"Alpharetta, GA",Undisclosed,Undisclosed,250 - 999,50%,Alpharetta,GA,USA,No informado,No informado,999,250 - 999,Empresa grande/fuera SME,Mid-market,AI Focus,"Empresa con especialización destacada en IA, representa más de la mitad de su actividad",América del Norte,0,North America,USA,USA,917
RadiantSystemsInc,http://www.radiants.com,"South Plainfield, NJ",Undisclosed,Undisclosed,50 - 249,50%,South Plainfield,NJ,USA,No informado,No informado,249,50 - 249,Empresa mediana/ SME,SMB,AI Focus,"Empresa con especialización destacada en IA, representa más de la mitad de su actividad",América del Norte,0,North America,USA,USA,917
OodlesAI-ArtificialIntelligenceServices,https://artificialintelligence.oodles.io/,"Gurugram, India","$5,000+",< $25 / hr,250 - 999,100%,Gurugram,,India,Informado,Informado,999,250 - 999,Empresa grande/fuera SME,Mid-market,AI Focus principal,Empresa que su negocio principal gira en torno a servicios AI,Asia,2,Asia,India,IND,441
Aigo.ai,https://www.aigo.ai/,"Redondo Beach, CA",Undisclosed,Undisclosed,10 - 49,100%,Redondo Beach,CA,USA,No informado,No informado,49,10 - 49,Empresa pequeña ,SMB,AI Focus principal,Empresa que su negocio principal gira en torno a servicios AI,América del Norte,0,North America,USA,USA,917
Opsani,https://www.opsani.com/,"Redwood City, CA",Undisclosed,Undisclosed,10 - 49,100%,Redwood City,CA,USA,No informado,No informado,49,10 - 49,Empresa pequeña ,SMB,AI Focus principal,Empresa que su negocio principal gira en torno a servicios AI,América del Norte,0,North America,USA,USA,917
xBrain,https://satisfaction.ai/,"Menlo Park, CA",Undisclosed,Undisclosed,10 - 49,100%,Menlo Park,CA,USA,No informado,No informado,49,10 - 49,Empresa pequeña ,SMB,AI Focus principal,Empresa que su negocio principal gira en torno a servicios AI,América del Norte,0,North America,USA,USA,917
InfosearchBPO,https://www.infosearchbpo.com/,"Chennai, India",Undisclosed,Undisclosed,250 - 999,40%,Chennai,,India,No informado,No informado,999,250 - 999,Empresa grande/fuera SME,Mid-market,AI Service complementary, Empresa diversificada que ofrece IA como una línea de servicio complementaria,Asia,0,Asia,India,IND,441
"BeijingKingsoftCloudNetworkTechnologyCo.,Ltd.",https://www.ksyun.com/,"Beijing, China",Undisclosed,Undisclosed,"1,000 - 9,999",30%,Beijing,,China,No informado,No informado,9999,1000 - 9999,Empresa grande /fuera SM,Enterprise,AI Service complementary, Empresa diversificada que ofrece IA como una línea de servicio complementaria,Asia,0,Asia,China,China,87
VUXWorld,https://vux.world,"Harrogate, United Kingdom","$10,000+",$200 - $300 / hr,2 - 9,100%,Harrogate,,United Kingdom,Informado,Informado,9,2 - 9,Micro Empresa,SMB,AI Focus principal,Empresa que su negocio principal gira en torno a servicios AI,Europa,2,Europe,United Kingdom,GBR,304
SmartClick,https://smartclick.ai/,"Yerevan, Armenia",Undisclosed,Undisclosed,50 - 249,100%,Yerevan,,Armenia,No informado,No informado,249,50 - 249,Empresa mediana/ SME,SMB,AI Focus principal,Empresa que su negocio principal gira en torno a servicios AI,Asia,0,Asia,Armenia,ARM,11
IntelliSite,https://www.intellisite.io/,"Fort Mill, SC",Undisclosed,Undisclosed,50 - 249,50%,Fort Mill,SC,USA,No informado,No informado,249,50 - 249,Empresa mediana/ SME,SMB,AI Focus,"Empresa con especialización destacada en IA, representa más de la mitad de su actividad",América del Norte,0,North America,USA,USA,917
DigitalSense,http://www.digitalsense.ai,"Montevideo, Uruguay","$25,000+",$50 - $99 / hr,10 - 49,80%,Montevideo,,Uruguay,Informado,Informado,49,10 - 49,Empresa pequeña ,SMB,AI Focus principal,Empresa que su negocio principal gira en torno a servicios AI,América del Sur,2,South America,Uruguay,URY,22
OSI,https://www.objectsystems.com,"Layton, UT","$25,000+",$25 - $49 / hr,50 - 249,50%,Layton,UT,USA,Informado,Informado,249,50 - 249,Empresa mediana/ SME,SMB,AI Focus,"Empresa con especialización destacada en IA, representa más de la mitad de su actividad",América del Norte,2,North America,USA,USA,917
Kortical,http://kortical.com,"London, United Kingdom","$1,000+",$100 - $149 / hr,2 - 9,100%,London,,United Kingdom,Informado,Informado,9,2 - 9,Micro Empresa,SMB,AI Focus principal,Empresa que su negocio principal gira en torno a servicios AI,Europa,2,Europe,United Kingdom,GBR,304
Botcopy,https://www.botcopy.com/,"Santa Monica, CA",Undisclosed,Undisclosed,2 - 9,100%,Santa Monica,CA,USA,No informado,No informado,9,2 - 9,Micro Empresa,SMB,AI Focus principal,Empresa que su negocio principal gira en torno a servicios AI,América del Norte,0,North America,USA,USA,917
CINCO,http://www.wearecinco.com/,"Toronto, Canada",Undisclosed,Undisclosed,50 - 249,50%,Toronto,,Canada,No informado,No informado,249,50 - 249,Empresa mediana/ SME,SMB,AI Focus,"Empresa con especialización destacada en IA, representa más de la mitad de su actividad",América del Norte,0,North America,Canada,CAN,126
simMachines,https://simmachines.com/,"Chicago, IL",Undisclosed,Undisclosed,10 - 49,100%,Chicago,IL,USA,No informado,No informado,49,10 - 49,Empresa pequeña ,SMB,AI Focus principal,Empresa que su negocio principal gira en torno a servicios AI,América del Norte,0,North America,USA,USA,917
2021.AI,https://2021.ai/,"London, United Kingdom","$25,000+",$150 - $199 / hr,50 - 249,60%,London,,United Kingdom,Informado,Informado,249,50 - 249,Empresa mediana/ SME,SMB,AI Focus,"Empresa con especialización destacada en IA, representa más de la mitad de su actividad",Europa,2,Europe,United Kingdom,GBR,304
Automat.ai,https://www.automat.ai/,"Montréal, Canada",Undisclosed,Undisclosed,10 - 49,100%,Montréal,,Canada,No informado,No informado,49,10 - 49,Empresa pequeña ,SMB,AI Focus principal,Empresa que su negocio principal gira en torno a servicios AI,América del Norte,0,North America,Canada,CAN,126
CyberPublicity,https://www.cyberpublicity.com/,"Montréal, Canada",Undisclosed,Undisclosed,10 - 49,100%,Montréal,,Canada,No informado,No informado,49,10 - 49,Empresa pequeña ,SMB,AI Focus principal,Empresa que su negocio principal gira en torno a servicios AI,América del Norte,0,North America,Canada,CAN,126
SPORTLOGiQ,http://sportlogiq.com/en/,"Montréal, Canada",Undisclosed,Undisclosed,50 - 249,100%,Montréal,,Canada,No informado,No informado,249,50 - 249,Empresa mediana/ SME,SMB,AI Focus principal,Empresa que su negocio principal gira en torno a servicios AI,América del Norte,0,North America,Canada,CAN,126
MalongTechnologies,https://www.malongtech.com/,"Bentonville, AR","$5,000+",$300+ / hr,50 - 249,80%,Bentonville,AR,USA,Informado,Informado,249,50 - 249,Empresa mediana/ SME,SMB,AI Focus principal,Empresa que su negocio principal gira en torno a servicios AI,América del Norte,2,North America,USA,USA,917
Algolux,https://algolux.com/,"Montréal, Canada",Undisclosed,Undisclosed,10 - 49,100%,Montréal,,Canada,No informado,No informado,49,10 - 49,Empresa pequeña ,SMB,AI Focus principal,Empresa que su negocio principal gira en torno a servicios AI,América del Norte,0,North America,Canada,CAN,126
"Mythic,Inc.",https://www.mythic-ai.com/,"Austin, TX",Undisclosed,Undisclosed,50 - 249,100%,Austin,TX,USA,No informado,No informado,249,50 - 249,Empresa mediana/ SME,SMB,AI Focus principal,Empresa que su negocio principal gira en torno a servicios AI,América del Norte,0,North America,USA,USA,917
CognitiveScale,https://www.cognitivescale.com/,"Austin, TX",Undisclosed,Undisclosed,50 - 249,100%,Austin,TX,USA,No informado,No informado,249,50 - 249,Empresa mediana/ SME,SMB,AI Focus principal,Empresa que su negocio principal gira en torno a servicios AI,América del Norte,0,North America,USA,USA,917
AimBrain,https://www.lexicom.io/,"London, United Kingdom",Undisclosed,Undisclosed,10 - 49,70%,London,,United Kingdom,No informado,No informado,49,10 - 49,Empresa pequeña ,SMB,AI Focus principal,Empresa que su negocio principal gira en torno a servicios AI,Europa,0,Europe,United Kingdom,GBR,304
AireLabs,https://aire.io/,"London, United Kingdom",Undisclosed,Undisclosed,10 - 49,80%,London,,United Kingdom,No informado,No informado,49,10 - 49,Empresa pequeña ,SMB,AI Focus principal,Empresa que su negocio principal gira en torno a servicios AI,Europa,0,Europe,United Kingdom,GBR,304
NuEchoInc.,https://www.nuecho.com/en/,"Montreal, Canada",Undisclosed,Undisclosed,50 - 249,100%,Montreal,,Canada,No informado,No informado,249,50 - 249,Empresa mediana/ SME,SMB,AI Focus principal,Empresa que su negocio principal gira en torno a servicios AI,América del Norte,0,North America,Canada,CAN,126
Celaton,http://www.celaton.com/,"Buckinghamshire, United Kingdom",Undisclosed,Undisclosed,10 - 49,100%,Buckinghamshire,,United Kingdom,No informado,No informado,49,10 - 49,Empresa pequeña ,SMB,AI Focus principal,Empresa que su negocio principal gira en torno a servicios AI,Europa,0,Europe,United Kingdom,GBR,304
RainbirdTechnologies,https://rainbird.ai/,"London, United Kingdom",Undisclosed,Undisclosed,10 - 49,100%,London,,United Kingdom,No informado,No informado,49,10 - 49,Empresa pequeña ,SMB,AI Focus principal,Empresa que su negocio principal gira en torno a servicios AI,Europa,0,Europe,United Kingdom,GBR,304
CrowdEmotion,https://www.crowdemotion.co.uk/,"London, United Kingdom",Undisclosed,Undisclosed,2 - 9,70%,London,,United Kingdom,No informado,No informado,9,2 - 9,Micro Empresa,SMB,AI Focus principal,Empresa que su negocio principal gira en torno a servicios AI,Europa,0,Europe,United Kingdom,GBR,304
Cytora,https://cytora.com/,"London, United Kingdom",Undisclosed,Undisclosed,50 - 249,100%,London,,United Kingdom,No informado,No informado,249,50 - 249,Empresa mediana/ SME,SMB,AI Focus principal,Empresa que su negocio principal gira en torno a servicios AI,Europa,0,Europe,United Kingdom,GBR,304
Diffblue,https://www.diffblue.com/,"Oxford, United Kingdom",Undisclosed,Undisclosed,50 - 249,60%,Oxford,,United Kingdom,No informado,No informado,249,50 - 249,Empresa mediana/ SME,SMB,AI Focus,"Empresa con especialización destacada en IA, representa más de la mitad de su actividad",Europa,0,Europe,United Kingdom,GBR,304
PROWLER.io,https://www.prowler.io/,"Cambridge, United Kingdom",Undisclosed,Undisclosed,50 - 249,100%,Cambridge,,United Kingdom,No informado,No informado,249,50 - 249,Empresa mediana/ SME,SMB,AI Focus principal,Empresa que su negocio principal gira en torno a servicios AI,Europa,0,Europe,United Kingdom,GBR,304
SentiSum,https://sentisum.com/,"London, United Kingdom",Undisclosed,Undisclosed,50 - 249,100%,London,,United Kingdom,No informado,No informado,249,50 - 249,Empresa mediana/ SME,SMB,AI Focus principal,Empresa que su negocio principal gira en torno a servicios AI,Europa,0,Europe,United Kingdom,GBR,304
ASIDataScience,https://www.asidatascience.com/,"London, United Kingdom",Undisclosed,Undisclosed,50 - 249,50%,London,,United Kingdom,No informado,No informado,249,50 - 249,Empresa mediana/ SME,SMB,AI Focus,"Empresa con especialización destacada en IA, representa más de la mitad de su actividad",Europa,0,Europe,United Kingdom,GBR,304
LabGenius,https://www.labgeni.us/,"London, United Kingdom",Undisclosed,Undisclosed,10 - 49,100%,London,,United Kingdom,No informado,No informado,49,10 - 49,Empresa pequeña ,SMB,AI Focus principal,Empresa que su negocio principal gira en torno a servicios AI,Europa,0,Europe,United Kingdom,GBR,304
ProFinda,https://www.profinda.com/,"London, United Kingdom",Undisclosed,Undisclosed,10 - 49,60%,London,,United Kingdom,No informado,No informado,49,10 - 49,Empresa pequeña ,SMB,AI Focus,"Empresa con especialización destacada en IA, representa más de la mitad de su actividad",Europa,0,Europe,United Kingdom,GBR,304
DigitalCatapult,https://www.digicatapult.org.uk/,"London, United Kingdom",Undisclosed,Undisclosed,50 - 249,50%,London,,United Kingdom,No informado,No informado,249,50 - 249,Empresa mediana/ SME,SMB,AI Focus,"Empresa con especialización destacada en IA, representa más de la mitad de su actividad",Europa,0,Europe,United Kingdom,GBR,304
Stratifyd,https://www.stratifyd.com/,"Charlotte, NC",Undisclosed,Undisclosed,10 - 49,60%,Charlotte,NC,USA,No informado,No informado,49,10 - 49,Empresa pequeña ,SMB,AI Focus,"Empresa con especialización destacada en IA, representa más de la mitad de su actividad",América del Norte,0,North America,USA,USA,917
"LucenaResearch,Inc.",https://lucenaresearch.com/,"Atlanta, GA",Undisclosed,Undisclosed,10 - 49,100%,Atlanta,GA,USA,No informado,No informado,49,10 - 49,Empresa pequeña ,SMB,AI Focus principal,Empresa que su negocio principal gira en torno a servicios AI,América del Norte,0,North America,USA,USA,917
AppliedAILtd,http://applied.ai/,"London, United Kingdom",Undisclosed,Undisclosed,Freelancer,100%,London,,United Kingdom,No informado,No informado,0,No informado,No aplica,Freelancer,AI Focus principal,Empresa que su negocio principal gira en torno a servicios AI,Europa,0,Europe,United Kingdom,GBR,304
AiBuild,http://ai-build.com/,"London, United Kingdom",Undisclosed,Undisclosed,2 - 9,100%,London,,United Kingdom,No informado,No informado,9,2 - 9,Micro Empresa,SMB,AI Focus principal,Empresa que su negocio principal gira en torno a servicios AI,Europa,0,Europe,United Kingdom,GBR,304
TheBotPlatform,https://thebotplatform.com/,"London, United Kingdom",Undisclosed,Undisclosed,10 - 49,100%,London,,United Kingdom,No informado,No informado,49,10 - 49,Empresa pequeña ,SMB,AI Focus principal,Empresa que su negocio principal gira en torno a servicios AI,Europa,0,Europe,United Kingdom,GBR,304
EmotechLTD,https://heyolly.com/,"London, United Kingdom",Undisclosed,Undisclosed,10 - 49,100%,London,,United Kingdom,No informado,No informado,49,10 - 49,Empresa pequeña ,SMB,AI Focus principal,Empresa que su negocio principal gira en torno a servicios AI,Europa,0,Europe,United Kingdom,GBR,304
PerceptualRobotics,https://www.perceptual-robotics.com/,"Bristol, United Kingdom",Undisclosed,Undisclosed,2 - 9,100%,Bristol,,United Kingdom,No informado,No informado,9,2 - 9,Micro Empresa,SMB,AI Focus principal,Empresa que su negocio principal gira en torno a servicios AI,Europa,0,Europe,United Kingdom,GBR,304
CNCRoboticsLtd,http://www.cncrobotics.co.uk/,"Liverpool, United Kingdom",Undisclosed,Undisclosed,10 - 49,100%,Liverpool,,United Kingdom,No informado,No informado,49,10 - 49,Empresa pequeña ,SMB,AI Focus principal,Empresa que su negocio principal gira en torno a servicios AI,Europa,0,Europe,United Kingdom,GBR,304
TMRobotics,https://www.tmrobotics.com/,"Welwyn Garden City, United Kingdom",Undisclosed,Undisclosed,2 - 9,100%,Welwyn Garden City,,United Kingdom,No informado,No informado,9,2 - 9,Micro Empresa,SMB,AI Focus principal,Empresa que su negocio principal gira en torno a servicios AI,Europa,0,Europe,United Kingdom,GBR,304
Presagen,https://www.presagen.com/,"Adelaide, Australia",Undisclosed,Undisclosed,2 - 9,100%,Adelaide,,Australia,No informado,No informado,9,2 - 9,Micro Empresa,SMB,AI Focus principal,Empresa que su negocio principal gira en torno a servicios AI,Oceanía,0,Oceania,Australia,AUS,96
Ambiata,https://ambiata.com,"Surry Hills, Australia",Undisclosed,Undisclosed,2 - 9,100%,Surry Hills,,Australia,No informado,No informado,9,2 - 9,Micro Empresa,SMB,AI Focus principal,Empresa que su negocio principal gira en torno a servicios AI,Oceanía,0,Oceania,Australia,AUS,96
HIVERY,https://www.hivery.com,"Surry Hills, Australia",Undisclosed,Undisclosed,10 - 49,100%,Surry Hills,,Australia,No informado,No informado,49,10 - 49,Empresa pequeña ,SMB,AI Focus principal,Empresa que su negocio principal gira en torno a servicios AI,Oceanía,0,Oceania,Australia,AUS,96
StartDigital,https://startdigital.com.au,"Perth, Australia",Undisclosed,Undisclosed,10 - 49,100%,Perth,,Australia,No informado,No informado,49,10 - 49,Empresa pequeña ,SMB,AI Focus principal,Empresa que su negocio principal gira en torno a servicios AI,Oceanía,0,Oceania,Australia,AUS,96
Inspiro,https://www.inspiro.com,Australia,Undisclosed,Undisclosed,10 - 49,100%,Australia,,Australia,No informado,No informado,49,10 - 49,Empresa pequeña ,SMB,AI Focus principal,Empresa que su negocio principal gira en torno a servicios AI,Oceanía,0,Oceania,Australia,AUS,96
Leadsurance,https://leadsurance.com,"Austin, TX",Undisclosed,Undisclosed,2 - 9,100%,Austin,TX,USA,No informado,No informado,9,2 - 9,Micro Empresa,SMB,AI Focus principal,Empresa que su negocio principal gira en torno a servicios AI,América del Norte,0,North America,USA,USA,917
FlinkLabs,http://flinklabs.com/,"Surrey Hills, Australia",Undisclosed,Undisclosed,10 - 49,100%,Surrey Hills,,Australia,No informado,No informado,49,10 - 49,Empresa pequeña ,SMB,AI Focus principal,Empresa que su negocio principal gira en torno a servicios AI,Oceanía,0,Oceania,Australia,AUS,96
OpenDNA,https://opendna.ai/,"Singapore, Australia",Undisclosed,Undisclosed,10 - 49,100%,Singapore,,Australia,No informado,No informado,49,10 - 49,Empresa pequeña ,SMB,AI Focus principal,Empresa que su negocio principal gira en torno a servicios AI,Oceanía,0,Oceania,Australia,AUS,96
Vizual.ai,https://vizual.ai,"Baltimore, MD",Undisclosed,Undisclosed,10 - 49,100%,Baltimore,MD,USA,No informado,No informado,49,10 - 49,Empresa pequeña ,SMB,AI Focus principal,Empresa que su negocio principal gira en torno a servicios AI,América del Norte,0,North America,USA,USA,917
Juvenescence.AI,https://www.juvenescence.ai/,"Baltimore, ",Undisclosed,Undisclosed,10 - 49,100%,Baltimore,,USA,No informado,No informado,49,10 - 49,Empresa pequeña ,SMB,AI Focus principal,Empresa que su negocio principal gira en torno a servicios AI,América del Norte,0,North America,USA,USA,917
Machfu,https://www.machfu.com,"Germantown, MD",Undisclosed,Undisclosed,2 - 9,100%,Germantown,MD,USA,No informado,No informado,9,2 - 9,Micro Empresa,SMB,AI Focus principal,Empresa que su negocio principal gira en torno a servicios AI,América del Norte,0,North America,USA,USA,917
GenusAI,https://genus.ai/,"San Francisco, CA",Undisclosed,Undisclosed,10 - 49,100%,San Francisco,CA,USA,No informado,No informado,49,10 - 49,Empresa pequeña ,SMB,AI Focus principal,Empresa que su negocio principal gira en torno a servicios AI,América del Norte,0,North America,USA,USA,917
LeenaAI,https://leena.ai/,"Palo Alto, CA",Undisclosed,Undisclosed,50 - 249,100%,Palo Alto,CA,USA,No informado,No informado,249,50 - 249,Empresa mediana/ SME,SMB,AI Focus principal,Empresa que su negocio principal gira en torno a servicios AI,América del Norte,0,North America,USA,USA,917
Yalochat,https://www.yalochat.com/,"San Francisco, CA",Undisclosed,Undisclosed,10 - 49,100%,San Francisco,CA,USA,No informado,No informado,49,10 - 49,Empresa pequeña ,SMB,AI Focus principal,Empresa que su negocio principal gira en torno a servicios AI,América del Norte,0,North America,USA,USA,917
AIInnovation,https://www.ai.se,"Göteborg, Sweden",Undisclosed,Undisclosed,10 - 49,100%,Göteborg,,Sweden,No informado,No informado,49,10 - 49,Empresa pequeña ,SMB,AI Focus principal,Empresa que su negocio principal gira en torno a servicios AI,Europa,0,Europe,Sweden,SWE,7
AnswerIQ,https://www.answeriq.com,"Bellevue, WA",Undisclosed,Undisclosed,10 - 49,100%,Bellevue,WA,USA,No informado,No informado,49,10 - 49,Empresa pequeña ,SMB,AI Focus principal,Empresa que su negocio principal gira en torno a servicios AI,América del Norte,0,North America,USA,USA,917
Pryon,https://www.pryon.ai,"Seattle, WA",Undisclosed,Undisclosed,10 - 49,100%,Seattle,WA,USA,No informado,No informado,49,10 - 49,Empresa pequeña ,SMB,AI Focus principal,Empresa que su negocio principal gira en torno a servicios AI,América del Norte,0,North America,USA,USA,917
Torch.ai,https://torch.ai,"Leawood, KS",Undisclosed,Undisclosed,50 - 249,100%,Leawood,KS,USA,No informado,No informado,249,50 - 249,Empresa mediana/ SME,SMB,AI Focus principal,Empresa que su negocio principal gira en torno a servicios AI,América del Norte,0,North America,USA,USA,917
MicroAgility,http://www.MicroAgility.com,"Princeton, NJ",Undisclosed,Undisclosed,10 - 49,70%,Princeton,NJ,USA,No informado,No informado,49,10 - 49,Empresa pequeña ,SMB,AI Focus principal,Empresa que su negocio principal gira en torno a servicios AI,América del Norte,0,North America,USA,USA,917
Colektia,https://colektia.com/,"Santiago, Chile",Undisclosed,Undisclosed,10 - 49,100%,Santiago,,Chile,No informado,No informado,49,10 - 49,Empresa pequeña ,SMB,AI Focus principal,Empresa que su negocio principal gira en torno a servicios AI,América del Sur,0,South America,Chile,CHL,13
AccelirateInc.,https://www.accelirate.com,"Edison, NJ",Undisclosed,Undisclosed,10 - 49,100%,Edison,NJ,USA,No informado,No informado,49,10 - 49,Empresa pequeña ,SMB,AI Focus principal,Empresa que su negocio principal gira en torno a servicios AI,América del Norte,0,North America,USA,USA,917
Ople,https://ople.ai/,"San Mateo, CA",Undisclosed,Undisclosed,50 - 249,100%,San Mateo,CA,USA,No informado,No informado,249,50 - 249,Empresa mediana/ SME,SMB,AI Focus principal,Empresa que su negocio principal gira en torno a servicios AI,América del Norte,0,North America,USA,USA,917
Thinci,https://www.blaize.com/,"El Dorado Hills, CA",Undisclosed,Undisclosed,50 - 249,100%,El Dorado Hills,CA,USA,No informado,No informado,249,50 - 249,Empresa mediana/ SME,SMB,AI Focus principal,Empresa que su negocio principal gira en torno a servicios AI,América del Norte,0,North America,USA,USA,917
FenrisDigital,https://fenrisd.com/,"Glen Allen, VA",Undisclosed,Undisclosed,10 - 49,100%,Glen Allen,VA,USA,No informado,No informado,49,10 - 49,Empresa pequeña ,SMB,AI Focus principal,Empresa que su negocio principal gira en torno a servicios AI,América del Norte,0,North America,USA,USA,917
qBoticaInc.,https://qbotica.com/,"Phoenix, AZ",Undisclosed,Undisclosed,10 - 49,100%,Phoenix,AZ,USA,No informado,No informado,49,10 - 49,Empresa pequeña ,SMB,AI Focus principal,Empresa que su negocio principal gira en torno a servicios AI,América del Norte,0,North America,USA,USA,917
AVA,https://ava.info,"Berlin, Germany",Undisclosed,$300+ / hr,50 - 249,50%,Berlin,,Germany,No informado,Informado,249,50 - 249,Empresa mediana/ SME,SMB,AI Focus,"Empresa con especialización destacada en IA, representa más de la mitad de su actividad",Europa,1,Europe,Germany,DEU,47
NexusFrontierTechLtd.,https://nexusfrontier.tech,"London, United Kingdom","$10,000+",Undisclosed,50 - 249,70%,London,,United Kingdom,Informado,No informado,249,50 - 249,Empresa mediana/ SME,SMB,AI Focus principal,Empresa que su negocio principal gira en torno a servicios AI,Europa,1,Europe,United Kingdom,GBR,304
ANOLYTICS,https://www.anolytics.ai/,"Levittown, NY","$1,000+",$25 - $49 / hr,250 - 999,100%,Levittown,NY,USA,Informado,Informado,999,250 - 999,Empresa grande/fuera SME,Mid-market,AI Focus principal,Empresa que su negocio principal gira en torno a servicios AI,América del Norte,2,North America,USA,USA,917
SevensenseRobotics,http://www.sevensense.ai/,"Zürich, Switzerland",Undisclosed,Undisclosed,10 - 49,100%,Zürich,,Switzerland,No informado,No informado,49,10 - 49,Empresa pequeña ,SMB,AI Focus principal,Empresa que su negocio principal gira en torno a servicios AI,Europa,0,Europe,Switzerland,CHE,21
Axionable,https://www.axionable.com/,"Paris, France",Undisclosed,Undisclosed,50 - 249,50%,Paris,,France,No informado,No informado,249,50 - 249,Empresa mediana/ SME,SMB,AI Focus,"Empresa con especialización destacada en IA, representa más de la mitad de su actividad",Europa,0,Europe,France,FRA,14
WhaleSeeker,http://www.whaleseeker.com/,"Montréal, Canada",Undisclosed,Undisclosed,2 - 9,100%,Montréal,,Canada,No informado,No informado,9,2 - 9,Micro Empresa,SMB,AI Focus principal,Empresa que su negocio principal gira en torno a servicios AI,América del Norte,0,North America,Canada,CAN,126
causaLens,https://www.causalens.com,"London, United Kingdom",Undisclosed,Undisclosed,50 - 249,50%,London,,United Kingdom,No informado,No informado,249,50 - 249,Empresa mediana/ SME,SMB,AI Focus,"Empresa con especialización destacada en IA, representa más de la mitad de su actividad",Europa,0,Europe,United Kingdom,GBR,304
NanopreciseSciCorp,https://nanoprecise.io/,"Edmonton, Canada",Undisclosed,Undisclosed,50 - 249,50%,Edmonton,,Canada,No informado,No informado,249,50 - 249,Empresa mediana/ SME,SMB,AI Focus,"Empresa con especialización destacada en IA, representa más de la mitad de su actividad",América del Norte,0,North America,Canada,CAN,126
VelebitAI,https://www.velebit.ai,"Zagreb, Croatia","$5,000+",$50 - $99 / hr,2 - 9,80%,Zagreb,,Croatia,Informado,Informado,9,2 - 9,Micro Empresa,SMB,AI Focus principal,Empresa que su negocio principal gira en torno a servicios AI,Europa,2,Europe,Croatia,HRV,17
Nerv(NowHikko),https://nerv.is/,"Montevideo, Uruguay","$10,000+",Undisclosed,50 - 249,60%,Montevideo,,Uruguay,Informado,No informado,249,50 - 249,Empresa mediana/ SME,SMB,AI Focus,"Empresa con especialización destacada en IA, representa más de la mitad de su actividad",América del Sur,1,South America,Uruguay,URY,22
Sparkd,https://sparkd.ai/,"Dublin 4, Ireland","$10,000+",$50 - $99 / hr,10 - 49,70%,Dublin 4,,Ireland,Informado,Informado,49,10 - 49,Empresa pequeña ,SMB,AI Focus principal,Empresa que su negocio principal gira en torno a servicios AI,Europa,2,Europe,Ireland,IRL,8
DECESoftware,https://www.dece.com.tr/,"Ankara, Turkey","$25,000+",Undisclosed,10 - 49,100%,Ankara,,Turkey,Informado,No informado,49,10 - 49,Empresa pequeña ,SMB,AI Focus principal,Empresa que su negocio principal gira en torno a servicios AI,Asia,1,Asia,Turkey,TUR,18
FishEyeBox,http://www.fisheyebox.com,"Mumbai, India",Undisclosed,Undisclosed,10 - 49,100%,Mumbai,,India,No informado,No informado,49,10 - 49,Empresa pequeña ,SMB,AI Focus principal,Empresa que su negocio principal gira en torno a servicios AI,Asia,0,Asia,India,IND,441
FastPathAutomation-CoSobyArobs,https://fastpathautomation.com/,"Breda, Netherlands","$5,000+",$25 - $49 / hr,2 - 9,90%,Breda,,Netherlands,Informado,Informado,9,2 - 9,Micro Empresa,SMB,AI Focus principal,Empresa que su negocio principal gira en torno a servicios AI,Europa,2,Europe,Netherlands,NLD,26
NEORIS,http://www.neoris.com,"Miami, FL","$25,000+",$50 - $99 / hr,"1,000 - 9,999",10%,Miami,FL,USA,Informado,Informado,9999,1000 - 9999,Empresa grande /fuera SM,Enterprise,AI Service residual,Empresa diversificada cuya participación de IA es limitada o residual,América del Norte,2,North America,USA,USA,917
Ilhasoft,http://www.ilhasoft.com.br/en,"Maceio, Brazil","$10,000+",$25 - $49 / hr,50 - 249,100%,Maceio,,Brazil,Informado,Informado,249,50 - 249,Empresa mediana/ SME,SMB,AI Focus principal,Empresa que su negocio principal gira en torno a servicios AI,América del Sur,2,South America,Brazil,BRA,21
Neurotech,http://www.neurotech.com.br/,"Recife, Brazil",Undisclosed,Undisclosed,250 - 999,80%,Recife,,Brazil,No informado,No informado,999,250 - 999,Empresa grande/fuera SME,Mid-market,AI Focus principal,Empresa que su negocio principal gira en torno a servicios AI,América del Sur,0,South America,Brazil,BRA,21
NovuMind,https://www.novumind.com/,"Beijing, China","$5,000+",$50 - $99 / hr,10 - 49,60%,Beijing,,China,Informado,Informado,49,10 - 49,Empresa pequeña ,SMB,AI Focus,"Empresa con especialización destacada en IA, representa más de la mitad de su actividad",Asia,2,Asia,China,China,87
Aibee,http://aibee.com/en/Default.html,"Palo Alto, CA","$5,000+",$50 - $99 / hr,10 - 49,100%,Palo Alto,CA,USA,Informado,Informado,49,10 - 49,Empresa pequeña ,SMB,AI Focus principal,Empresa que su negocio principal gira en torno a servicios AI,América del Norte,2,North America,USA,USA,917
Intellifusion,http://www.intellif.com/,"Shenzhen Shi, China","$5,000+",$50 - $99 / hr,50 - 249,60%,Shenzhen Shi,,China,Informado,Informado,249,50 - 249,Empresa mediana/ SME,SMB,AI Focus,"Empresa con especialización destacada en IA, representa más de la mitad de su actividad",Asia,2,Asia,China,China,87
BlackfordAnalysisLtd,http://www.blackfordanalysis.com/,"Edinburgh, United Kingdom",Undisclosed,Undisclosed,10 - 49,100%,Edinburgh,,United Kingdom,No informado,No informado,49,10 - 49,Empresa pequeña ,SMB,AI Focus principal,Empresa que su negocio principal gira en torno a servicios AI,Europa,0,Europe,United Kingdom,GBR,304
GlobalSurfaceIntelligence,https://www.surfaceintelligence.com,"Edinburgh, United Kingdom",Undisclosed,Undisclosed,10 - 49,80%,Edinburgh,,United Kingdom,No informado,No informado,49,10 - 49,Empresa pequeña ,SMB,AI Focus principal,Empresa que su negocio principal gira en torno a servicios AI,Europa,0,Europe,United Kingdom,GBR,304
SwiftIQ,http://www.swiftiq.com/,"Chicago, IL",Undisclosed,Undisclosed,10 - 49,100%,Chicago,IL,USA,No informado,No informado,49,10 - 49,Empresa pequeña ,SMB,AI Focus principal,Empresa que su negocio principal gira en torno a servicios AI,América del Norte,0,North America,USA,USA,917
Peak,https://peak.ai/,"Manchester, United Kingdom",Undisclosed,Undisclosed,50 - 249,100%,Manchester,,United Kingdom,No informado,No informado,249,50 - 249,Empresa mediana/ SME,SMB,AI Focus principal,Empresa que su negocio principal gira en torno a servicios AI,Europa,0,Europe,United Kingdom,GBR,304
StradigiAI,https://www.stradigi.ai/,"Montréal, Canada",Undisclosed,Undisclosed,50 - 249,70%,Montréal,,Canada,No informado,No informado,249,50 - 249,Empresa mediana/ SME,SMB,AI Focus principal,Empresa que su negocio principal gira en torno a servicios AI,América del Norte,0,North America,Canada,CAN,126
KnowledgeOne,https://knowledgeone.ca/,"Montréal, Canada",Undisclosed,Undisclosed,2 - 9,100%,Montréal,,Canada,No informado,No informado,9,2 - 9,Micro Empresa,SMB,AI Focus principal,Empresa que su negocio principal gira en torno a servicios AI,América del Norte,0,North America,Canada,CAN,126
AISignalResearchInc.(ASRI),https://www.aisignal.com,"Huntsville, AL",Undisclosed,Undisclosed,250 - 999,60%,Huntsville,AL,USA,No informado,No informado,999,250 - 999,Empresa grande/fuera SME,Mid-market,AI Focus,"Empresa con especialización destacada en IA, representa más de la mitad de su actividad",América del Norte,0,North America,USA,USA,917
Trio.ai,http://www.trio.ai/en/,"Beijing, China","$5,000+",$100 - $149 / hr,10 - 49,80%,Beijing,,China,Informado,Informado,49,10 - 49,Empresa pequeña ,SMB,AI Focus principal,Empresa que su negocio principal gira en torno a servicios AI,Asia,2,Asia,China,China,87
AlmaxAnalytics,http://almaxanalytics.com/,"London, United Kingdom",Undisclosed,Undisclosed,2 - 9,100%,London,,United Kingdom,No informado,No informado,9,2 - 9,Micro Empresa,SMB,AI Focus principal,Empresa que su negocio principal gira en torno a servicios AI,Europa,0,Europe,United Kingdom,GBR,304
DataSine,https://datasine.com/,"London, United Kingdom",Undisclosed,Undisclosed,10 - 49,70%,London,,United Kingdom,No informado,No informado,49,10 - 49,Empresa pequeña ,SMB,AI Focus principal,Empresa que su negocio principal gira en torno a servicios AI,Europa,0,Europe,United Kingdom,GBR,304
MediaGammaLimited,https://www.mediagamma.com/,"London, United Kingdom",Undisclosed,Undisclosed,10 - 49,60%,London,,United Kingdom,No informado,No informado,49,10 - 49,Empresa pequeña ,SMB,AI Focus,"Empresa con especialización destacada en IA, representa más de la mitad de su actividad",Europa,0,Europe,United Kingdom,GBR,304
SMAPEnergy,https://smapenergy.com/,"London, United Kingdom",Undisclosed,Undisclosed,10 - 49,75%,London,,United Kingdom,No informado,No informado,49,10 - 49,Empresa pequeña ,SMB,AI Focus principal,Empresa que su negocio principal gira en torno a servicios AI,Europa,0,Europe,United Kingdom,GBR,304
TrueAI,https://trueai.io/,"London, United Kingdom",Undisclosed,Undisclosed,2 - 9,100%,London,,United Kingdom,No informado,No informado,9,2 - 9,Micro Empresa,SMB,AI Focus principal,Empresa que su negocio principal gira en torno a servicios AI,Europa,0,Europe,United Kingdom,GBR,304
Candidate.ID,http://candidateid.com/,"Glasgow, United Kingdom",Undisclosed,Undisclosed,10 - 49,100%,Glasgow,,United Kingdom,No informado,No informado,49,10 - 49,Empresa pequeña ,SMB,AI Focus principal,Empresa que su negocio principal gira en torno a servicios AI,Europa,0,Europe,United Kingdom,GBR,304
VivacityLabs,https://vivacitylabs.com/,"London, United Kingdom",Undisclosed,Undisclosed,10 - 49,60%,London,,United Kingdom,No informado,No informado,49,10 - 49,Empresa pequeña ,SMB,AI Focus,"Empresa con especialización destacada en IA, representa más de la mitad de su actividad",Europa,0,Europe,United Kingdom,GBR,304
EigenTechnologies,http://www.eigentech.com/,"London, United Kingdom",Undisclosed,Undisclosed,50 - 249,100%,London,,United Kingdom,No informado,No informado,249,50 - 249,Empresa mediana/ SME,SMB,AI Focus principal,Empresa que su negocio principal gira en torno a servicios AI,Europa,0,Europe,United Kingdom,GBR,304
GTNLTD,https://gtn.ai/,"London, United Kingdom",Undisclosed,Undisclosed,10 - 49,100%,London,,United Kingdom,No informado,No informado,49,10 - 49,Empresa pequeña ,SMB,AI Focus principal,Empresa que su negocio principal gira en torno a servicios AI,Europa,0,Europe,United Kingdom,GBR,304
AeriesTechnologyGroup,https://www.aeriestechnology.com/,"Mumbai, India",Undisclosed,Undisclosed,250 - 999,50%,Mumbai,,India,No informado,No informado,999,250 - 999,Empresa grande/fuera SME,Mid-market,AI Focus,"Empresa con especialización destacada en IA, representa más de la mitad de su actividad",Asia,0,Asia,India,IND,441
Cybraics,https://cybraics.com/,"Atlanta, GA",Undisclosed,Undisclosed,50 - 249,60%,Atlanta,GA,USA,No informado,No informado,249,50 - 249,Empresa mediana/ SME,SMB,AI Focus,"Empresa con especialización destacada en IA, representa más de la mitad de su actividad",América del Norte,0,North America,USA,USA,917
Predikto,https://www.predikto.com/,"Atlanta, GA",Undisclosed,Undisclosed,2 - 9,100%,Atlanta,GA,USA,No informado,No informado,9,2 - 9,Micro Empresa,SMB,AI Focus principal,Empresa que su negocio principal gira en torno a servicios AI,América del Norte,0,North America,USA,USA,917
Zirous,https://www.zirous.com/,"West Des Moines, IA",Undisclosed,Undisclosed,50 - 249,50%,West Des Moines,IA,USA,No informado,No informado,249,50 - 249,Empresa mediana/ SME,SMB,AI Focus,"Empresa con especialización destacada en IA, representa más de la mitad de su actividad",América del Norte,0,North America,USA,USA,917
GenieAI,https://www.ginie.ai/,"Kensington, United Kingdom",Undisclosed,Undisclosed,2 - 9,100%,Kensington,,United Kingdom,No informado,No informado,9,2 - 9,Micro Empresa,SMB,AI Focus principal,Empresa que su negocio principal gira en torno a servicios AI,Europa,0,Europe,United Kingdom,GBR,304
HeadlightAI,http://www.headlight.ai/,"London, United Kingdom",Undisclosed,Undisclosed,2 - 9,100%,London,,United Kingdom,No informado,No informado,9,2 - 9,Micro Empresa,SMB,AI Focus principal,Empresa que su negocio principal gira en torno a servicios AI,Europa,0,Europe,United Kingdom,GBR,304
Xihelm,https://www.xihelm.com/,"London, United Kingdom",Undisclosed,Undisclosed,10 - 49,100%,London,,United Kingdom,No informado,No informado,49,10 - 49,Empresa pequeña ,SMB,AI Focus principal,Empresa que su negocio principal gira en torno a servicios AI,Europa,0,Europe,United Kingdom,GBR,304
SpiritAI,https://www.spiritai.com/,"London, United Kingdom",Undisclosed,Undisclosed,10 - 49,100%,London,,United Kingdom,No informado,No informado,49,10 - 49,Empresa pequeña ,SMB,AI Focus principal,Empresa que su negocio principal gira en torno a servicios AI,Europa,0,Europe,United Kingdom,GBR,304
Lifebit,https://lifebit.ai/,"London, United Kingdom",Undisclosed,Undisclosed,10 - 49,100%,London,,United Kingdom,No informado,No informado,49,10 - 49,Empresa pequeña ,SMB,AI Focus principal,Empresa que su negocio principal gira en torno a servicios AI,Europa,0,Europe,United Kingdom,GBR,304
PredictX,https://www.predictx.com/,"London, United Kingdom",Undisclosed,Undisclosed,50 - 249,50%,London,,United Kingdom,No informado,No informado,249,50 - 249,Empresa mediana/ SME,SMB,AI Focus,"Empresa con especialización destacada en IA, representa más de la mitad de su actividad",Europa,0,Europe,United Kingdom,GBR,304
inGeniousAI,https://ingenious.ai/,"Melbourne, Australia",Undisclosed,Undisclosed,2 - 9,100%,Melbourne,,Australia,No informado,No informado,9,2 - 9,Micro Empresa,SMB,AI Focus principal,Empresa que su negocio principal gira en torno a servicios AI,Oceanía,0,Oceania,Australia,AUS,96
Intellify,http://www.intellify.com.au/,"Sydney, Australia",Undisclosed,Undisclosed,10 - 49,100%,Sydney,,Australia,No informado,No informado,49,10 - 49,Empresa pequeña ,SMB,AI Focus principal,Empresa que su negocio principal gira en torno a servicios AI,Oceanía,0,Oceania,Australia,AUS,96
Aire,https://www.getaire.com.au/,Australia,Undisclosed,Undisclosed,10 - 49,100%,Australia,,Australia,No informado,No informado,49,10 - 49,Empresa pequeña ,SMB,AI Focus principal,Empresa que su negocio principal gira en torno a servicios AI,Oceanía,0,Oceania,Australia,AUS,96
Nachi,http://www.nachi.com.au,"Hallam, Australia",Undisclosed,Undisclosed,10 - 49,100%,Hallam,,Australia,No informado,No informado,49,10 - 49,Empresa pequeña ,SMB,AI Focus principal,Empresa que su negocio principal gira en torno a servicios AI,Oceanía,0,Oceania,Australia,AUS,96
HEORobotics,https://www.heo-robotics.com/,Australia,Undisclosed,Undisclosed,2 - 9,100%,Australia,,Australia,No informado,No informado,9,2 - 9,Micro Empresa,SMB,AI Focus principal,Empresa que su negocio principal gira en torno a servicios AI,Oceanía,0,Oceania,Australia,AUS,96
CXCentral,https://cxcentral.com.au,"Melbourne, Australia",Undisclosed,Undisclosed,2 - 9,100%,Melbourne,,Australia,No informado,No informado,9,2 - 9,Micro Empresa,SMB,AI Focus principal,Empresa que su negocio principal gira en torno a servicios AI,Oceanía,0,Oceania,Australia,AUS,96
Agorai,https://agorai.ai/,"New York, ",Undisclosed,Undisclosed,10 - 49,100%,New York,,USA,No informado,No informado,49,10 - 49,Empresa pequeña ,SMB,AI Focus principal,Empresa que su negocio principal gira en torno a servicios AI,América del Norte,0,North America,USA,USA,917
Eliiza,https://eliiza.com.au,"Melbourne, ",Undisclosed,Undisclosed,10 - 49,100%,Melbourne,,Australia,No informado,No informado,49,10 - 49,Empresa pequeña ,SMB,AI Focus principal,Empresa que su negocio principal gira en torno a servicios AI,Oceanía,0,Oceania,Australia,AUS,96
LYTICS,https://lytics.ai/,"Palo Alto, CA",Undisclosed,Undisclosed,10 - 49,100%,Palo Alto,CA,USA,No informado,No informado,49,10 - 49,Empresa pequeña ,SMB,AI Focus principal,Empresa que su negocio principal gira en torno a servicios AI,América del Norte,0,North America,USA,USA,917
BlackOps,https://whoisblackops.com/,"Detroit, ",Undisclosed,Undisclosed,10 - 49,100%,Detroit,,USA,No informado,No informado,49,10 - 49,Empresa pequeña ,SMB,AI Focus principal,Empresa que su negocio principal gira en torno a servicios AI,América del Norte,0,North America,USA,USA,917
AIM,https://www.aim.ca,"Toronto, Canada",Undisclosed,Undisclosed,50 - 249,100%,Toronto,,Canada,No informado,No informado,249,50 - 249,Empresa mediana/ SME,SMB,AI Focus principal,Empresa que su negocio principal gira en torno a servicios AI,América del Norte,0,North America,Canada,CAN,126
Solutia,https://www.solutiaconsulting.com,"Austin, TX",Undisclosed,Undisclosed,10 - 49,100%,Austin,TX,USA,No informado,No informado,49,10 - 49,Empresa pequeña ,SMB,AI Focus principal,Empresa que su negocio principal gira en torno a servicios AI,América del Norte,0,North America,USA,USA,917
EchoNous,http://echonous.com,"Redmond, WA",Undisclosed,Undisclosed,10 - 49,100%,Redmond,WA,USA,No informado,No informado,49,10 - 49,Empresa pequeña ,SMB,AI Focus principal,Empresa que su negocio principal gira en torno a servicios AI,América del Norte,0,North America,USA,USA,917
Synaptiq,https://www.synaptiq.ai/,"Cluj-Napoca, Rumania",Undisclosed,Undisclosed,10 - 49,100%,Cluj-Napoca,,Romania,No informado,No informado,49,10 - 49,Empresa pequeña ,SMB,AI Focus principal,Empresa que su negocio principal gira en torno a servicios AI,Europa,0,Europe,Romania,ROU,27
PlyzerTechnologies,http://plyzertechnologies.com/,"Barcelona, ",Undisclosed,Undisclosed,10 - 49,100%,Barcelona,,Spain,No informado,No informado,49,10 - 49,Empresa pequeña ,SMB,AI Focus principal,Empresa que su negocio principal gira en torno a servicios AI,Europa,0,Europe,Spain,ESP,29
MAGICAI,https://www.magicai.io/,"Seattle, ",Undisclosed,Undisclosed,10 - 49,100%,Seattle,,USA,No informado,No informado,49,10 - 49,Empresa pequeña ,SMB,AI Focus principal,Empresa que su negocio principal gira en torno a servicios AI,América del Norte,0,North America,USA,USA,917
CoreScientific,https://www.corescientific.com/,"Bellevue, WA",Undisclosed,Undisclosed,50 - 249,50%,Bellevue,WA,USA,No informado,No informado,249,50 - 249,Empresa mediana/ SME,SMB,AI Focus,"Empresa con especialización destacada en IA, representa más de la mitad de su actividad",América del Norte,0,North America,USA,USA,917
RoboticSystemsIntegration,https://roboticsys.com/contact/,"Chicago, IL",Undisclosed,Undisclosed,10 - 49,100%,Chicago,IL,USA,No informado,No informado,49,10 - 49,Empresa pequeña ,SMB,AI Focus principal,Empresa que su negocio principal gira en torno a servicios AI,América del Norte,0,North America,USA,USA,917
theDevMasters,https://www.thedevmasters.com,"Los Angeles, CA","$10,000+",Undisclosed,10 - 49,70%,Los Angeles,CA,USA,Informado,No informado,49,10 - 49,Empresa pequeña ,SMB,AI Focus principal,Empresa que su negocio principal gira en torno a servicios AI,América del Norte,1,North America,USA,USA,917
RambleChat,https://www.ramblechat.com/,"Atlanta, GA",Undisclosed,Undisclosed,2 - 9,100%,Atlanta,GA,USA,No informado,No informado,9,2 - 9,Micro Empresa,SMB,AI Focus principal,Empresa que su negocio principal gira en torno a servicios AI,América del Norte,0,North America,USA,USA,917
GreenLionDigital,http://www.greenliondigital.com,"Wyckoff, NJ",Undisclosed,Undisclosed,2 - 9,100%,Wyckoff,NJ,USA,No informado,No informado,9,2 - 9,Micro Empresa,SMB,AI Focus principal,Empresa que su negocio principal gira en torno a servicios AI,América del Norte,0,North America,USA,USA,917
alwaysAI,https://alwaysai.co/,"Solana Beach, CA",Undisclosed,Undisclosed,10 - 49,100%,Solana Beach,CA,USA,No informado,No informado,49,10 - 49,Empresa pequeña ,SMB,AI Focus principal,Empresa que su negocio principal gira en torno a servicios AI,América del Norte,0,North America,USA,USA,917
Metrics,http://metrics.digital/,"Ciudad de México, Mexico",Undisclosed,Undisclosed,50 - 249,50%,Ciudad de México,,Mexico,No informado,No informado,249,50 - 249,Empresa mediana/ SME,SMB,AI Focus,"Empresa con especialización destacada en IA, representa más de la mitad de su actividad",América del Norte,0,North America,Mexico,MEX,31
IvyAI,https://ivy.ai/,"Durham, NC",Undisclosed,Undisclosed,10 - 49,100%,Durham,NC,USA,No informado,No informado,49,10 - 49,Empresa pequeña ,SMB,AI Focus principal,Empresa que su negocio principal gira en torno a servicios AI,América del Norte,0,North America,USA,USA,917
Sisu,https://www.sisu.us/,"Round Rock, TX",Undisclosed,Undisclosed,50 - 249,100%,Round Rock,TX,USA,No informado,No informado,249,50 - 249,Empresa mediana/ SME,SMB,AI Focus principal,Empresa que su negocio principal gira en torno a servicios AI,América del Norte,0,North America,USA,USA,917
AbzoobaInc.,https://www.abzooba.com,"Milpitas, CA",Undisclosed,Undisclosed,50 - 249,70%,Milpitas,CA,USA,No informado,No informado,249,50 - 249,Empresa mediana/ SME,SMB,AI Focus principal,Empresa que su negocio principal gira en torno a servicios AI,América del Norte,0,North America,USA,USA,917
YesilScienceAI|XR,https://www.yesilscience.com,"Istanbul, Turkey","$100,000+",Undisclosed,10 - 49,70%,Istanbul,,Turkey,Informado,No informado,49,10 - 49,Empresa pequeña ,SMB,AI Focus principal,Empresa que su negocio principal gira en torno a servicios AI,Asia,1,Asia,Turkey,TUR,18
Querlo,https://www.querlo.com/,"New York, NY","$1,000+",< $25 / hr,10 - 49,100%,New York,NY,USA,Informado,Informado,49,10 - 49,Empresa pequeña ,SMB,AI Focus principal,Empresa que su negocio principal gira en torno a servicios AI,América del Norte,2,North America,USA,USA,917
ARTELNICS,https://www.artelnics.com/,"Villamayor, Spain","$25,000+",$50 - $99 / hr,2 - 9,75%,Villamayor,,Spain,Informado,Informado,9,2 - 9,Micro Empresa,SMB,AI Focus principal,Empresa que su negocio principal gira en torno a servicios AI,Europa,2,Europe,Spain,ESP,29
DynamoTechnologiesLLC,http://www.dynamotechnologies.com/,"Vienna, VA",Undisclosed,Undisclosed,50 - 249,50%,Vienna,VA,USA,No informado,No informado,249,50 - 249,Empresa mediana/ SME,SMB,AI Focus,"Empresa con especialización destacada en IA, representa más de la mitad de su actividad",América del Norte,0,North America,USA,USA,917
"TheElectronicOn-Ramp,Inc",https://www.eor.us/,"Rockville, MD",Undisclosed,Undisclosed,50 - 249,50%,Rockville,MD,USA,No informado,No informado,249,50 - 249,Empresa mediana/ SME,SMB,AI Focus,"Empresa con especialización destacada en IA, representa más de la mitad de su actividad",América del Norte,0,North America,USA,USA,917
RetisoftInc,https://retisoft.com/,"Mississauga, Canada",Undisclosed,Undisclosed,10 - 49,80%,Mississauga,,Canada,No informado,No informado,49,10 - 49,Empresa pequeña ,SMB,AI Focus principal,Empresa que su negocio principal gira en torno a servicios AI,América del Norte,0,North America,Canada,CAN,126
DCMInfotechLimited,http://www.dcminfotech.com,"Gurugram, India",Undisclosed,Undisclosed,50 - 249,100%,Gurugram,,India,No informado,No informado,249,50 - 249,Empresa mediana/ SME,SMB,AI Focus principal,Empresa que su negocio principal gira en torno a servicios AI,Asia,0,Asia,India,IND,441
Dayshape,https://dayshape.com/,"Edinburgh, United Kingdom",Undisclosed,Undisclosed,50 - 249,50%,Edinburgh,,United Kingdom,No informado,No informado,249,50 - 249,Empresa mediana/ SME,SMB,AI Focus,"Empresa con especialización destacada en IA, representa más de la mitad de su actividad",Europa,0,Europe,United Kingdom,GBR,304
zehnplus,https://zehnplus.ch,"Zürich, Switzerland","$5,000+",$150 - $199 / hr,10 - 49,30%,Zürich,,Switzerland,Informado,Informado,49,10 - 49,Empresa pequeña ,SMB,AI Service complementary, Empresa diversificada que ofrece IA como una línea de servicio complementaria,Europa,2,Europe,Switzerland,CHE,21
Sentiance,https://www.sentiance.com/,"Antwerpen, Belgium",Undisclosed,Undisclosed,50 - 249,30%,Antwerpen,,Belgium,No informado,No informado,249,50 - 249,Empresa mediana/ SME,SMB,AI Service complementary, Empresa diversificada que ofrece IA como una línea de servicio complementaria,Europa,0,Europe,Belgium,BEL,5
XOresearch,http://www.xoresearch.com,"Rīga, Latvia","$25,000+",$50 - $99 / hr,10 - 49,100%,Rīga,,Latvia,Informado,Informado,49,10 - 49,Empresa pequeña ,SMB,AI Focus principal,Empresa que su negocio principal gira en torno a servicios AI,Europa,2,Europe,Latvia,LVA,2
EasyFlow,https://easyflow.biz/,"Kaunas, Lithuania","$5,000+",$25 - $49 / hr,50 - 249,80%,Kaunas,,Lithuania,Informado,Informado,249,50 - 249,Empresa mediana/ SME,SMB,AI Focus principal,Empresa que su negocio principal gira en torno a servicios AI,Europa,2,Europe,Lithuania,LTU,12
Unit8SA,https://unit8.com,"Morges, Switzerland","$50,000+",Undisclosed,50 - 249,50%,Morges,,Switzerland,Informado,No informado,249,50 - 249,Empresa mediana/ SME,SMB,AI Focus,"Empresa con especialización destacada en IA, representa más de la mitad de su actividad",Europa,1,Europe,Switzerland,CHE,21
BayshoreIntelligenceSolutions,https://bayshoreintel.com/,"Dublin, CA","$5,000+",$25 - $49 / hr,10 - 49,60%,Dublin,CA,USA,Informado,Informado,49,10 - 49,Empresa pequeña ,SMB,AI Focus,"Empresa con especialización destacada en IA, representa más de la mitad de su actividad",América del Norte,2,North America,USA,USA,917
Centroida,http://www.centroida.ai,"Sofia, Bulgaria","$25,000+",$50 - $99 / hr,50 - 249,90%,Sofia,,Bulgaria,Informado,Informado,249,50 - 249,Empresa mediana/ SME,SMB,AI Focus principal,Empresa que su negocio principal gira en torno a servicios AI,Europa,2,Europe,Bulgaria,BGR,20
Yekaliva-InsanelySmartChatbot,https://www.yekaliva.ai,"Chennai, India","$1,000+",$50 - $99 / hr,10 - 49,90%,Chennai,,India,Informado,Informado,49,10 - 49,Empresa pequeña ,SMB,AI Focus principal,Empresa que su negocio principal gira en torno a servicios AI,Asia,2,Asia,India,IND,441
CalculationConsulting,http://calculationconsulting.com/,"San Francisco, CA","$1,000+",$50 - $99 / hr,2 - 9,75%,San Francisco,CA,USA,Informado,Informado,9,2 - 9,Micro Empresa,SMB,AI Focus principal,Empresa que su negocio principal gira en torno a servicios AI,América del Norte,2,North America,USA,USA,917
Craftinity,http://craftinity.com/,"Kraków, Poland","$1,000+",$50 - $99 / hr,10 - 49,60%,Kraków,,Poland,Informado,Informado,49,10 - 49,Empresa pequeña ,SMB,AI Focus,"Empresa con especialización destacada en IA, representa más de la mitad de su actividad",Europa,2,Europe,Poland,POL,147
ALFAFUSION,http://alfafusion.com/,"Quezon City, Philippines","$10,000+",Undisclosed,10 - 49,70%,Quezon City,,Philippines,Informado,No informado,49,10 - 49,Empresa pequeña ,SMB,AI Focus principal,Empresa que su negocio principal gira en torno a servicios AI,Asia,1,Asia,Philippines,PHL,6
VideoPlusPlus,http://videojj.com/,"Shanghai, China","$1,000+",$25 - $49 / hr,50 - 249,50%,Shanghai,,China,Informado,Informado,249,50 - 249,Empresa mediana/ SME,SMB,AI Focus,"Empresa con especialización destacada en IA, representa más de la mitad de su actividad",Asia,2,Asia,China,China,87
Byte,http://www.bytelondon.com/,"London, United Kingdom",Undisclosed,Undisclosed,50 - 249,50%,London,,United Kingdom,No informado,No informado,249,50 - 249,Empresa mediana/ SME,SMB,AI Focus,"Empresa con especialización destacada en IA, representa más de la mitad de su actividad",Europa,0,Europe,United Kingdom,GBR,304
51VR,http://www.51hitech.com,"Beijing, China","$5,000+",$50 - $99 / hr,50 - 249,60%,Beijing,,China,Informado,Informado,249,50 - 249,Empresa mediana/ SME,SMB,AI Focus,"Empresa con especialización destacada en IA, representa más de la mitad de su actividad",Asia,2,Asia,China,China,87
Artimus,https://www.artimus-uk.com/,"Cardiff, United Kingdom",Undisclosed,Undisclosed,2 - 9,100%,Cardiff,,United Kingdom,No informado,No informado,9,2 - 9,Micro Empresa,SMB,AI Focus principal,Empresa que su negocio principal gira en torno a servicios AI,Europa,0,Europe,United Kingdom,GBR,304
AtomicX,https://atomicx.ai/,"Toronto, Canada",Undisclosed,Undisclosed,2 - 9,100%,Toronto,,Canada,No informado,No informado,9,2 - 9,Micro Empresa,SMB,AI Focus principal,Empresa que su negocio principal gira en torno a servicios AI,América del Norte,0,North America,Canada,CAN,126
TestfireLabs,https://www.testfirelabs.com/#intro,"Edmonton, Canada",Undisclosed,Undisclosed,10 - 49,60%,Edmonton,,Canada,No informado,No informado,49,10 - 49,Empresa pequeña ,SMB,AI Focus,"Empresa con especialización destacada en IA, representa más de la mitad de su actividad",América del Norte,0,North America,Canada,CAN,126
Kona,https://kona.tech/,"Montevideo, Uruguay","$5,000+",$25 - $49 / hr,10 - 49,70%,Montevideo,,Uruguay,Informado,Informado,49,10 - 49,Empresa pequeña ,SMB,AI Focus principal,Empresa que su negocio principal gira en torno a servicios AI,América del Sur,2,South America,Uruguay,URY,22
Cheerfy,https://www.es.cheerfy.com/,"London, United Kingdom",Undisclosed,Undisclosed,10 - 49,70%,London,,United Kingdom,No informado,No informado,49,10 - 49,Empresa pequeña ,SMB,AI Focus principal,Empresa que su negocio principal gira en torno a servicios AI,Europa,0,Europe,United Kingdom,GBR,304
@AdamaRobotics,https://adamarobotics.com/,"Londres, United Kingdom",Undisclosed,Undisclosed,2 - 9,100%,Londres,,United Kingdom,No informado,No informado,9,2 - 9,Micro Empresa,SMB,AI Focus principal,Empresa que su negocio principal gira en torno a servicios AI,Europa,0,Europe,United Kingdom,GBR,304
AJBurgessLtd,https://ajburgess.com/,"London, United Kingdom",Undisclosed,Undisclosed,Freelancer,100%,London,,United Kingdom,No informado,No informado,0,No informado,No aplica,Freelancer,AI Focus principal,Empresa que su negocio principal gira en torno a servicios AI,Europa,0,Europe,United Kingdom,GBR,304
MarketsFlow,https://www.marketsflow.com/,"London, United Kingdom",Undisclosed,Undisclosed,2 - 9,100%,London,,United Kingdom,No informado,No informado,9,2 - 9,Micro Empresa,SMB,AI Focus principal,Empresa que su negocio principal gira en torno a servicios AI,Europa,0,Europe,United Kingdom,GBR,304
NumberEight,https://www.numbereight.me/,"London, United Kingdom",Undisclosed,Undisclosed,2 - 9,80%,London,,United Kingdom,No informado,No informado,9,2 - 9,Micro Empresa,SMB,AI Focus principal,Empresa que su negocio principal gira en torno a servicios AI,Europa,0,Europe,United Kingdom,GBR,304
CoreData,http://www.coredata.ca/,"Calgary, Canada",Undisclosed,Undisclosed,10 - 49,100%,Calgary,,Canada,No informado,No informado,49,10 - 49,Empresa pequeña ,SMB,AI Focus principal,Empresa que su negocio principal gira en torno a servicios AI,América del Norte,0,North America,Canada,CAN,126
Loyal,https://loyalhealth.com/,"Atlanta, GA",Undisclosed,Undisclosed,10 - 49,100%,Atlanta,GA,USA,No informado,No informado,49,10 - 49,Empresa pequeña ,SMB,AI Focus principal,Empresa que su negocio principal gira en torno a servicios AI,América del Norte,0,North America,USA,USA,917
action.ai,http://action.ai/,"London, United Kingdom",Undisclosed,Undisclosed,10 - 49,100%,London,,United Kingdom,No informado,No informado,49,10 - 49,Empresa pequeña ,SMB,AI Focus principal,Empresa que su negocio principal gira en torno a servicios AI,Europa,0,Europe,United Kingdom,GBR,304
UsAiLtd,https://www.talktous.ai/,"London, United Kingdom",Undisclosed,Undisclosed,2 - 9,100%,London,,United Kingdom,No informado,No informado,9,2 - 9,Micro Empresa,SMB,AI Focus principal,Empresa que su negocio principal gira en torno a servicios AI,Europa,0,Europe,United Kingdom,GBR,304
Kami.ai,https://www.creativeai.co.uk/,"London, United Kingdom",Undisclosed,Undisclosed,10 - 49,100%,London,,United Kingdom,No informado,No informado,49,10 - 49,Empresa pequeña ,SMB,AI Focus principal,Empresa que su negocio principal gira en torno a servicios AI,Europa,0,Europe,United Kingdom,GBR,304
MindFoundry,https://mindfoundry.ai/,"Oxford, United Kingdom",Undisclosed,Undisclosed,10 - 49,100%,Oxford,,United Kingdom,No informado,No informado,49,10 - 49,Empresa pequeña ,SMB,AI Focus principal,Empresa que su negocio principal gira en torno a servicios AI,Europa,0,Europe,United Kingdom,GBR,304
SPIXII,https://www.spixii.com/,"London, United Kingdom",Undisclosed,Undisclosed,2 - 9,100%,London,,United Kingdom,No informado,No informado,9,2 - 9,Micro Empresa,SMB,AI Focus principal,Empresa que su negocio principal gira en torno a servicios AI,Europa,0,Europe,United Kingdom,GBR,304
ChatterboxLabs,http://chatterbox.co/,"London, United Kingdom",Undisclosed,Undisclosed,10 - 49,100%,London,,United Kingdom,No informado,No informado,49,10 - 49,Empresa pequeña ,SMB,AI Focus principal,Empresa que su negocio principal gira en torno a servicios AI,Europa,0,Europe,United Kingdom,GBR,304
ecoSUBRoboticsLtd,https://www.ecosub.uk/,"Bracebridge, United Kingdom",Undisclosed,Undisclosed,2 - 9,100%,Bracebridge,,United Kingdom,No informado,No informado,9,2 - 9,Micro Empresa,SMB,AI Focus principal,Empresa que su negocio principal gira en torno a servicios AI,Europa,0,Europe,United Kingdom,GBR,304
FARMWAVE,https://farmwave.io/,"Alpharetta, GA",Undisclosed,Undisclosed,10 - 49,60%,Alpharetta,GA,USA,No informado,No informado,49,10 - 49,Empresa pequeña ,SMB,AI Focus,"Empresa con especialización destacada en IA, representa más de la mitad de su actividad",América del Norte,0,North America,USA,USA,917
RTA,https://www.robottechnologies.com.au,"Keilor Park, Australia",Undisclosed,Undisclosed,10 - 49,100%,Keilor Park,,Australia,No informado,No informado,49,10 - 49,Empresa pequeña ,SMB,AI Focus principal,Empresa que su negocio principal gira en torno a servicios AI,Oceanía,0,Oceania,Australia,AUS,96
MagiaSolutions,http://magiacx.com,"Perth, Australia",Undisclosed,Undisclosed,10 - 49,100%,Perth,,Australia,No informado,No informado,49,10 - 49,Empresa pequeña ,SMB,AI Focus principal,Empresa que su negocio principal gira en torno a servicios AI,Oceanía,0,Oceania,Australia,AUS,96
EARTHAI,http://www.earth-ai.com,"Parramatta, Australia",Undisclosed,Undisclosed,10 - 49,100%,Parramatta,,Australia,No informado,No informado,49,10 - 49,Empresa pequeña ,SMB,AI Focus principal,Empresa que su negocio principal gira en torno a servicios AI,Oceanía,0,Oceania,Australia,AUS,96
Cortx,https://cortx.com,"Baltimore, MD",Undisclosed,Undisclosed,10 - 49,100%,Baltimore,MD,USA,No informado,No informado,49,10 - 49,Empresa pequeña ,SMB,AI Focus principal,Empresa que su negocio principal gira en torno a servicios AI,América del Norte,0,North America,USA,USA,917
AiNET,http://www.ai.net,"Beltsville, MD",Undisclosed,Undisclosed,10 - 49,100%,Beltsville,MD,USA,No informado,No informado,49,10 - 49,Empresa pequeña ,SMB,AI Focus principal,Empresa que su negocio principal gira en torno a servicios AI,América del Norte,0,North America,USA,USA,917
ViZZ,https://www.vizz3d.com/,"Norcross, GA",Undisclosed,Undisclosed,10 - 49,100%,Norcross,GA,USA,No informado,No informado,49,10 - 49,Empresa pequeña ,SMB,AI Focus principal,Empresa que su negocio principal gira en torno a servicios AI,América del Norte,0,North America,USA,USA,917
Graphen,http://www.graphen.ai,"New York, NY",Undisclosed,Undisclosed,50 - 249,100%,New York,NY,USA,No informado,No informado,249,50 - 249,Empresa mediana/ SME,SMB,AI Focus principal,Empresa que su negocio principal gira en torno a servicios AI,América del Norte,0,North America,USA,USA,917
Gazelle.ai,https://gazelle.ai/,"Montreal, Canada",Undisclosed,Undisclosed,10 - 49,100%,Montreal,,Canada,No informado,No informado,49,10 - 49,Empresa pequeña ,SMB,AI Focus principal,Empresa que su negocio principal gira en torno a servicios AI,América del Norte,0,North America,Canada,CAN,126
Eureka,https://eureka.ai/,"Bellevue, WA",Undisclosed,Undisclosed,10 - 49,100%,Bellevue,WA,USA,No informado,No informado,49,10 - 49,Empresa pequeña ,SMB,AI Focus principal,Empresa que su negocio principal gira en torno a servicios AI,América del Norte,0,North America,USA,USA,917
PALNAR,http://www.palnar.com/,"East Windsor, NJ",Undisclosed,Undisclosed,10 - 49,100%,East Windsor,NJ,USA,No informado,No informado,49,10 - 49,Empresa pequeña ,SMB,AI Focus principal,Empresa que su negocio principal gira en torno a servicios AI,América del Norte,0,North America,USA,USA,917
ProArch,https://www.proarch.com/,"Marietta, GA",Undisclosed,Undisclosed,50 - 249,50%,Marietta,GA,USA,No informado,No informado,249,50 - 249,Empresa mediana/ SME,SMB,AI Focus,"Empresa con especialización destacada en IA, representa más de la mitad de su actividad",América del Norte,0,North America,USA,USA,917
ZooxSmartData,https://zooxsmart.com/,"Atlanta, GA",Undisclosed,Undisclosed,50 - 249,50%,Atlanta,GA,USA,No informado,No informado,249,50 - 249,Empresa mediana/ SME,SMB,AI Focus,"Empresa con especialización destacada en IA, representa más de la mitad de su actividad",América del Norte,0,North America,USA,USA,917
AllegroBusinessIntelligence,http://www.allegro-bi.com,"New Providence, NJ",Undisclosed,Undisclosed,2 - 9,100%,New Providence,NJ,USA,No informado,No informado,9,2 - 9,Micro Empresa,SMB,AI Focus principal,Empresa que su negocio principal gira en torno a servicios AI,América del Norte,0,North America,USA,USA,917
VoyagerSearch,https://www.voyagersearch.com/,"Redlands, CA",Undisclosed,Undisclosed,10 - 49,100%,Redlands,CA,USA,No informado,No informado,49,10 - 49,Empresa pequeña ,SMB,AI Focus principal,Empresa que su negocio principal gira en torno a servicios AI,América del Norte,0,North America,USA,USA,917
Instaknow,http://www.instaknow.com,"Edison, NJ",Undisclosed,Undisclosed,2 - 9,100%,Edison,NJ,USA,No informado,No informado,9,2 - 9,Micro Empresa,SMB,AI Focus principal,Empresa que su negocio principal gira en torno a servicios AI,América del Norte,0,North America,USA,USA,917
discourse.ai,https://www.discourse.ai/,"Concord, MA",Undisclosed,Undisclosed,10 - 49,100%,Concord,MA,USA,No informado,No informado,49,10 - 49,Empresa pequeña ,SMB,AI Focus principal,Empresa que su negocio principal gira en torno a servicios AI,América del Norte,0,North America,USA,USA,917
MotionDesignLtd(NZ),https://motiondesign.nz/,"Waimauku, New Zealand",Undisclosed,Undisclosed,10 - 49,100%,New Zealand,,New Zealand,No informado,No informado,49,10 - 49,Empresa pequeña ,SMB,AI Focus principal,Empresa que su negocio principal gira en torno a servicios AI,Oceanía,0,Oceania,New Zealand,NZL,4
OrelITPvtLtd,https://orelit.com/,"Nugegoda, Sri Lanka","$25,000+",< $25 / hr,"1,000 - 9,999",100%,Nugegoda,,Sri Lanka,Informado,Informado,9999,1000 - 9999,Empresa grande /fuera SM,Enterprise,AI Focus principal,Empresa que su negocio principal gira en torno a servicios AI,Asia,2,Asia,Sri Lanka,LKA,15
Algomine,http://www.algomine.ai,"Warszawa, Poland","$5,000+",Undisclosed,10 - 49,60%,Warszawa,,Poland,Informado,No informado,49,10 - 49,Empresa pequeña ,SMB,AI Focus,"Empresa con especialización destacada en IA, representa más de la mitad de su actividad",Europa,1,Europe,Poland,POL,147
Alumbra,https://www.alumbra.ai/,"Santiago, Chile",Undisclosed,Undisclosed,10 - 49,60%,Santiago,,Chile,No informado,No informado,49,10 - 49,Empresa pequeña ,SMB,AI Focus,"Empresa con especialización destacada en IA, representa más de la mitad de su actividad",América del Sur,0,South America,Chile,CHL,13
DataPure,http://www.datapure.co/,"San Mateo, CA",Undisclosed,Undisclosed,250 - 999,50%,San Mateo,CA,USA,No informado,No informado,999,250 - 999,Empresa grande/fuera SME,Mid-market,AI Focus,"Empresa con especialización destacada en IA, representa más de la mitad de su actividad",América del Norte,0,North America,USA,USA,917
AICA,https://aica.tech/,"Lausanne, Switzerland",Undisclosed,Undisclosed,2 - 9,100%,Lausanne,,Switzerland,No informado,No informado,9,2 - 9,Micro Empresa,SMB,AI Focus principal,Empresa que su negocio principal gira en torno a servicios AI,Europa,0,Europe,Switzerland,CHE,21
BestArtificialIntelligenceProjectsinIndia|Solicitous,https://artificialintelligence.host/best-artificial-intelligence-projects-in-india/,"MAHATMA SOCIETY, India",Undisclosed,Undisclosed,50 - 249,60%,MAHATMA SOCIETY,,India,No informado,No informado,249,50 - 249,Empresa mediana/ SME,SMB,AI Focus,"Empresa con especialización destacada en IA, representa más de la mitad de su actividad",Asia,0,Asia,India,IND,441
ICTSCustomSoftware,https://icts.io/,"Hanoi, Vietnam","$5,000+",< $25 / hr,10 - 49,10%,Hanoi,,Vietnam,Informado,Informado,49,10 - 49,Empresa pequeña ,SMB,AI Service residual,Empresa diversificada cuya participación de IA es limitada o residual,Asia,2,Asia,Vietnam,VNM,29
EbenezerTechnologies,https://ebenezertechs.com/,"Barranquilla, Colombia",Undisclosed,Undisclosed,2 - 9,45%,Barranquilla,,Colombia,No informado,No informado,9,2 - 9,Micro Empresa,SMB,AI Service complementary, Empresa diversificada que ofrece IA como una línea de servicio complementaria,América del Sur,0,South America,Colombia,COL,43
Premise,https://www.premise.com/,"Seattle, WA",Undisclosed,Undisclosed,250 - 999,30%,Seattle,WA,USA,No informado,No informado,999,250 - 999,Empresa grande/fuera SME,Mid-market,AI Service complementary, Empresa diversificada que ofrece IA como una línea de servicio complementaria,América del Norte,0,North America,USA,USA,917
TenzaiSystems,http://www.tenz.ai,"Bengaluru, India","$5,000+",$25 - $49 / hr,10 - 49,70%,Bengaluru,,India,Informado,Informado,49,10 - 49,Empresa pequeña ,SMB,AI Focus principal,Empresa que su negocio principal gira en torno a servicios AI,Asia,2,Asia,India,IND,441
Virtuoso,https://www.virtuoso.qa,"London, United Kingdom",Undisclosed,< $25 / hr,50 - 249,40%,London,,United Kingdom,No informado,Informado,249,50 - 249,Empresa mediana/ SME,SMB,AI Service complementary, Empresa diversificada que ofrece IA como una línea de servicio complementaria,Europa,1,Europe,United Kingdom,GBR,304
PioneerLogics,https://pioneerlogics.com/,"Wilmington, DE",Undisclosed,$25 - $49 / hr,50 - 249,12%,Wilmington,DE,USA,No informado,Informado,249,50 - 249,Empresa mediana/ SME,SMB,AI Service residual,Empresa diversificada cuya participación de IA es limitada o residual,América del Norte,1,North America,USA,USA,917
Denodo,https://www.denodo.com/en,"Palo Alto, CA",Undisclosed,Undisclosed,250 - 999,30%,Palo Alto,CA,USA,No informado,No informado,999,250 - 999,Empresa grande/fuera SME,Mid-market,AI Service complementary, Empresa diversificada que ofrece IA como una línea de servicio complementaria,América del Norte,0,North America,USA,USA,917
IntelliTicks,http://IntelliTicks.com,"Gurugram, India","$1,000+",< $25 / hr,2 - 9,80%,Gurugram,,India,Informado,Informado,9,2 - 9,Micro Empresa,SMB,AI Focus principal,Empresa que su negocio principal gira en torno a servicios AI,Asia,2,Asia,India,IND,441
Mājaslapuizstrāde-2410.lv,https://2410.lv,"Rīga, Latvia","$1,000+",Undisclosed,2 - 9,10%,Rīga,,Latvia,Informado,No informado,9,2 - 9,Micro Empresa,SMB,AI Service residual,Empresa diversificada cuya participación de IA es limitada o residual,Europa,1,Europe,Latvia,LVA,2
clickworker,https://www.clickworker.com/,"Essen, Germany",Undisclosed,Undisclosed,10 - 49,50%,Essen,,Germany,No informado,No informado,49,10 - 49,Empresa pequeña ,SMB,AI Focus,"Empresa con especialización destacada en IA, representa más de la mitad de su actividad",Europa,0,Europe,Germany,DEU,47
NANOWEBGROUP,http://www.nanowebgroup.com,"New York, NY",Undisclosed,Undisclosed,10 - 49,70%,New York,NY,USA,No informado,No informado,49,10 - 49,Empresa pequeña ,SMB,AI Focus principal,Empresa que su negocio principal gira en torno a servicios AI,América del Norte,0,North America,USA,USA,917
LeaderTelecomB.V.,https://www.leadergpu.com,"Amsterdam, Netherlands","$1,000+",$100 - $149 / hr,2 - 9,100%,Amsterdam,,Netherlands,Informado,Informado,9,2 - 9,Micro Empresa,SMB,AI Focus principal,Empresa que su negocio principal gira en torno a servicios AI,Europa,2,Europe,Netherlands,NLD,26
DataCowboys,http://www.data-cowboys.com,"Seattle, WA","$1,000+",$100 - $149 / hr,2 - 9,75%,Seattle,WA,USA,Informado,Informado,9,2 - 9,Micro Empresa,SMB,AI Focus principal,Empresa que su negocio principal gira en torno a servicios AI,América del Norte,2,North America,USA,USA,917
Chat-bots,https://chat-bots.co,"Bogota, Colombia","$5,000+",$25 - $49 / hr,10 - 49,100%,Bogota,,Colombia,Informado,Informado,49,10 - 49,Empresa pequeña ,SMB,AI Focus principal,Empresa que su negocio principal gira en torno a servicios AI,América del Sur,2,South America,Colombia,COL,43
Enfoca,http://www.goenfoca.com.br/,"Curitiba, Brazil","$5,000+",$25 - $49 / hr,2 - 9,100%,Curitiba,,Brazil,Informado,Informado,9,2 - 9,Micro Empresa,SMB,AI Focus principal,Empresa que su negocio principal gira en torno a servicios AI,América del Sur,2,South America,Brazil,BRA,21
BORNAI,http://born-ai.com/,"New York, NY",Undisclosed,Undisclosed,2 - 9,100%,New York,NY,USA,No informado,No informado,9,2 - 9,Micro Empresa,SMB,AI Focus principal,Empresa que su negocio principal gira en torno a servicios AI,América del Norte,0,North America,USA,USA,917
GridEdge,http://www.gridedge.co.uk/,"Queensway  Birmingham, United Kingdom",Undisclosed,Undisclosed,10 - 49,100%,Queensway  Birmingham,,United Kingdom,No informado,No informado,49,10 - 49,Empresa pequeña ,SMB,AI Focus principal,Empresa que su negocio principal gira en torno a servicios AI,Europa,0,Europe,United Kingdom,GBR,304
Nousot,https://nousot.com/,"Chicago, IL",Undisclosed,Undisclosed,10 - 49,100%,Chicago,IL,USA,No informado,No informado,49,10 - 49,Empresa pequeña ,SMB,AI Focus principal,Empresa que su negocio principal gira en torno a servicios AI,América del Norte,0,North America,USA,USA,917
AffaanTechnologies,http://www.affaan.com/,"Dubai, United Arab Emirates",Undisclosed,Undisclosed,10 - 49,60%,Dubai,,United Arab Emirates,No informado,No informado,49,10 - 49,Empresa pequeña ,SMB,AI Focus,"Empresa con especialización destacada en IA, representa más de la mitad de su actividad",Oriente Medio,0,Middle East,United Arab Emirates,ARE,39
CrowdShakti,https://crowdshakti.com,"Bengaluru, India",Undisclosed,Undisclosed,2 - 9,80%,Bengaluru,,India,No informado,No informado,9,2 - 9,Micro Empresa,SMB,AI Focus principal,Empresa que su negocio principal gira en torno a servicios AI,Asia,0,Asia,India,IND,441
AqroseTechnology,http://aqrose.com/,"Beijing, China","$5,000+",$50 - $99 / hr,250 - 999,100%,Beijing,,China,Informado,Informado,999,250 - 999,Empresa grande/fuera SME,Mid-market,AI Focus principal,Empresa que su negocio principal gira en torno a servicios AI,Asia,2,Asia,China,China,87
PachiraInformationTechnology,http://www.pachira.cn/,"Beijing, China","$5,000+",$50 - $99 / hr,50 - 249,70%,Beijing,,China,Informado,Informado,249,50 - 249,Empresa mediana/ SME,SMB,AI Focus principal,Empresa que su negocio principal gira en torno a servicios AI,Asia,2,Asia,China,China,87
YimianData,http://www.yimian.io/,"Lone Tree, CO","$5,000+",$50 - $99 / hr,50 - 249,50%,Lone Tree,CO,USA,Informado,Informado,249,50 - 249,Empresa mediana/ SME,SMB,AI Focus,"Empresa con especialización destacada en IA, representa más de la mitad de su actividad",América del Norte,2,North America,USA,USA,917
FintechOS,http://fintech-os.com/,"London, United Kingdom",Undisclosed,Undisclosed,10 - 49,100%,London,,United Kingdom,No informado,No informado,49,10 - 49,Empresa pequeña ,SMB,AI Focus principal,Empresa que su negocio principal gira en torno a servicios AI,Europa,0,Europe,United Kingdom,GBR,304
Wluper,https://wluper.com/,"London, United Kingdom",Undisclosed,Undisclosed,2 - 9,100%,London,,United Kingdom,No informado,No informado,9,2 - 9,Micro Empresa,SMB,AI Focus principal,Empresa que su negocio principal gira en torno a servicios AI,Europa,0,Europe,United Kingdom,GBR,304
ReckonDigital,https://reckondigital.com/,"London, United Kingdom",Undisclosed,Undisclosed,10 - 49,60%,London,,United Kingdom,No informado,No informado,49,10 - 49,Empresa pequeña ,SMB,AI Focus,"Empresa con especialización destacada en IA, representa más de la mitad de su actividad",Europa,0,Europe,United Kingdom,GBR,304
Causaly,https://www.causaly.com/,"London, United Kingdom",Undisclosed,Undisclosed,2 - 9,100%,London,,United Kingdom,No informado,No informado,9,2 - 9,Micro Empresa,SMB,AI Focus principal,Empresa que su negocio principal gira en torno a servicios AI,Europa,0,Europe,United Kingdom,GBR,304
Humanise.AI,https://humanise.ai/,"London, United Kingdom",Undisclosed,Undisclosed,2 - 9,100%,London,,United Kingdom,No informado,No informado,9,2 - 9,Micro Empresa,SMB,AI Focus principal,Empresa que su negocio principal gira en torno a servicios AI,Europa,0,Europe,United Kingdom,GBR,304
"TQIntelligence,Inc.",https://tqintelligence.com/,"Atlanta, GA",Undisclosed,Undisclosed,10 - 49,60%,Atlanta,GA,USA,No informado,No informado,49,10 - 49,Empresa pequeña ,SMB,AI Focus,"Empresa con especialización destacada en IA, representa más de la mitad de su actividad",América del Norte,0,North America,USA,USA,917
SignalAI,https://www.signal-ai.com/,"London, United Kingdom",Undisclosed,Undisclosed,50 - 249,50%,London,,United Kingdom,No informado,No informado,249,50 - 249,Empresa mediana/ SME,SMB,AI Focus,"Empresa con especialización destacada en IA, representa más de la mitad de su actividad",Europa,0,Europe,United Kingdom,GBR,304
HUMN.ai,https://www.humn.ai/,"London, United Kingdom",Undisclosed,Undisclosed,2 - 9,100%,London,,United Kingdom,No informado,No informado,9,2 - 9,Micro Empresa,SMB,AI Focus principal,Empresa que su negocio principal gira en torno a servicios AI,Europa,0,Europe,United Kingdom,GBR,304
FeedForwardAI,https://feedforwardai.com/,"London, United Kingdom",Undisclosed,Undisclosed,2 - 9,100%,London,,United Kingdom,No informado,No informado,9,2 - 9,Micro Empresa,SMB,AI Focus principal,Empresa que su negocio principal gira en torno a servicios AI,Europa,0,Europe,United Kingdom,GBR,304
Cognexa,https://www.cognexa.com/,"Bratislava, Slovakia","$10,000+",$50 - $99 / hr,10 - 49,80%,Bratislava,,Slovakia,Informado,Informado,49,10 - 49,Empresa pequeña ,SMB,AI Focus principal,Empresa que su negocio principal gira en torno a servicios AI,Europa,2,Europe,Slovakia,SVK,5
RobonomicsAI,https://robonomicsai.com/,"Sydney, Australia",Undisclosed,Undisclosed,10 - 49,100%,Sydney,,Australia,No informado,No informado,49,10 - 49,Empresa pequeña ,SMB,AI Focus principal,Empresa que su negocio principal gira en torno a servicios AI,Oceanía,0,Oceania,Australia,AUS,96
On_Msg,https://onmsg.com.au,"Milsons Point, Australia",Undisclosed,Undisclosed,10 - 49,100%,Milsons Point,,Australia,No informado,No informado,49,10 - 49,Empresa pequeña ,SMB,AI Focus principal,Empresa que su negocio principal gira en torno a servicios AI,Oceanía,0,Oceania,Australia,AUS,96
Buzzlink,https://www.buzzlink.com.au,"Moorabbin, Australia",Undisclosed,Undisclosed,10 - 49,100%,Moorabbin,,Australia,No informado,No informado,49,10 - 49,Empresa pequeña ,SMB,AI Focus principal,Empresa que su negocio principal gira en torno a servicios AI,Oceanía,0,Oceania,Australia,AUS,96
RealEstateWebExperts,https://www.realestatewebexperts.com,"Vale, Australia",Undisclosed,Undisclosed,10 - 49,100%,Vale,,Australia,No informado,No informado,49,10 - 49,Empresa pequeña ,SMB,AI Focus principal,Empresa que su negocio principal gira en torno a servicios AI,Oceanía,0,Oceania,Australia,AUS,96
OptikaSolutions,http://www.optikasolutions.com/,"West Perth, Australia",Undisclosed,Undisclosed,10 - 49,100%,West Perth,,Australia,No informado,No informado,49,10 - 49,Empresa pequeña ,SMB,AI Focus principal,Empresa que su negocio principal gira en torno a servicios AI,Oceanía,0,Oceania,Australia,AUS,96
Averoft,https://www.averoft.com,"Sydney, Australia",Undisclosed,Undisclosed,10 - 49,100%,Sydney,,Australia,No informado,No informado,49,10 - 49,Empresa pequeña ,SMB,AI Focus principal,Empresa que su negocio principal gira en torno a servicios AI,Oceanía,0,Oceania,Australia,AUS,96
Mawson,https://mawson.io,"Fortitude Valley, Australia",Undisclosed,Undisclosed,10 - 49,100%,Fortitude Valley,,Australia,No informado,No informado,49,10 - 49,Empresa pequeña ,SMB,AI Focus principal,Empresa que su negocio principal gira en torno a servicios AI,Oceanía,0,Oceania,Australia,AUS,96
RXA,https://rxa.io,"Ann Arbor, MI",Undisclosed,Undisclosed,10 - 49,100%,Ann Arbor,MI,USA,No informado,No informado,49,10 - 49,Empresa pequeña ,SMB,AI Focus principal,Empresa que su negocio principal gira en torno a servicios AI,América del Norte,0,North America,USA,USA,917
Snap2InsightInc,https://snap2insight.com/,"Portland, OR",Undisclosed,Undisclosed,10 - 49,100%,Portland,OR,USA,No informado,No informado,49,10 - 49,Empresa pequeña ,SMB,AI Focus principal,Empresa que su negocio principal gira en torno a servicios AI,América del Norte,0,North America,USA,USA,917
Senseforth.ai,https://www.senseforth.ai/,"Bellevue, WA",Undisclosed,Undisclosed,50 - 249,100%,Bellevue,WA,USA,No informado,No informado,249,50 - 249,Empresa mediana/ SME,SMB,AI Focus principal,Empresa que su negocio principal gira en torno a servicios AI,América del Norte,0,North America,USA,USA,917
SigmoidGroup,http://www.sigmoidgroup.com,"Elmwood Park, NJ","$10,000+",Undisclosed,10 - 49,70%,Elmwood Park,NJ,USA,Informado,No informado,49,10 - 49,Empresa pequeña ,SMB,AI Focus principal,Empresa que su negocio principal gira en torno a servicios AI,América del Norte,1,North America,USA,USA,917
SmartConvos,https://www.smartconvos.com/,"Marietta, GA",Undisclosed,Undisclosed,2 - 9,100%,Marietta,GA,USA,No informado,No informado,9,2 - 9,Micro Empresa,SMB,AI Focus principal,Empresa que su negocio principal gira en torno a servicios AI,América del Norte,0,North America,USA,USA,917
"KLoBot,Inc",https://www.klobot.ai/,"Newark, NJ",Undisclosed,Undisclosed,10 - 49,100%,Newark,NJ,USA,No informado,No informado,49,10 - 49,Empresa pequeña ,SMB,AI Focus principal,Empresa que su negocio principal gira en torno a servicios AI,América del Norte,0,North America,USA,USA,917
SoftwareProgrammingGroupLLC.,http://www.spgamerica.com,"Piscataway, NJ",Undisclosed,Undisclosed,2 - 9,100%,Piscataway,NJ,USA,No informado,No informado,9,2 - 9,Micro Empresa,SMB,AI Focus principal,Empresa que su negocio principal gira en torno a servicios AI,América del Norte,0,North America,USA,USA,917
GlobalTechnologySolutions,https://gts.ai/,"Gurugram, India","$1,000+",< $25 / hr,50 - 249,100%,Gurugram,,India,Informado,Informado,249,50 - 249,Empresa mediana/ SME,SMB,AI Focus principal,Empresa que su negocio principal gira en torno a servicios AI,Asia,2,Asia,India,IND,441
PozentCorporation,http://pozent.com/,"Piscataway, NJ",Undisclosed,Undisclosed,2 - 9,100%,Piscataway,NJ,USA,No informado,No informado,9,2 - 9,Micro Empresa,SMB,AI Focus principal,Empresa que su negocio principal gira en torno a servicios AI,América del Norte,0,North America,USA,USA,917
glasssquid.io,https://www.glasssquid.io,"Princeton, NJ",Undisclosed,Undisclosed,2 - 9,100%,Princeton,NJ,USA,No informado,No informado,9,2 - 9,Micro Empresa,SMB,AI Focus principal,Empresa que su negocio principal gira en torno a servicios AI,América del Norte,0,North America,USA,USA,917
Abzu,https://abzu.ai/,"København, Denmark","$10,000+",Undisclosed,10 - 49,100%,København,,Denmark,Informado,No informado,49,10 - 49,Empresa pequeña ,SMB,AI Focus principal,Empresa que su negocio principal gira en torno a servicios AI,Europa,1,Europe,Denmark,DNK,6
vElementITPrivateLimited,https://velement.io/,"Pune, India",Undisclosed,Undisclosed,10 - 49,100%,Pune,,India,No informado,No informado,49,10 - 49,Empresa pequeña ,SMB,AI Focus principal,Empresa que su negocio principal gira en torno a servicios AI,Asia,0,Asia,India,IND,441
PičuljanTechnologiesd.o.o.,https://www.piculjantechnologies.ai/,"Zagreb, Croatia","$10,000+",$50 - $99 / hr,2 - 9,80%,Zagreb,,Croatia,Informado,Informado,9,2 - 9,Micro Empresa,SMB,AI Focus principal,Empresa que su negocio principal gira en torno a servicios AI,Europa,2,Europe,Croatia,HRV,17
Chi'sResearchCorporation,https://www.chisresearch.com/,"Minneapolis, MN",Undisclosed,Undisclosed,2 - 9,100%,Minneapolis,MN,USA,No informado,No informado,9,2 - 9,Micro Empresa,SMB,AI Focus principal,Empresa que su negocio principal gira en torno a servicios AI,América del Norte,0,North America,USA,USA,917
ADARobotics,https://adarobotics.com/,"Santa Ana, Costa Rica",Undisclosed,Undisclosed,10 - 49,100%,Santa Ana,,Costa Rica,No informado,No informado,49,10 - 49,Empresa pequeña ,SMB,AI Focus principal,Empresa que su negocio principal gira en torno a servicios AI,Centroamérica,0,Central America,Costa Rica,Costa Rica,9
CallMaia,https://callmaia.com/,"Curridabat, Costa Rica",Undisclosed,Undisclosed,10 - 49,100%,Curridabat,,Costa Rica,No informado,No informado,49,10 - 49,Empresa pequeña ,SMB,AI Focus principal,Empresa que su negocio principal gira en torno a servicios AI,Centroamérica,0,Central America,Costa Rica,Costa Rica,9
Protechd.o.o.,http://protech.rs/,"Novi Sad, Serbia","$10,000+",$25 - $49 / hr,10 - 49,70%,Novi Sad,,Serbia,Informado,Informado,49,10 - 49,Empresa pequeña ,SMB,AI Focus principal,Empresa que su negocio principal gira en torno a servicios AI,Europa,2,Europe,Serbia,SRB,13
"WeimaiTechnologyCo.,Ltd.",https://www.myweimai.net/,"Hangzhou Shi, China",Undisclosed,Undisclosed,50 - 249,50%,Hangzhou Shi,,China,No informado,No informado,249,50 - 249,Empresa mediana/ SME,SMB,AI Focus,"Empresa con especialización destacada en IA, representa más de la mitad de su actividad",Asia,0,Asia,China,China,87
Mayasoft,http://www.mayasoft.ai/,"Bogota, Colombia",Undisclosed,Undisclosed,50 - 249,50%,Bogota,,Colombia,No informado,No informado,249,50 - 249,Empresa mediana/ SME,SMB,AI Focus,"Empresa con especialización destacada en IA, representa más de la mitad de su actividad",América del Sur,0,South America,Colombia,COL,43
SolatiSAS,http://www.solati.com.co/,"Bogotá, Colombia",Undisclosed,Undisclosed,50 - 249,50%,Bogotá,,Colombia,No informado,No informado,249,50 - 249,Empresa mediana/ SME,SMB,AI Focus,"Empresa con especialización destacada en IA, representa más de la mitad de su actividad",América del Sur,0,South America,Colombia,COL,43
"IntSigInformationCo.,Ltd.",https://www.intsig.us/,"Shanghai, China",Undisclosed,Undisclosed,250 - 999,50%,Shanghai,,China,No informado,No informado,999,250 - 999,Empresa grande/fuera SME,Mid-market,AI Focus,"Empresa con especialización destacada en IA, representa más de la mitad de su actividad",Asia,0,Asia,China,China,87
Diagsenseltd,https://www.diagsense.com/,"Kefar Sava, Israel","$5,000+",$100 - $149 / hr,2 - 9,80%,Kefar Sava,,Israel,Informado,Informado,9,2 - 9,Micro Empresa,SMB,AI Focus principal,Empresa que su negocio principal gira en torno a servicios AI,Oriente Medio,2,Middle East,Israel,ISR,10
AritaWebInc.,https://www.aritaweb.com,"Irvine, CA",Undisclosed,Undisclosed,50 - 249,60%,Irvine,CA,USA,No informado,No informado,249,50 - 249,Empresa mediana/ SME,SMB,AI Focus,"Empresa con especialización destacada en IA, representa más de la mitad de su actividad",América del Norte,0,North America,USA,USA,917
"PciTechnologyGroupCo.,Ltd.",https://www.pcitech.com/,"Guang Zhou Shi, China",Undisclosed,Undisclosed,"1,000 - 9,999",50%,Guang Zhou Shi,,China,No informado,No informado,9999,1000 - 9999,Empresa grande /fuera SM,Enterprise,AI Focus,"Empresa con especialización destacada en IA, representa más de la mitad de su actividad",Asia,0,Asia,China,China,87
Business-IntelligenceofOrientalNationsCorporationLtd.,https://www.bonc.com.cn/,"Beijing, China",Undisclosed,Undisclosed,"1,000 - 9,999",25%,Beijing,,China,No informado,No informado,9999,1000 - 9999,Empresa grande /fuera SM,Enterprise,AI Service complementary, Empresa diversificada que ofrece IA como una línea de servicio complementaria,Asia,0,Asia,China,China,87
NetPosaTechnologiesLtd.,https://www.netposa.com/,"Beijing, China",Undisclosed,Undisclosed,250 - 999,100%,Beijing,,China,No informado,No informado,999,250 - 999,Empresa grande/fuera SME,Mid-market,AI Focus principal,Empresa que su negocio principal gira en torno a servicios AI,Asia,0,Asia,China,China,87
CIMCONDigital,https://cimcondigital.com/,"Westford, MA","$25,000+",$200 - $300 / hr,50 - 249,70%,Westford,MA,USA,Informado,Informado,249,50 - 249,Empresa mediana/ SME,SMB,AI Focus principal,Empresa que su negocio principal gira en torno a servicios AI,América del Norte,2,North America,USA,USA,917
NeurapsesTechnologiesPvtLtd,https://neurapses.com/,"Howrah, India","$1,000+",< $25 / hr,50 - 249,50%,Howrah,,India,Informado,Informado,249,50 - 249,Empresa mediana/ SME,SMB,AI Focus,"Empresa con especialización destacada en IA, representa más de la mitad de su actividad",Asia,2,Asia,India,IND,441
AISOMAAG,https://www.aisoma.de,"Frankfurt am Main, Germany","$5,000+",$100 - $149 / hr,2 - 9,60%,Frankfurt am Main,,Germany,Informado,Informado,9,2 - 9,Micro Empresa,SMB,AI Focus,"Empresa con especialización destacada en IA, representa más de la mitad de su actividad",Europa,2,Europe,Germany,DEU,47
DataMettle,http://datamettle.com,"London, United Kingdom","$10,000+",$100 - $149 / hr,2 - 9,70%,London,,United Kingdom,Informado,Informado,9,2 - 9,Micro Empresa,SMB,AI Focus principal,Empresa que su negocio principal gira en torno a servicios AI,Europa,2,Europe,United Kingdom,GBR,304
OodlesTechnologies,https://www.oodlestechnologies.com/,"Gurugram, India","$10,000+",< $25 / hr,250 - 999,10%,Gurugram,,India,Informado,Informado,999,250 - 999,Empresa grande/fuera SME,Mid-market,AI Service residual,Empresa diversificada cuya participación de IA es limitada o residual,Asia,2,Asia,India,IND,441
MORAI,https://morai.eu/,"Toruń, Poland",Undisclosed,$100 - $149 / hr,10 - 49,80%,Toruń,,Poland,No informado,Informado,49,10 - 49,Empresa pequeña ,SMB,AI Focus principal,Empresa que su negocio principal gira en torno a servicios AI,Europa,1,Europe,Poland,POL,147
Recoshelf,https://recoshelf.io/,"Tallinn, Estonia","$5,000+",< $25 / hr,2 - 9,80%,Tallinn,,Estonia,Informado,Informado,9,2 - 9,Micro Empresa,SMB,AI Focus principal,Empresa que su negocio principal gira en torno a servicios AI,Europa,2,Europe,Estonia,EST,17
WildFireForce,https://wildfireforce.com/,"Basking Ridge, NJ",Undisclosed,Undisclosed,2 - 9,75%,Basking Ridge,NJ,USA,No informado,No informado,9,2 - 9,Micro Empresa,SMB,AI Focus principal,Empresa que su negocio principal gira en torno a servicios AI,América del Norte,0,North America,USA,USA,917
Reech,http://reech.pe/,"Lima, Peru","$5,000+",$25 - $49 / hr,2 - 9,100%,Lima,,Peru,Informado,Informado,9,2 - 9,Micro Empresa,SMB,AI Focus principal,Empresa que su negocio principal gira en torno a servicios AI,América del Sur,2,South America,Peru,PER,7
AIDevelopers,http://www.aidevelopers.co.uk/,"Manchester, United Kingdom",Undisclosed,Undisclosed,2 - 9,100%,Manchester,,United Kingdom,No informado,No informado,9,2 - 9,Micro Empresa,SMB,AI Focus principal,Empresa que su negocio principal gira en torno a servicios AI,Europa,0,Europe,United Kingdom,GBR,304
Bionikron,https://www.bionikron.com,"Medellin, Colombia","$5,000+",$25 - $49 / hr,2 - 9,100%,Medellin,,Colombia,Informado,Informado,9,2 - 9,Micro Empresa,SMB,AI Focus principal,Empresa que su negocio principal gira en torno a servicios AI,América del Sur,2,South America,Colombia,COL,43
eigen,https://www.eigentech.ai/en/,"Hangzhou Shi, China","$5,000+",$50 - $99 / hr,10 - 49,60%,Hangzhou Shi,,China,Informado,Informado,49,10 - 49,Empresa pequeña ,SMB,AI Focus,"Empresa con especialización destacada en IA, representa más de la mitad de su actividad",Asia,2,Asia,China,China,87
CerebriAI,https://www.cerebriai.com/,"Austin, TX",Undisclosed,Undisclosed,50 - 249,100%,Austin,TX,USA,No informado,No informado,249,50 - 249,Empresa mediana/ SME,SMB,AI Focus principal,Empresa que su negocio principal gira en torno a servicios AI,América del Norte,0,North America,USA,USA,917
HuaRui.AI,http://huarui.ai/,"Beijing, China","$5,000+",$100 - $149 / hr,50 - 249,60%,Beijing,,China,Informado,Informado,249,50 - 249,Empresa mediana/ SME,SMB,AI Focus,"Empresa con especialización destacada en IA, representa más de la mitad de su actividad",Asia,2,Asia,China,China,87
Intelistyle,https://www.intelistyle.com/,"London, United Kingdom",Undisclosed,Undisclosed,2 - 9,100%,London,,United Kingdom,No informado,No informado,9,2 - 9,Micro Empresa,SMB,AI Focus principal,Empresa que su negocio principal gira en torno a servicios AI,Europa,0,Europe,United Kingdom,GBR,304
TimeMachineCapital,https://www.timemachinecapital.com/,"London, United Kingdom",Undisclosed,Undisclosed,2 - 9,100%,London,,United Kingdom,No informado,No informado,9,2 - 9,Micro Empresa,SMB,AI Focus principal,Empresa que su negocio principal gira en torno a servicios AI,Europa,0,Europe,United Kingdom,GBR,304
"Simple&SmartTechnologies,Inc.",http://www.idatafa.com/english/index.html,"Beijing, China","$5,000+",$100 - $149 / hr,250 - 999,60%,Beijing,,China,Informado,Informado,999,250 - 999,Empresa grande/fuera SME,Mid-market,AI Focus,"Empresa con especialización destacada en IA, representa más de la mitad de su actividad",Asia,2,Asia,China,China,87
AtlantaAppliedArtificialIntelligence,http://www.atlanta.ai/,"Alpharetta, GA",Undisclosed,Undisclosed,2 - 9,100%,Alpharetta,GA,USA,No informado,No informado,9,2 - 9,Micro Empresa,SMB,AI Focus principal,Empresa que su negocio principal gira en torno a servicios AI,América del Norte,0,North America,USA,USA,917
ConstellationAI,https://constellation.ai/,"London, United Kingdom",Undisclosed,Undisclosed,10 - 49,100%,London,,United Kingdom,No informado,No informado,49,10 - 49,Empresa pequeña ,SMB,AI Focus principal,Empresa que su negocio principal gira en torno a servicios AI,Europa,0,Europe,United Kingdom,GBR,304
SerendeepiaResearch,http://serendeepia.com,"Getafe, Spain","$25,000+",Undisclosed,2 - 9,90%,Getafe,,Spain,Informado,No informado,9,2 - 9,Micro Empresa,SMB,AI Focus principal,Empresa que su negocio principal gira en torno a servicios AI,Europa,1,Europe,Spain,ESP,29
AIBrisbane,https://aibrisbane.com.au/,"Brisbane City, Australia",Undisclosed,Undisclosed,10 - 49,100%,Brisbane City,,Australia,No informado,No informado,49,10 - 49,Empresa pequeña ,SMB,AI Focus principal,Empresa que su negocio principal gira en torno a servicios AI,Oceanía,0,Oceania,Australia,AUS,96
QuantumRobotics,https://www.quantumrobotics.com.au/,"Melbourne, Australia",Undisclosed,Undisclosed,10 - 49,100%,Melbourne,,Australia,No informado,No informado,49,10 - 49,Empresa pequeña ,SMB,AI Focus principal,Empresa que su negocio principal gira en torno a servicios AI,Oceanía,0,Oceania,Australia,AUS,96
TaxBot,https://www.taxbot.ai,Australia,Undisclosed,Undisclosed,10 - 49,100%,Australia,,Australia,No informado,No informado,49,10 - 49,Empresa pequeña ,SMB,AI Focus principal,Empresa que su negocio principal gira en torno a servicios AI,Oceanía,0,Oceania,Australia,AUS,96
HostedBOTS,https://www.hostedbots.com/,"Tarneit, Australia",Undisclosed,Undisclosed,10 - 49,100%,Tarneit,,Australia,No informado,No informado,49,10 - 49,Empresa pequeña ,SMB,AI Focus principal,Empresa que su negocio principal gira en torno a servicios AI,Oceanía,0,Oceania,Australia,AUS,96
Acacia,https://www.acaciasystems.com.au/,"Hendon, Australia",Undisclosed,Undisclosed,10 - 49,100%,Hendon,,Australia,No informado,No informado,49,10 - 49,Empresa pequeña ,SMB,AI Focus principal,Empresa que su negocio principal gira en torno a servicios AI,Oceanía,0,Oceania,Australia,AUS,96
SixSents,https://www.sixsents.com,"Detroit, MI",Undisclosed,Undisclosed,10 - 49,100%,Detroit,MI,USA,No informado,No informado,49,10 - 49,Empresa pequeña ,SMB,AI Focus principal,Empresa que su negocio principal gira en torno a servicios AI,América del Norte,0,North America,USA,USA,917
IncredBots,https://www.incredbots.com/,"Warszawa, Poland",Undisclosed,Undisclosed,10 - 49,100%,Warszawa,,Poland,No informado,No informado,49,10 - 49,Empresa pequeña ,SMB,AI Focus principal,Empresa que su negocio principal gira en torno a servicios AI,Europa,0,Europe,Poland,POL,147
MiddleGateIntelligence,https://www.middlegate.ai/,"Tigard, OR",Undisclosed,Undisclosed,10 - 49,100%,Tigard,OR,USA,No informado,No informado,49,10 - 49,Empresa pequeña ,SMB,AI Focus principal,Empresa que su negocio principal gira en torno a servicios AI,América del Norte,0,North America,USA,USA,917
"DisasterIntelligence,Inc.",https://www.disaster-ai.com,"Seattle, WA",Undisclosed,Undisclosed,10 - 49,100%,Seattle,WA,USA,No informado,No informado,49,10 - 49,Empresa pequeña ,SMB,AI Focus principal,Empresa que su negocio principal gira en torno a servicios AI,América del Norte,0,North America,USA,USA,917
"ISRIntelligenceSolutions,LLC",http://www.isr-intelligencesolutions.biz/index.html,"Mullica Hill, NJ",Undisclosed,Undisclosed,2 - 9,100%,Mullica Hill,NJ,USA,No informado,No informado,9,2 - 9,Micro Empresa,SMB,AI Focus principal,Empresa que su negocio principal gira en torno a servicios AI,América del Norte,0,North America,USA,USA,917
CaliberDataLabs,https://www.caliberdatalabs.ai/,"San Jose, CA","$1,000+",Undisclosed,2 - 9,100%,San Jose,CA,USA,Informado,No informado,9,2 - 9,Micro Empresa,SMB,AI Focus principal,Empresa que su negocio principal gira en torno a servicios AI,América del Norte,1,North America,USA,USA,917
SmirtaInnovationsInc,https://www.smirta.com,"Holmdel, NJ",Undisclosed,Undisclosed,2 - 9,100%,Holmdel,NJ,USA,No informado,No informado,9,2 - 9,Micro Empresa,SMB,AI Focus principal,Empresa que su negocio principal gira en torno a servicios AI,América del Norte,0,North America,USA,USA,917
Jobot,https://jobot.com/,"Irvine, CA",Undisclosed,Undisclosed,50 - 249,50%,Irvine,CA,USA,No informado,No informado,249,50 - 249,Empresa mediana/ SME,SMB,AI Focus,"Empresa con especialización destacada en IA, representa más de la mitad de su actividad",América del Norte,0,North America,USA,USA,917
HiLevelProjects,https://hi-level-projects.com,"Varna, Bulgaria","$50,000+",$25 - $49 / hr,2 - 9,100%,Varna,,Bulgaria,Informado,Informado,9,2 - 9,Micro Empresa,SMB,AI Focus principal,Empresa que su negocio principal gira en torno a servicios AI,Europa,2,Europe,Bulgaria,BGR,20
AvenueiMedia,http://www.avenueimedia.com/,"Redondo Beach, CA",Undisclosed,Undisclosed,10 - 49,100%,Redondo Beach,CA,USA,No informado,No informado,49,10 - 49,Empresa pequeña ,SMB,AI Focus principal,Empresa que su negocio principal gira en torno a servicios AI,América del Norte,0,North America,USA,USA,917
GlassRoomAdvisorsLLC,https://www.glassroom.com/,"Alexandria, VA",Undisclosed,Undisclosed,2 - 9,100%,Alexandria,VA,USA,No informado,No informado,9,2 - 9,Micro Empresa,SMB,AI Focus principal,Empresa que su negocio principal gira en torno a servicios AI,América del Norte,0,North America,USA,USA,917
Xen.AI,https://www.xen.ai/,"Roseville, CA",Undisclosed,Undisclosed,10 - 49,100%,Roseville,CA,USA,No informado,No informado,49,10 - 49,Empresa pequeña ,SMB,AI Focus principal,Empresa que su negocio principal gira en torno a servicios AI,América del Norte,0,North America,USA,USA,917
Botomation,https://www.botomation.io/,"Iselin, NJ","$1,000+",< $25 / hr,250 - 999,50%,Iselin,NJ,USA,Informado,Informado,999,250 - 999,Empresa grande/fuera SME,Mid-market,AI Focus,"Empresa con especialización destacada en IA, representa más de la mitad de su actividad",América del Norte,2,North America,USA,USA,917
IAMECON,https://www.iamecon.com/,"Austin, TX",Undisclosed,Undisclosed,2 - 9,100%,Austin,TX,USA,No informado,No informado,9,2 - 9,Micro Empresa,SMB,AI Focus principal,Empresa que su negocio principal gira en torno a servicios AI,América del Norte,0,North America,USA,USA,917
AvemacConsulting,https://www.avemacconsulting.com/,"Swisher, IA","$10,000+",$100 - $149 / hr,2 - 9,80%,Swisher,IA,USA,Informado,Informado,9,2 - 9,Micro Empresa,SMB,AI Focus principal,Empresa que su negocio principal gira en torno a servicios AI,América del Norte,2,North America,USA,USA,917
NeuralRaysAI,https://neuralrays.ai/,"München, Germany","$10,000+",$25 - $49 / hr,50 - 249,100%,München,,Germany,Informado,Informado,249,50 - 249,Empresa mediana/ SME,SMB,AI Focus principal,Empresa que su negocio principal gira en torno a servicios AI,Europa,2,Europe,Germany,DEU,47
ProAi,https://proai.co.uk,"London, United Kingdom","$1,000+",$25 - $49 / hr,10 - 49,80%,London,,United Kingdom,Informado,Informado,49,10 - 49,Empresa pequeña ,SMB,AI Focus principal,Empresa que su negocio principal gira en torno a servicios AI,Europa,2,Europe,United Kingdom,GBR,304
TwerloAI,https://twerlo.com/,"Dubai, United Arab Emirates","$1,000+",$25 - $49 / hr,10 - 49,60%,Dubai,,United Arab Emirates,Informado,Informado,49,10 - 49,Empresa pequeña ,SMB,AI Focus,"Empresa con especialización destacada en IA, representa más de la mitad de su actividad",Oriente Medio,2,Middle East,United Arab Emirates,ARE,39
Recursive,https://recursiveai.co.jp/en,"Shibuya City, Japan","$10,000+",$300+ / hr,2 - 9,80%,Shibuya City,,Japan,Informado,Informado,9,2 - 9,Micro Empresa,SMB,AI Focus principal,Empresa que su negocio principal gira en torno a servicios AI,Asia,2,Asia,Japan,Japan,8
SimpleMarketing.AI,https://www.simplemarketing.ai,"MacGregor, Australia","$1,000+",$100 - $149 / hr,2 - 9,80%,MacGregor,,Australia,Informado,Informado,9,2 - 9,Micro Empresa,SMB,AI Focus principal,Empresa que su negocio principal gira en torno a servicios AI,Oceanía,2,Oceania,Australia,AUS,96
"HangzhouFanwenScienceandTechnologyCo.,Ltd.",https://www.hzfanwen.com/,"Hangzhou, China",Undisclosed,Undisclosed,50 - 249,50%,Hangzhou,,China,No informado,No informado,249,50 - 249,Empresa mediana/ SME,SMB,AI Focus,"Empresa con especialización destacada en IA, representa más de la mitad de su actividad",Asia,0,Asia,China,China,87
"Xi'anChaoqianIntelligentTechnologyCo.,Ltd.",http://www.chaoqiankeji.com,"Xian Shi, China",Undisclosed,Undisclosed,50 - 249,50%,Xian Shi,,China,No informado,No informado,249,50 - 249,Empresa mediana/ SME,SMB,AI Focus,"Empresa con especialización destacada en IA, representa más de la mitad de su actividad",Asia,0,Asia,China,China,87
DigitalChinaInformationServiceCompanyLtd.,http://www.dcits.com/,"Beijing, China",Undisclosed,Undisclosed,"10,000+",20%,Beijing,,China,No informado,No informado,10000,10000,Empresa grande /fuera SME,Enterprise,AI Service complementary, Empresa diversificada que ofrece IA como una línea de servicio complementaria,Asia,0,Asia,China,China,87
PROXIMA,https://www.proxima.pk,"Karachi, Pakistan","$1,000+",$25 - $49 / hr,10 - 49,70%,Karachi,,Pakistan,Informado,Informado,49,10 - 49,Empresa pequeña ,SMB,AI Focus principal,Empresa que su negocio principal gira en torno a servicios AI,Asia,2,Asia,Pakistan,PAK,61
blackthorn.ai,https://blackthorn.ai/,"London, United Kingdom","$50,000+",$100 - $149 / hr,10 - 49,80%,London,,United Kingdom,Informado,Informado,49,10 - 49,Empresa pequeña ,SMB,AI Focus principal,Empresa que su negocio principal gira en torno a servicios AI,Europa,2,Europe,United Kingdom,GBR,304
"SichuanJiuyuanYinhaiSoftwareCo.,Ltd.",https://www.yinhai.com/,"Cheng Du Shi, China",Undisclosed,Undisclosed,"1,000 - 9,999",25%,Cheng Du Shi,,China,No informado,No informado,9999,1000 - 9999,Empresa grande /fuera SM,Enterprise,AI Service complementary, Empresa diversificada que ofrece IA como una línea de servicio complementaria,Asia,0,Asia,China,China,87
AyaData,https://www.ayadata.ai/,"London, United Kingdom",Undisclosed,Undisclosed,50 - 249,100%,London,,United Kingdom,No informado,No informado,249,50 - 249,Empresa mediana/ SME,SMB,AI Focus principal,Empresa que su negocio principal gira en torno a servicios AI,Europa,0,Europe,United Kingdom,GBR,304
"LinkageSoftwareCo.,Ltd.",http://www.linkstec.com/,"Su Zhou Shi, China",Undisclosed,Undisclosed,"1,000 - 9,999",30%,Su Zhou Shi,,China,No informado,No informado,9999,1000 - 9999,Empresa grande /fuera SM,Enterprise,AI Service complementary, Empresa diversificada que ofrece IA como una línea de servicio complementaria,Asia,0,Asia,China,China,87
"USTCSinovateSoftwareCo.,Ltd.",http://www.kdgcsoft.com/,"He Fei Shi, China",Undisclosed,Undisclosed,"1,000 - 9,999",25%,He Fei Shi,,China,No informado,No informado,9999,1000 - 9999,Empresa grande /fuera SM,Enterprise,AI Service complementary, Empresa diversificada que ofrece IA como una línea de servicio complementaria,Asia,0,Asia,China,China,87
NelusAI,https://nelus.co.uk/,"Edinburgh, United Kingdom",Undisclosed,Undisclosed,2 - 9,80%,Edinburgh,,United Kingdom,No informado,No informado,9,2 - 9,Micro Empresa,SMB,AI Focus principal,Empresa que su negocio principal gira en torno a servicios AI,Europa,0,Europe,United Kingdom,GBR,304
AxleWebTechnologies,https://www.axlewebtech.com,"Rewa, India","$1,000+",< $25 / hr,10 - 49,100%,Rewa,,India,Informado,Informado,49,10 - 49,Empresa pequeña ,SMB,AI Focus principal,Empresa que su negocio principal gira en torno a servicios AI,Asia,2,Asia,India,IND,441
PrimeAI,https://www.primeai.co.uk/,"Herne Bay, United Kingdom","$5,000+",Undisclosed,10 - 49,65%,Herne Bay,,United Kingdom,Informado,No informado,49,10 - 49,Empresa pequeña ,SMB,AI Focus,"Empresa con especialización destacada en IA, representa más de la mitad de su actividad",Europa,1,Europe,United Kingdom,GBR,304
Censius,https://censius.ai/,"Dallas, TX",Undisclosed,Undisclosed,10 - 49,100%,Dallas,TX,USA,No informado,No informado,49,10 - 49,Empresa pequeña ,SMB,AI Focus principal,Empresa que su negocio principal gira en torno a servicios AI,América del Norte,0,North America,USA,USA,917
bards.ai,https://www.bards.ai,"Wrocław, Poland","$10,000+",$25 - $49 / hr,2 - 9,70%,Wrocław,,Poland,Informado,Informado,9,2 - 9,Micro Empresa,SMB,AI Focus principal,Empresa que su negocio principal gira en torno a servicios AI,Europa,2,Europe,Poland,POL,147
ADUKGmbH,http://www.aduk.de,"Planegg, Germany","$5,000+",$50 - $99 / hr,10 - 49,50%,Planegg,,Germany,Informado,Informado,49,10 - 49,Empresa pequeña ,SMB,AI Focus,"Empresa con especialización destacada en IA, representa más de la mitad de su actividad",Europa,2,Europe,Germany,DEU,47
Curata,http://www.curata.com/,"Boston, MA",Undisclosed,Undisclosed,10 - 49,50%,Boston,MA,USA,No informado,No informado,49,10 - 49,Empresa pequeña ,SMB,AI Focus,"Empresa con especialización destacada en IA, representa más de la mitad de su actividad",América del Norte,0,North America,USA,USA,917
Adelphic,https://www.adelphic.com/,"Waltham, MA",Undisclosed,Undisclosed,10 - 49,50%,Waltham,MA,USA,No informado,No informado,49,10 - 49,Empresa pequeña ,SMB,AI Focus,"Empresa con especialización destacada en IA, representa más de la mitad de su actividad",América del Norte,0,North America,USA,USA,917
InstrumentalInc.,https://www.instrumental.com/,"Palo Alto, CA",Undisclosed,Undisclosed,10 - 49,50%,Palo Alto,CA,USA,No informado,No informado,49,10 - 49,Empresa pequeña ,SMB,AI Focus,"Empresa con especialización destacada en IA, representa más de la mitad de su actividad",América del Norte,0,North America,USA,USA,917
"BeijingCheetahMobileTechnologyCo.,Ltd.",https://www.cmcm.com/,"Beijing, China",Undisclosed,Undisclosed,10 - 49,50%,Beijing,,China,No informado,No informado,49,10 - 49,Empresa pequeña ,SMB,AI Focus,"Empresa con especialización destacada en IA, representa más de la mitad de su actividad",Asia,0,Asia,China,China,87
Intelequia,https://intelequia.com/,"Santa Cruz de Tenerife, Spain","$5,000+",$100 - $149 / hr,10 - 49,20%,Santa Cruz de Tenerife,,Spain,Informado,Informado,49,10 - 49,Empresa pequeña ,SMB,AI Service complementary, Empresa diversificada que ofrece IA como una línea de servicio complementaria,Europa,2,Europe,Spain,ESP,29
UnifiedInbox,http://unifiedinbox.com/,"Singapore, Singapore",Undisclosed,Undisclosed,10 - 49,50%,Singapore,,Singapore,No informado,No informado,49,10 - 49,Empresa pequeña ,SMB,AI Focus,"Empresa con especialización destacada en IA, representa más de la mitad de su actividad",Asia,0,Asia,Singapore,SGP,24
ImarticusLearning,https://imarticus.org/,"Mumbai, India",Undisclosed,< $25 / hr,10 - 49,50%,Mumbai,,India,No informado,Informado,49,10 - 49,Empresa pequeña ,SMB,AI Focus,"Empresa con especialización destacada en IA, representa más de la mitad de su actividad",Asia,1,Asia,India,IND,441
MidasAnalytics,https://www.midasanalytics.ai/,"Hong Kong, Hong Kong","$5,000+",$50 - $99 / hr,2 - 9,45%,Hong Kong,,Hong Kong,Informado,Informado,9,2 - 9,Micro Empresa,SMB,AI Service complementary, Empresa diversificada que ofrece IA como una línea de servicio complementaria,Asia,2,Asia,Hong Kong,HKG,12
WinterwellAssociates,https://www.winterwell.com/,"Edinburgh, United Kingdom",Undisclosed,Undisclosed,2 - 9,60%,Edinburgh,,United Kingdom,No informado,No informado,9,2 - 9,Micro Empresa,SMB,AI Focus,"Empresa con especialización destacada en IA, representa más de la mitad de su actividad",Europa,0,Europe,United Kingdom,GBR,304
RaReTechnologies,https://rare-technologies.com/,"Brno, Czech Republic","$1,000+",$100 - $149 / hr,10 - 49,50%,Brno,,Czech Republic,Informado,Informado,49,10 - 49,Empresa pequeña ,SMB,AI Focus,"Empresa con especialización destacada en IA, representa más de la mitad de su actividad",Europa,2,Europe,Czech Republic,CZE,24
Chirp,https://chirp.io/,"London, United Kingdom",Undisclosed,Undisclosed,10 - 49,50%,London,,United Kingdom,No informado,No informado,49,10 - 49,Empresa pequeña ,SMB,AI Focus,"Empresa con especialización destacada en IA, representa más de la mitad de su actividad",Europa,0,Europe,United Kingdom,GBR,304
"VeoRobotics,Inc.",https://www.veobot.com,"Waltham, MA",Undisclosed,Undisclosed,10 - 49,50%,Waltham,MA,USA,No informado,No informado,49,10 - 49,Empresa pequeña ,SMB,AI Focus,"Empresa con especialización destacada en IA, representa más de la mitad de su actividad",América del Norte,0,North America,USA,USA,917
Qutee,https://www.qutee.com/,"London, United Kingdom",Undisclosed,Undisclosed,10 - 49,50%,London,,United Kingdom,No informado,No informado,49,10 - 49,Empresa pequeña ,SMB,AI Focus,"Empresa con especialización destacada en IA, representa más de la mitad de su actividad",Europa,0,Europe,United Kingdom,GBR,304
"ZolonTech,Inc.",https://www.zolontech.com,"Herndon, VA",Undisclosed,Undisclosed,10 - 49,50%,Herndon,VA,USA,No informado,No informado,49,10 - 49,Empresa pequeña ,SMB,AI Focus,"Empresa con especialización destacada en IA, representa más de la mitad de su actividad",América del Norte,0,North America,USA,USA,917
XnorAI,https://www.xnor.ai,"Seattle, WA",Undisclosed,Undisclosed,10 - 49,50%,Seattle,WA,USA,No informado,No informado,49,10 - 49,Empresa pequeña ,SMB,AI Focus,"Empresa con especialización destacada en IA, representa más de la mitad de su actividad",América del Norte,0,North America,USA,USA,917
IV.AI,https://iv.ai/,"Los Angeles, CA",Undisclosed,Undisclosed,10 - 49,50%,Los Angeles,CA,USA,No informado,No informado,49,10 - 49,Empresa pequeña ,SMB,AI Focus,"Empresa con especialización destacada en IA, representa más de la mitad de su actividad",América del Norte,0,North America,USA,USA,917
XMPro,https://xmpro.com/,"Dallas, TX",Undisclosed,Undisclosed,10 - 49,50%,Dallas,TX,USA,No informado,No informado,49,10 - 49,Empresa pequeña ,SMB,AI Focus,"Empresa con especialización destacada en IA, representa más de la mitad de su actividad",América del Norte,0,North America,USA,USA,917
GeneeaAnalytics,https://www.geneea.com/,"Prague, Czech Republic","$10,000+",$25 - $49 / hr,10 - 49,50%,Prague,,Czech Republic,Informado,Informado,49,10 - 49,Empresa pequeña ,SMB,AI Focus,"Empresa con especialización destacada en IA, representa más de la mitad de su actividad",Europa,2,Europe,Czech Republic,CZE,24
RepustateInc.,https://www.repustate.com,"Toronto, Canada",Undisclosed,Undisclosed,10 - 49,50%,Toronto,,Canada,No informado,No informado,49,10 - 49,Empresa pequeña ,SMB,AI Focus,"Empresa con especialización destacada en IA, representa más de la mitad de su actividad",América del Norte,0,North America,Canada,CAN,126
"ObjectComputing,Inc.",https://objectcomputing.com/,"St. Louis, MO",Undisclosed,Undisclosed,50 - 249,40%,St. Louis,MO,USA,No informado,No informado,249,50 - 249,Empresa mediana/ SME,SMB,AI Service complementary, Empresa diversificada que ofrece IA como una línea de servicio complementaria,América del Norte,0,North America,USA,USA,917
Smarter.Codes,https://smarter.codes/,"Bengaluru, India","$1,000+",$100 - $149 / hr,2 - 9,100%,Bengaluru,,India,Informado,Informado,9,2 - 9,Micro Empresa,SMB,AI Focus principal,Empresa que su negocio principal gira en torno a servicios AI,Asia,2,Asia,India,IND,441
ArtificialSolutions,https://www.artificial-solutions.com/,"Mountain View, CA","$5,000+",$25 - $49 / hr,50 - 249,40%,Mountain View,CA,USA,Informado,Informado,249,50 - 249,Empresa mediana/ SME,SMB,AI Service complementary, Empresa diversificada que ofrece IA como una línea de servicio complementaria,América del Norte,2,North America,USA,USA,917
Tongdun,https://www.tongdun.cn/,"Hangzhou Shi, China","$5,000+",$100 - $149 / hr,250 - 999,30%,Hangzhou Shi,,China,Informado,Informado,999,250 - 999,Empresa grande/fuera SME,Mid-market,AI Service complementary, Empresa diversificada que ofrece IA como una línea de servicio complementaria,Asia,2,Asia,China,China,87
ASGTECHNOLOGIES,http://asg.com,"Naples, FL","$5,000+",Undisclosed,"1,000 - 9,999",20%,Naples,FL,USA,Informado,No informado,9999,1000 - 9999,Empresa grande /fuera SM,Enterprise,AI Service complementary, Empresa diversificada que ofrece IA como una línea de servicio complementaria,América del Norte,1,North America,USA,USA,917
LANDRAudioInc,https://www.landr.com/en/,"Montreal, Canadá",Undisclosed,Undisclosed,50 - 249,40%,Montreal,,Canada,No informado,No informado,249,50 - 249,Empresa mediana/ SME,SMB,AI Service complementary, Empresa diversificada que ofrece IA como una línea de servicio complementaria,América del Norte,0,North America,Canada,CAN,126
Mobilewalla,https://www.mobilewalla.com/,"Atlanta, GA",Undisclosed,Undisclosed,50 - 249,40%,Atlanta,GA,USA,No informado,No informado,249,50 - 249,Empresa mediana/ SME,SMB,AI Service complementary, Empresa diversificada que ofrece IA como una línea de servicio complementaria,América del Norte,0,North America,USA,USA,917
DatawatchCorporation,https://www.datawatch.com/,"Greensboro, NC",Undisclosed,Undisclosed,50 - 249,40%,Greensboro,NC,USA,No informado,No informado,249,50 - 249,Empresa mediana/ SME,SMB,AI Service complementary, Empresa diversificada que ofrece IA como una línea de servicio complementaria,América del Norte,0,North America,USA,USA,917
"Jobcase,Inc.",https://www.jobcase.com/,"Cambridge, MA",Undisclosed,Undisclosed,50 - 249,40%,Cambridge,MA,USA,No informado,No informado,249,50 - 249,Empresa mediana/ SME,SMB,AI Service complementary, Empresa diversificada que ofrece IA como una línea de servicio complementaria,América del Norte,0,North America,USA,USA,917
DataProphets,https://dataprophets.in/,"Rajkot, India","$5,000+",$25 - $49 / hr,10 - 49,60%,Rajkot,,India,Informado,Informado,49,10 - 49,Empresa pequeña ,SMB,AI Focus,"Empresa con especialización destacada en IA, representa más de la mitad de su actividad",Asia,2,Asia,India,IND,441
SearchDiscovery,https://www.searchdiscovery.com/,"Atlanta, GA",Undisclosed,Undisclosed,50 - 249,40%,Atlanta,GA,USA,No informado,No informado,249,50 - 249,Empresa mediana/ SME,SMB,AI Service complementary, Empresa diversificada que ofrece IA como una línea de servicio complementaria,América del Norte,0,North America,USA,USA,917
Bismart,https://bismart.com,"Barcelona, Spain",Undisclosed,Undisclosed,50 - 249,40%,Barcelona,,Spain,No informado,No informado,249,50 - 249,Empresa mediana/ SME,SMB,AI Service complementary, Empresa diversificada que ofrece IA como una línea de servicio complementaria,Europa,0,Europe,Spain,ESP,29
Everise,https://weareeverise.com/,Singapore,"$250,000+",Undisclosed,"10,000+",10%,Singapore,,Singapore,Informado,No informado,10000,10000,Empresa grande /fuera SME,Enterprise,AI Service residual,Empresa diversificada cuya participación de IA es limitada o residual,Asia,1,Asia,Singapore,SGP,24
TalkingData,http://www.talkingdata.com/,"Beijing, China","$5,000+",$50 - $99 / hr,50 - 249,40%,Beijing,,China,Informado,Informado,249,50 - 249,Empresa mediana/ SME,SMB,AI Service complementary, Empresa diversificada que ofrece IA como una línea de servicio complementaria,Asia,2,Asia,China,China,87
Springbot,https://www.springbot.com/,"Atlanta, GA",Undisclosed,Undisclosed,50 - 249,40%,Atlanta,GA,USA,No informado,No informado,249,50 - 249,Empresa mediana/ SME,SMB,AI Service complementary, Empresa diversificada que ofrece IA como una línea de servicio complementaria,América del Norte,0,North America,USA,USA,917
FilamentAI,https://www.filament.ai/,"London, United Kingdom","$5,000+",$150 - $199 / hr,10 - 49,50%,London,,United Kingdom,Informado,Informado,49,10 - 49,Empresa pequeña ,SMB,AI Focus,"Empresa con especialización destacada en IA, representa más de la mitad de su actividad",Europa,2,Europe,United Kingdom,GBR,304
Senseye,https://www.senseye.io/,"Chilworth, United Kingdom",Undisclosed,Undisclosed,10 - 49,50%,Chilworth,,United Kingdom,No informado,No informado,49,10 - 49,Empresa pequeña ,SMB,AI Focus,"Empresa con especialización destacada en IA, representa más de la mitad de su actividad",Europa,0,Europe,United Kingdom,GBR,304
Snap40,https://www.snap40.com/,"Edinburgh, United Kingdom",Undisclosed,Undisclosed,10 - 49,50%,Edinburgh,,United Kingdom,No informado,No informado,49,10 - 49,Empresa pequeña ,SMB,AI Focus,"Empresa con especialización destacada en IA, representa más de la mitad de su actividad",Europa,0,Europe,United Kingdom,GBR,304
FluroSat,https://www.flurosat.com/,"Eveleigh, Australia",Undisclosed,Undisclosed,10 - 49,50%,Eveleigh,,Australia,No informado,No informado,49,10 - 49,Empresa pequeña ,SMB,AI Focus,"Empresa con especialización destacada en IA, representa más de la mitad de su actividad",Oceanía,0,Oceania,Australia,AUS,96
"SAMAI,Inc.",https://www.sam.ai,"Newark, NJ",Undisclosed,Undisclosed,10 - 49,50%,Newark,NJ,USA,No informado,No informado,49,10 - 49,Empresa pequeña ,SMB,AI Focus,"Empresa con especialización destacada en IA, representa más de la mitad de su actividad",América del Norte,0,North America,USA,USA,917
Patheer,https://patheer.com/,"Quincy, MA",Undisclosed,Undisclosed,10 - 49,50%,Quincy,MA,USA,No informado,No informado,49,10 - 49,Empresa pequeña ,SMB,AI Focus,"Empresa con especialización destacada en IA, representa más de la mitad de su actividad",América del Norte,0,North America,USA,USA,917
Pinn,https://pinn.ai/,"Redwood City, CA",Undisclosed,Undisclosed,10 - 49,50%,Redwood City,CA,USA,No informado,No informado,49,10 - 49,Empresa pequeña ,SMB,AI Focus,"Empresa con especialización destacada en IA, representa más de la mitad de su actividad",América del Norte,0,North America,USA,USA,917
"Rulai,Inc.",https://rul.ai/,"Campbell, CA",Undisclosed,Undisclosed,10 - 49,50%,Campbell,CA,USA,No informado,No informado,49,10 - 49,Empresa pequeña ,SMB,AI Focus,"Empresa con especialización destacada en IA, representa más de la mitad de su actividad",América del Norte,0,North America,USA,USA,917
EdConnective,https://www.edconnective.com/,"Richmond, VA",Undisclosed,Undisclosed,10 - 49,50%,Richmond,VA,USA,No informado,No informado,49,10 - 49,Empresa pequeña ,SMB,AI Focus,"Empresa con especialización destacada en IA, representa más de la mitad de su actividad",América del Norte,0,North America,USA,USA,917
RemiAI,https://www.remi.ai/,"Millers Point, Australia",Undisclosed,Undisclosed,10 - 49,50%,Millers Point,,Australia,No informado,No informado,49,10 - 49,Empresa pequeña ,SMB,AI Focus,"Empresa con especialización destacada en IA, representa más de la mitad de su actividad",Oceanía,0,Oceania,Australia,AUS,96
Finture,https://www.finture.com/en/,"Warszawa, Poland","$10,000+",$50 - $99 / hr,250 - 999,30%,Warszawa,,Poland,Informado,Informado,999,250 - 999,Empresa grande/fuera SME,Mid-market,AI Service complementary, Empresa diversificada que ofrece IA como una línea de servicio complementaria,Europa,2,Europe,Poland,POL,147
ZerogonsIndiapvtLtd,https://zerogons.com/,"Pune, India","$10,000+",$25 - $49 / hr,10 - 49,55%,Pune,,India,Informado,Informado,49,10 - 49,Empresa pequeña ,SMB,AI Focus,"Empresa con especialización destacada en IA, representa más de la mitad de su actividad",Asia,2,Asia,India,IND,441
PioneerConsultingServicesLLC,http://www.pioneeritconsulting.com,"Wabasso, FL",Undisclosed,Undisclosed,2 - 9,60%,Wabasso,FL,USA,No informado,No informado,9,2 - 9,Micro Empresa,SMB,AI Focus,"Empresa con especialización destacada en IA, representa más de la mitad de su actividad",América del Norte,0,North America,USA,USA,917
ITResearches,http://itresearches.com/en/,"Glasgow, United Kingdom",Undisclosed,Undisclosed,"1,000 - 9,999",20%,Glasgow,,United Kingdom,No informado,No informado,9999,1000 - 9999,Empresa grande /fuera SM,Enterprise,AI Service complementary, Empresa diversificada que ofrece IA como una línea de servicio complementaria,Europa,0,Europe,United Kingdom,GBR,304
Dodeed,https://dodeed.co/,"Dhaka, Bangladesh","$1,000+",< $25 / hr,10 - 49,70%,Dhaka,,Bangladesh,Informado,Informado,49,10 - 49,Empresa pequeña ,SMB,AI Focus principal,Empresa que su negocio principal gira en torno a servicios AI,Asia,2,Asia,Bangladesh,BGD,19
AerialTechnologies,https://www.aerial.ai/,"Montréal, Canada",Undisclosed,Undisclosed,10 - 49,50%,Montréal,,Canada,No informado,No informado,49,10 - 49,Empresa pequeña ,SMB,AI Focus,"Empresa con especialización destacada en IA, representa más de la mitad de su actividad",América del Norte,0,North America,Canada,CAN,126
CONCURED,https://www.concured.com/,"London, United Kingdom",Undisclosed,Undisclosed,10 - 49,50%,London,,United Kingdom,No informado,No informado,49,10 - 49,Empresa pequeña ,SMB,AI Focus,"Empresa con especialización destacada en IA, representa más de la mitad de su actividad",Europa,0,Europe,United Kingdom,GBR,304
Newmine,http://newmine.com,"Southborough, MA",Undisclosed,Undisclosed,10 - 49,50%,Southborough,MA,USA,No informado,No informado,49,10 - 49,Empresa pequeña ,SMB,AI Focus,"Empresa con especialización destacada en IA, representa más de la mitad de su actividad",América del Norte,0,North America,USA,USA,917
PolyAI,https://poly-ai.com/,"London, United Kingdom",Undisclosed,Undisclosed,10 - 49,50%,London,,United Kingdom,No informado,No informado,49,10 - 49,Empresa pequeña ,SMB,AI Focus,"Empresa con especialización destacada en IA, representa más de la mitad de su actividad",Europa,0,Europe,United Kingdom,GBR,304
Decooda,http://www.decooda.com/,"Atlanta, GA",Undisclosed,Undisclosed,10 - 49,50%,Atlanta,GA,USA,No informado,No informado,49,10 - 49,Empresa pequeña ,SMB,AI Focus,"Empresa con especialización destacada en IA, representa más de la mitad de su actividad",América del Norte,0,North America,USA,USA,917
"DecisionIQ,Inc.",http://decisioniq.com,"Atlanta, GA","$1,000+",Undisclosed,10 - 49,50%,Atlanta,GA,USA,Informado,No informado,49,10 - 49,Empresa pequeña ,SMB,AI Focus,"Empresa con especialización destacada en IA, representa más de la mitad de su actividad",América del Norte,1,North America,USA,USA,917
SalsaDigital,https://salsadigital.com.au/,"Collingwood, Australia",Undisclosed,Undisclosed,10 - 49,50%,Collingwood,,Australia,No informado,No informado,49,10 - 49,Empresa pequeña ,SMB,AI Focus,"Empresa con especialización destacada en IA, representa más de la mitad de su actividad",Oceanía,0,Oceania,Australia,AUS,96
Elevat,https://www.elevat-iot.com/,"Seattle, WA",Undisclosed,Undisclosed,10 - 49,50%,Seattle,WA,USA,No informado,No informado,49,10 - 49,Empresa pequeña ,SMB,AI Focus,"Empresa con especialización destacada en IA, representa más de la mitad de su actividad",América del Norte,0,North America,USA,USA,917
StrongbytesConsulting,https://strongbytes.ai/,"Iași, Romania","$50,000+",$25 - $49 / hr,10 - 49,50%,Iași,,Romania,Informado,Informado,49,10 - 49,Empresa pequeña ,SMB,AI Focus,"Empresa con especialización destacada en IA, representa más de la mitad de su actividad",Europa,2,Europe,Romania,ROU,27
AristonTekInc,http://www.aristontek.com,"Jersey City, NJ",Undisclosed,Undisclosed,10 - 49,50%,Jersey City,NJ,USA,No informado,No informado,49,10 - 49,Empresa pequeña ,SMB,AI Focus,"Empresa con especialización destacada en IA, representa más de la mitad de su actividad",América del Norte,0,North America,USA,USA,917
TelegraphHillSoftware,https://telegraphhillsoftware.com/,"San Francisco, CA",Undisclosed,Undisclosed,10 - 49,50%,San Francisco,CA,USA,No informado,No informado,49,10 - 49,Empresa pequeña ,SMB,AI Focus,"Empresa con especialización destacada en IA, representa más de la mitad de su actividad",América del Norte,0,North America,USA,USA,917
Clevertar,https://clevertar.com/,"Adelaide, Australia","$5,000+",$300+ / hr,10 - 49,50%,Adelaide,,Australia,Informado,Informado,49,10 - 49,Empresa pequeña ,SMB,AI Focus,"Empresa con especialización destacada en IA, representa más de la mitad de su actividad",Oceanía,2,Oceania,Australia,AUS,96
Visionify,https://visionify.ai,"Westminster, CO",Undisclosed,Undisclosed,10 - 49,50%,Westminster,CO,USA,No informado,No informado,49,10 - 49,Empresa pequeña ,SMB,AI Focus,"Empresa con especialización destacada en IA, representa más de la mitad de su actividad",América del Norte,0,North America,USA,USA,917
Entromy,http://www.entromy.com/,"Boston, MA",Undisclosed,Undisclosed,10 - 49,50%,Boston,MA,USA,No informado,No informado,49,10 - 49,Empresa pequeña ,SMB,AI Focus,"Empresa con especialización destacada en IA, representa más de la mitad de su actividad",América del Norte,0,North America,USA,USA,917
ContinuumIndustries,https://www.continuum.industries/,"Edinburgh, United Kingdom",Undisclosed,Undisclosed,10 - 49,50%,Edinburgh,,United Kingdom,No informado,No informado,49,10 - 49,Empresa pequeña ,SMB,AI Focus,"Empresa con especialización destacada en IA, representa más de la mitad de su actividad",Europa,0,Europe,United Kingdom,GBR,304
Baifendian-Percent,http://en.percent.cn/,"Beijing, China","$5,000+",$100 - $149 / hr,250 - 999,30%,Beijing,,China,Informado,Informado,999,250 - 999,Empresa grande/fuera SME,Mid-market,AI Service complementary, Empresa diversificada que ofrece IA como una línea de servicio complementaria,Asia,2,Asia,China,China,87
TMAInnovation,https://www.tmainnovation.com/,"Ho Chi Minh, Vietnam","$10,000+",< $25 / hr,250 - 999,30%,Ho Chi Minh,,Vietnam,Informado,Informado,999,250 - 999,Empresa grande/fuera SME,Mid-market,AI Service complementary, Empresa diversificada que ofrece IA como una línea de servicio complementaria,Asia,2,Asia,Vietnam,VNM,29
Artefact,https://artefact.com/,"Paris, France",Undisclosed,Undisclosed,"1,000 - 9,999",20%,Paris,,France,No informado,No informado,9999,1000 - 9999,Empresa grande /fuera SM,Enterprise,AI Service complementary, Empresa diversificada que ofrece IA como una línea de servicio complementaria,Europa,0,Europe,France,FRA,14
NewBornTown,http://www.newborntown.com/en/,"Beijing, China","$5,000+",$25 - $49 / hr,50 - 249,40%,Beijing,,China,Informado,Informado,249,50 - 249,Empresa mediana/ SME,SMB,AI Service complementary, Empresa diversificada que ofrece IA como una línea de servicio complementaria,Asia,2,Asia,China,China,87
Hi-TechiSolutions,https://www.hitechdigital.com/,"Ahmedabad, India","$10,000+",< $25 / hr,"1,000 - 9,999",20%,Ahmedabad,,India,Informado,Informado,9999,1000 - 9999,Empresa grande /fuera SM,Enterprise,AI Service complementary, Empresa diversificada que ofrece IA como una línea de servicio complementaria,Asia,2,Asia,India,IND,441
Owlin,https://www.owlin.com/,"Amsterdam, Netherlands",Undisclosed,Undisclosed,50 - 249,40%,Amsterdam,,Netherlands,No informado,No informado,249,50 - 249,Empresa mediana/ SME,SMB,AI Service complementary, Empresa diversificada que ofrece IA como una línea de servicio complementaria,Europa,0,Europe,Netherlands,NLD,26
MCI,https://www.mci.world/,"Iowa City, IA",Undisclosed,Undisclosed,"1,000 - 9,999",20%,Iowa City,IA,USA,No informado,No informado,9999,1000 - 9999,Empresa grande /fuera SM,Enterprise,AI Service complementary, Empresa diversificada que ofrece IA como una línea de servicio complementaria,América del Norte,0,North America,USA,USA,917
ReliableRobotics,https://reliablerobotics.ai/,"Dubai, United Arab Emirates","$5,000+",$200 - $300 / hr,10 - 49,60%,Dubai,,United Arab Emirates,Informado,Informado,49,10 - 49,Empresa pequeña ,SMB,AI Focus,"Empresa con especialización destacada en IA, representa más de la mitad de su actividad",Oriente Medio,2,Middle East,United Arab Emirates,ARE,39
ONPASSIVE,https://onpassive.com/,"Orlando, FL","$1,000+",< $25 / hr,50 - 249,40%,Orlando,FL,USA,Informado,Informado,249,50 - 249,Empresa mediana/ SME,SMB,AI Service complementary, Empresa diversificada que ofrece IA como una línea de servicio complementaria,América del Norte,2,North America,USA,USA,917
RedisLabs,https://redislabs.com/,"Mountain View, CA",Undisclosed,Undisclosed,250 - 999,25%,Mountain View,CA,USA,No informado,No informado,999,250 - 999,Empresa grande/fuera SME,Mid-market,AI Service complementary, Empresa diversificada que ofrece IA como una línea de servicio complementaria,América del Norte,0,North America,USA,USA,917
NXDigitalGmbH,http://www.nxdigital.de/,"München, Germany","$5,000+",$25 - $49 / hr,50 - 249,45%,München,,Germany,Informado,Informado,249,50 - 249,Empresa mediana/ SME,SMB,AI Service complementary, Empresa diversificada que ofrece IA como una línea de servicio complementaria,Europa,2,Europe,Germany,DEU,47
GeneralDynamicsInformationTechnology,https://gdit.com/,"Coralville, IA",Undisclosed,Undisclosed,"10,000+",15%,Coralville,IA,USA,No informado,No informado,10000,10000,Empresa grande /fuera SME,Enterprise,AI Service residual,Empresa diversificada cuya participación de IA es limitada o residual,América del Norte,0,North America,USA,USA,917
Techvantage,https://www.techvantagesystems.com/,"Thiruvananthapuram, India",Undisclosed,Undisclosed,10 - 49,50%,Thiruvananthapuram,,India,No informado,No informado,49,10 - 49,Empresa pequeña ,SMB,AI Focus,"Empresa con especialización destacada en IA, representa más de la mitad de su actividad",Asia,0,Asia,India,IND,441
BongoLive,https://www.bongolive.co.tz/,"Dar es Salaam, Tanzania",Undisclosed,Undisclosed,10 - 49,50%,Dar es Salaam,,Tanzania,No informado,No informado,49,10 - 49,Empresa pequeña ,SMB,AI Focus,"Empresa con especialización destacada en IA, representa más de la mitad de su actividad",África,0,Africa,Tanzania,TZA,4
CardinalOperations,https://www.shanshu.ai/introduction,"Beijing, China","$5,000+",$50 - $99 / hr,10 - 49,50%,Beijing,,China,Informado,Informado,49,10 - 49,Empresa pequeña ,SMB,AI Focus,"Empresa con especialización destacada en IA, representa más de la mitad de su actividad",Asia,2,Asia,China,China,87
TheAPPSolutions,https://theappsolutions.com,"Kyiv, Ukraine","$10,000+",$50 - $99 / hr,50 - 249,20%,Kyiv,,Ukraine,Informado,Informado,249,50 - 249,Empresa mediana/ SME,SMB,AI Service complementary, Empresa diversificada que ofrece IA como una línea de servicio complementaria,Europa,2,Europe,Ukraine,UKR,92
QuantUp,http://quantup.pl,"Wrocław, Poland","$25,000+",$50 - $99 / hr,10 - 49,100%,Wrocław,,Poland,Informado,Informado,49,10 - 49,Empresa pequeña ,SMB,AI Focus principal,Empresa que su negocio principal gira en torno a servicios AI,Europa,2,Europe,Poland,POL,147
GoodWorkLabs,http://www.goodworklabs.com,"Bengaluru, India","$5,000+",$50 - $99 / hr,50 - 249,10%,Bengaluru,,India,Informado,Informado,249,50 - 249,Empresa mediana/ SME,SMB,AI Service residual,Empresa diversificada cuya participación de IA es limitada o residual,Asia,2,Asia,India,IND,441
42flows.tech,https://42flows.tech,"L'viv, Ukraine","$25,000+",$25 - $49 / hr,50 - 249,30%,L'viv,,Ukraine,Informado,Informado,249,50 - 249,Empresa mediana/ SME,SMB,AI Service complementary, Empresa diversificada que ofrece IA como una línea de servicio complementaria,Europa,2,Europe,Ukraine,UKR,92
WebMotion,https://webmotion.bg/,"Sofia, Bulgaria","$5,000+",$25 - $49 / hr,10 - 49,10%,Sofia,,Bulgaria,Informado,Informado,49,10 - 49,Empresa pequeña ,SMB,AI Service residual,Empresa diversificada cuya participación de IA es limitada o residual,Europa,2,Europe,Bulgaria,BGR,20
PiServe,https://www.piserve.com,"Kakkanad, India","$25,000+",$25 - $49 / hr,50 - 249,10%,Kakkanad,,India,Informado,Informado,249,50 - 249,Empresa mediana/ SME,SMB,AI Service residual,Empresa diversificada cuya participación de IA es limitada o residual,Asia,2,Asia,India,IND,441
RightInformation,http://www.rightinformation.com,"Wrocław, Poland","$10,000+",$50 - $99 / hr,10 - 49,20%,Wrocław,,Poland,Informado,Informado,49,10 - 49,Empresa pequeña ,SMB,AI Service complementary, Empresa diversificada que ofrece IA como una línea de servicio complementaria,Europa,2,Europe,Poland,POL,147
Serengeti,http://www.serengetitech.com,"Zagreb, Croatia","$1,000+",$25 - $49 / hr,50 - 249,10%,Zagreb,,Croatia,Informado,Informado,249,50 - 249,Empresa mediana/ SME,SMB,AI Service residual,Empresa diversificada cuya participación de IA es limitada o residual,Europa,2,Europe,Croatia,HRV,17
HTSS,https://htssgroup.eu/,"București, Romania","$25,000+",$50 - $99 / hr,250 - 999,15%,București,,Romania,Informado,Informado,999,250 - 999,Empresa grande/fuera SME,Mid-market,AI Service residual,Empresa diversificada cuya participación de IA es limitada o residual,Europa,2,Europe,Romania,ROU,27
VanguardX,https://vanguard-x.com/,"New York, NY","$10,000+",$50 - $99 / hr,50 - 249,35%,New York,NY,USA,Informado,Informado,249,50 - 249,Empresa mediana/ SME,SMB,AI Service complementary, Empresa diversificada que ofrece IA como una línea de servicio complementaria,América del Norte,2,North America,USA,USA,917
Roonyx,http://roonyx.tech,"Saint Petersburg, FL","$10,000+",$50 - $99 / hr,50 - 249,30%,Saint Petersburg,FL,USA,Informado,Informado,249,50 - 249,Empresa mediana/ SME,SMB,AI Service complementary, Empresa diversificada que ofrece IA como una línea de servicio complementaria,América del Norte,2,North America,USA,USA,917
FusionInformaticsLimited,http://alturl.com/a825b,India,"$10,000+",$25 - $49 / hr,50 - 249,20%,India,,India,Informado,Informado,249,50 - 249,Empresa mediana/ SME,SMB,AI Service complementary, Empresa diversificada que ofrece IA como una línea de servicio complementaria,Asia,2,Asia,India,IND,441
ReliableGroup,https://www.reliablegroup.com,"Hicksville, NY","$1,000+",$50 - $99 / hr,250 - 999,17%,Hicksville,NY,USA,Informado,Informado,999,250 - 999,Empresa grande/fuera SME,Mid-market,AI Service residual,Empresa diversificada cuya participación de IA es limitada o residual,América del Norte,2,North America,USA,USA,917
BeyondAnalysis,http://www.beyondanalysis.info,"London, United Kingdom","$10,000+",$150 - $199 / hr,50 - 249,35%,London,,United Kingdom,Informado,Informado,249,50 - 249,Empresa mediana/ SME,SMB,AI Service complementary, Empresa diversificada que ofrece IA como una línea de servicio complementaria,Europa,2,Europe,United Kingdom,GBR,304
WEBSENSA,https://websensa.com,"Warszawa, Poland","$25,000+",$50 - $99 / hr,50 - 249,60%,Warszawa,,Poland,Informado,Informado,249,50 - 249,Empresa mediana/ SME,SMB,AI Focus,"Empresa con especialización destacada en IA, representa más de la mitad de su actividad",Europa,2,Europe,Poland,POL,147
MTRDesign,https://mtr-design.com/,"Sofia, Bulgaria","$10,000+",$50 - $99 / hr,10 - 49,20%,Sofia,,Bulgaria,Informado,Informado,49,10 - 49,Empresa pequeña ,SMB,AI Service complementary, Empresa diversificada que ofrece IA como una línea de servicio complementaria,Europa,2,Europe,Bulgaria,BGR,20
Digiteum,http://www.digiteum.com,"Gdańsk, Poland","$10,000+",$25 - $49 / hr,50 - 249,15%,Gdańsk,,Poland,Informado,Informado,249,50 - 249,Empresa mediana/ SME,SMB,AI Service residual,Empresa diversificada cuya participación de IA es limitada o residual,Europa,2,Europe,Poland,POL,147
Elinext,https://www.elinext.com/,"Ho Chi Minh City, Vietnam","$25,000+",$50 - $99 / hr,250 - 999,10%,Ho Chi Minh City,,Vietnam,Informado,Informado,999,250 - 999,Empresa grande/fuera SME,Mid-market,AI Service residual,Empresa diversificada cuya participación de IA es limitada o residual,Asia,2,Asia,Vietnam,VNM,29
Twisthink,http://www.twisthink.com,"Holland, MI","$25,000+",$150 - $199 / hr,10 - 49,10%,Holland,MI,USA,Informado,Informado,49,10 - 49,Empresa pequeña ,SMB,AI Service residual,Empresa diversificada cuya participación de IA es limitada o residual,América del Norte,2,North America,USA,USA,917
VITech,https://vitechteam.com/,"Lviv, Ukraine","$50,000+",$50 - $99 / hr,50 - 249,20%,Lviv,,Ukraine,Informado,Informado,249,50 - 249,Empresa mediana/ SME,SMB,AI Service complementary, Empresa diversificada que ofrece IA como una línea de servicio complementaria,Europa,2,Europe,Ukraine,UKR,92
ScaleupConsultingAustralia,https://scaleupconsulting.com.au/,"Sydney, Australia","$1,000+",$25 - $49 / hr,10 - 49,10%,Sydney,,Australia,Informado,Informado,49,10 - 49,Empresa pequeña ,SMB,AI Service residual,Empresa diversificada cuya participación de IA es limitada o residual,Oceanía,2,Oceania,Australia,AUS,96
iLeafSolutionsPvt.Ltd.,http://ileafsolutions.com,"Kochi, India","$5,000+",< $25 / hr,50 - 249,10%,Kochi,,India,Informado,Informado,249,50 - 249,Empresa mediana/ SME,SMB,AI Service residual,Empresa diversificada cuya participación de IA es limitada o residual,Asia,2,Asia,India,IND,441
Ideas2ITTechnologies,https://www.ideas2it.com/,"Dallas, TX","$50,000+",$25 - $49 / hr,250 - 999,20%,Dallas,TX,USA,Informado,Informado,999,250 - 999,Empresa grande/fuera SME,Mid-market,AI Service complementary, Empresa diversificada que ofrece IA como una línea de servicio complementaria,América del Norte,2,North America,USA,USA,917
FreshLimeSoft,http://freshlimesoft.com/,"Batumi, Georgia","$5,000+",$25 - $49 / hr,50 - 249,10%,Batumi,,Georgia,Informado,Informado,249,50 - 249,Empresa mediana/ SME,SMB,AI Service residual,Empresa diversificada cuya participación de IA es limitada o residual,Europa,2,Europe,Georgia,GEO,4
SaviantConsulting,http://www.saviantconsulting.com,"Pune, India",Undisclosed,Undisclosed,50 - 249,15%,Pune,,India,No informado,No informado,249,50 - 249,Empresa mediana/ SME,SMB,AI Service residual,Empresa diversificada cuya participación de IA es limitada o residual,Asia,0,Asia,India,IND,441
Dysnix,https://dysnix.com/,"Tallinn, Estonia","$5,000+",$50 - $99 / hr,10 - 49,10%,Tallinn,,Estonia,Informado,Informado,49,10 - 49,Empresa pequeña ,SMB,AI Service residual,Empresa diversificada cuya participación de IA es limitada o residual,Europa,2,Europe,Estonia,EST,17
ArtLabs,https://www.artlabs.tech,"Los Angeles, CA","$5,000+",$50 - $99 / hr,10 - 49,70%,Los Angeles,CA,USA,Informado,Informado,49,10 - 49,Empresa pequeña ,SMB,AI Focus principal,Empresa que su negocio principal gira en torno a servicios AI,América del Norte,2,North America,USA,USA,917
Arcalea,https://arcalea.com/,"Chicago, IL","$10,000+",$150 - $199 / hr,10 - 49,15%,Chicago,IL,USA,Informado,Informado,49,10 - 49,Empresa pequeña ,SMB,AI Service residual,Empresa diversificada cuya participación de IA es limitada o residual,América del Norte,2,North America,USA,USA,917
INMEDIATUM,https://inmediatum.com/,"Guadalajara, Mexico","$50,000+",$50 - $99 / hr,50 - 249,10%,Guadalajara,,Mexico,Informado,Informado,249,50 - 249,Empresa mediana/ SME,SMB,AI Service residual,Empresa diversificada cuya participación de IA es limitada o residual,América del Norte,2,North America,Mexico,MEX,31
BeyondtheArc,http://beyondthearc.com,"Berkeley, CA","$10,000+",$200 - $300 / hr,10 - 49,20%,Berkeley,CA,USA,Informado,Informado,49,10 - 49,Empresa pequeña ,SMB,AI Service complementary, Empresa diversificada que ofrece IA como una línea de servicio complementaria,América del Norte,2,North America,USA,USA,917
xBerryRemoteR&DDepartment,https://xberry.tech/,"Wrocław, Poland","$5,000+",$50 - $99 / hr,50 - 249,25%,Wrocław,,Poland,Informado,Informado,249,50 - 249,Empresa mediana/ SME,SMB,AI Service complementary, Empresa diversificada que ofrece IA como una línea de servicio complementaria,Europa,2,Europe,Poland,POL,147
TeksunInc,https://teksun.com,"Ahmedabad, India","$10,000+",$25 - $49 / hr,250 - 999,30%,Ahmedabad,,India,Informado,Informado,999,250 - 999,Empresa grande/fuera SME,Mid-market,AI Service complementary, Empresa diversificada que ofrece IA como una línea de servicio complementaria,Asia,2,Asia,India,IND,441
PegasusOne,https://www.pegasusone.com/,"Fullerton, CA","$10,000+",$25 - $49 / hr,50 - 249,13%,Fullerton,CA,USA,Informado,Informado,249,50 - 249,Empresa mediana/ SME,SMB,AI Service residual,Empresa diversificada cuya participación de IA es limitada o residual,América del Norte,2,North America,USA,USA,917
YND,https://ynd.co/,"Berlin, Germany","$100,000+",$100 - $149 / hr,50 - 249,10%,Berlin,,Germany,Informado,Informado,249,50 - 249,Empresa mediana/ SME,SMB,AI Service residual,Empresa diversificada cuya participación de IA es limitada o residual,Europa,2,Europe,Germany,DEU,47
Venturenox,https://venturenox.com,"Lahore, Pakistan","$50,000+",$25 - $49 / hr,10 - 49,10%,Lahore,,Pakistan,Informado,Informado,49,10 - 49,Empresa pequeña ,SMB,AI Service residual,Empresa diversificada cuya participación de IA es limitada o residual,Asia,2,Asia,Pakistan,PAK,61
IDATHA,http://idatha.com/,"Medellín, Colombia",Undisclosed,$50 - $99 / hr,10 - 49,100%,Medellín,,Colombia,No informado,Informado,49,10 - 49,Empresa pequeña ,SMB,AI Focus principal,Empresa que su negocio principal gira en torno a servicios AI,América del Sur,1,South America,Colombia,COL,43
CodeWave,https://codewave.eu,"Wrocław, Poland","$10,000+",$50 - $99 / hr,10 - 49,10%,Wrocław,,Poland,Informado,Informado,49,10 - 49,Empresa pequeña ,SMB,AI Service residual,Empresa diversificada cuya participación de IA es limitada o residual,Europa,2,Europe,Poland,POL,147
FusionInformatics,https://www.fusioninformatics.com/,"Ahmedabad, India","$10,000+",$25 - $49 / hr,50 - 249,20%,Ahmedabad,,India,Informado,Informado,249,50 - 249,Empresa mediana/ SME,SMB,AI Service complementary, Empresa diversificada que ofrece IA como una línea de servicio complementaria,Asia,2,Asia,India,IND,441
Agiliway,https://agiliway.com/,"Austin, TX","$50,000+",$25 - $49 / hr,50 - 249,10%,Austin,TX,USA,Informado,Informado,249,50 - 249,Empresa mediana/ SME,SMB,AI Service residual,Empresa diversificada cuya participación de IA es limitada o residual,América del Norte,2,North America,USA,USA,917
IconicSolutions,http://www.iconic-solutions.com,"Raleigh, NC","$25,000+",$100 - $149 / hr,10 - 49,15%,Raleigh,NC,USA,Informado,Informado,49,10 - 49,Empresa pequeña ,SMB,AI Service residual,Empresa diversificada cuya participación de IA es limitada o residual,América del Norte,2,North America,USA,USA,917
CBOT,http://www.cbot.ai,"Istanbul, Turkey",Undisclosed,Undisclosed,10 - 49,100%,Istanbul,,Turkey,No informado,No informado,49,10 - 49,Empresa pequeña ,SMB,AI Focus principal,Empresa que su negocio principal gira en torno a servicios AI,Asia,0,Asia,Turkey,TUR,18
DataScienceUA,https://data-science-ua.com/,"Kyiv, Ukraine","$10,000+",$25 - $49 / hr,10 - 49,70%,Kyiv,,Ukraine,Informado,Informado,49,10 - 49,Empresa pequeña ,SMB,AI Focus principal,Empresa que su negocio principal gira en torno a servicios AI,Europa,2,Europe,Ukraine,UKR,92
MIMSolutions,https://www.mim-solutions.ai/,"Warsaw, Poland","$10,000+",$50 - $99 / hr,10 - 49,60%,Warsaw,,Poland,Informado,Informado,49,10 - 49,Empresa pequeña ,SMB,AI Focus,"Empresa con especialización destacada en IA, representa más de la mitad de su actividad",Europa,2,Europe,Poland,POL,147
Synetec,https://synetec.co.uk/contact-us/,"London, United Kingdom","$25,000+",$150 - $199 / hr,10 - 49,15%,London,,United Kingdom,Informado,Informado,49,10 - 49,Empresa pequeña ,SMB,AI Service residual,Empresa diversificada cuya participación de IA es limitada o residual,Europa,2,Europe,United Kingdom,GBR,304
ZESIUM,http://zesium.com/,"Novi Sad, Serbia","$50,000+",$25 - $49 / hr,50 - 249,10%,Novi Sad,,Serbia,Informado,Informado,249,50 - 249,Empresa mediana/ SME,SMB,AI Service residual,Empresa diversificada cuya participación de IA es limitada o residual,Europa,2,Europe,Serbia,SRB,13
LeewayHertz,https://www.leewayhertz.com/,"San Francisco, CA","$10,000+",$50 - $99 / hr,50 - 249,15%,San Francisco,CA,USA,Informado,Informado,249,50 - 249,Empresa mediana/ SME,SMB,AI Service residual,Empresa diversificada cuya participación de IA es limitada o residual,América del Norte,2,North America,USA,USA,917
Preste,http://www.preste.ai,"Kyiv, Ukraine","$10,000+",$50 - $99 / hr,2 - 9,80%,Kyiv,,Ukraine,Informado,Informado,9,2 - 9,Micro Empresa,SMB,AI Focus principal,Empresa que su negocio principal gira en torno a servicios AI,Europa,2,Europe,Ukraine,UKR,92
iSolveTechnologiesEuropeB.V.,https://isolve.global/,"رأس الخيمة, United Arab Emirates","$25,000+",$25 - $49 / hr,250 - 999,10%,رأس الخيمة,,United Arab Emirates,Informado,Informado,999,250 - 999,Empresa grande/fuera SME,Mid-market,AI Service residual,Empresa diversificada cuya participación de IA es limitada o residual,Oriente Medio,2,Middle East,United Arab Emirates,ARE,39
PirxonSA-RPAandHyperAutomationdevelopers-Microsoft&UiPath,https://www.pirxon.com,"Gdańsk, Poland","$5,000+",$50 - $99 / hr,10 - 49,30%,Gdańsk,,Poland,Informado,Informado,49,10 - 49,Empresa pequeña ,SMB,AI Service complementary, Empresa diversificada que ofrece IA como una línea de servicio complementaria,Europa,2,Europe,Poland,POL,147
"Rapidops,Inc.",https://www.rapidops.com/,"Charlotte, NC","$100,000+",$50 - $99 / hr,50 - 249,10%,Charlotte,NC,USA,Informado,Informado,249,50 - 249,Empresa mediana/ SME,SMB,AI Service residual,Empresa diversificada cuya participación de IA es limitada o residual,América del Norte,2,North America,USA,USA,917
InisoftLtd.,http://inisoft.com/,"Glasgow, United Kingdom",Undisclosed,Undisclosed,10 - 49,50%,Glasgow,,United Kingdom,No informado,No informado,49,10 - 49,Empresa pequeña ,SMB,AI Focus,"Empresa con especialización destacada en IA, representa más de la mitad de su actividad",Europa,0,Europe,United Kingdom,GBR,304
CognitiveGeology,https://www.cognitivegeology.com,"Edinburgh, United Kingdom",Undisclosed,Undisclosed,10 - 49,50%,Edinburgh,,United Kingdom,No informado,No informado,49,10 - 49,Empresa pequeña ,SMB,AI Focus,"Empresa con especialización destacada en IA, representa más de la mitad de su actividad",Europa,0,Europe,United Kingdom,GBR,304
YakaraLtd,http://www.yakara.com/,"Edinburgh, United Kingdom",Undisclosed,Undisclosed,10 - 49,50%,Edinburgh,,United Kingdom,No informado,No informado,49,10 - 49,Empresa pequeña ,SMB,AI Focus,"Empresa con especialización destacada en IA, representa más de la mitad de su actividad",Europa,0,Europe,United Kingdom,GBR,304
"SequiumAssetSolutions,LLC",http://www.sequium.com/,"Marietta, GA",Undisclosed,Undisclosed,10 - 49,50%,Marietta,GA,USA,No informado,No informado,49,10 - 49,Empresa pequeña ,SMB,AI Focus,"Empresa con especialización destacada en IA, representa más de la mitad de su actividad",América del Norte,0,North America,USA,USA,917
AVORA,https://avora.com/,"London, United Kingdom",Undisclosed,Undisclosed,10 - 49,50%,London,,United Kingdom,No informado,No informado,49,10 - 49,Empresa pequeña ,SMB,AI Focus,"Empresa con especialización destacada en IA, representa más de la mitad de su actividad",Europa,0,Europe,United Kingdom,GBR,304
Hertzian,http://www.hertzian.co.uk/,"Truro, United Kingdom",Undisclosed,Undisclosed,10 - 49,50%,Truro,,United Kingdom,No informado,No informado,49,10 - 49,Empresa pequeña ,SMB,AI Focus,"Empresa con especialización destacada en IA, representa más de la mitad de su actividad",Europa,0,Europe,United Kingdom,GBR,304
Cognitiv+,http://www.cognitivplus.com/,"London, United Kingdom",Undisclosed,Undisclosed,10 - 49,50%,London,,United Kingdom,No informado,No informado,49,10 - 49,Empresa pequeña ,SMB,AI Focus,"Empresa con especialización destacada en IA, representa más de la mitad de su actividad",Europa,0,Europe,United Kingdom,GBR,304
VisionX,https://visionx.io/,"Islamabad, Pakistan",Undisclosed,Undisclosed,10 - 49,50%,Islamabad,,Pakistan,No informado,No informado,49,10 - 49,Empresa pequeña ,SMB,AI Focus,"Empresa con especialización destacada en IA, representa más de la mitad de su actividad",Asia,0,Asia,Pakistan,PAK,61
Cognistx,https://www.cognistx.com/,"Winston-Salem, NC",Undisclosed,Undisclosed,10 - 49,50%,Winston-Salem,NC,USA,No informado,No informado,49,10 - 49,Empresa pequeña ,SMB,AI Focus,"Empresa con especialización destacada en IA, representa más de la mitad de su actividad",América del Norte,0,North America,USA,USA,917
CenturysoftPrivateLimited,https://www.centurysoft.com/,"Pune, India","$1,000+",$50 - $99 / hr,50 - 249,40%,Pune,,India,Informado,Informado,249,50 - 249,Empresa mediana/ SME,SMB,AI Service complementary, Empresa diversificada que ofrece IA como una línea de servicio complementaria,Asia,2,Asia,India,IND,441
SFLScientific,http://sflscientific.com,"Quincy, MA","$25,000+",$300+ / hr,50 - 249,40%,Quincy,MA,USA,Informado,Informado,249,50 - 249,Empresa mediana/ SME,SMB,AI Service complementary, Empresa diversificada que ofrece IA como una línea de servicio complementaria,América del Norte,2,North America,USA,USA,917
AbsolutdataAnalytics,https://www.absolutdata.com/,"Alameda, CA","$10,000+",$100 - $149 / hr,250 - 999,25%,Alameda,CA,USA,Informado,Informado,999,250 - 999,Empresa grande/fuera SME,Mid-market,AI Service complementary, Empresa diversificada que ofrece IA como una línea de servicio complementaria,América del Norte,2,North America,USA,USA,917
PureCodeSoftware,https://purecodesoftware.com,"Austin, TX",Undisclosed,Undisclosed,10 - 49,100%,Austin,TX,USA,No informado,No informado,49,10 - 49,Empresa pequeña ,SMB,AI Focus principal,Empresa que su negocio principal gira en torno a servicios AI,América del Norte,0,North America,USA,USA,917
WowAI,https://wow-ai.com/,"New York, NY",Undisclosed,Undisclosed,10 - 49,100%,New York,NY,USA,No informado,No informado,49,10 - 49,Empresa pequeña ,SMB,AI Focus principal,Empresa que su negocio principal gira en torno a servicios AI,América del Norte,0,North America,USA,USA,917
MightyByte,http://mightybyte.us/,"San Diego, CA","$50,000+",$100 - $149 / hr,2 - 9,10%,San Diego,CA,USA,Informado,Informado,9,2 - 9,Micro Empresa,SMB,AI Service residual,Empresa diversificada cuya participación de IA es limitada o residual,América del Norte,2,North America,USA,USA,917
VeracityAI,https://veracityai.com/en/,"Colombo, Sri Lanka","$25,000+",$200 - $300 / hr,10 - 49,50%,Colombo,,Sri Lanka,Informado,Informado,49,10 - 49,Empresa pequeña ,SMB,AI Focus,"Empresa con especialización destacada en IA, representa más de la mitad de su actividad",Asia,2,Asia,Sri Lanka,LKA,15
PrediklyLLC,http://www.predikly.com,"Cupertino, California, Estados Unidos","$25,000+",$50 - $99 / hr,50 - 249,40%,Cupertino,California,USA,Informado,Informado,249,50 - 249,Empresa mediana/ SME,SMB,AI Service complementary, Empresa diversificada que ofrece IA como una línea de servicio complementaria,América del Norte,2,North America,USA,USA,917
ApexAmerica,https://www.apexamerica.com/,"Córdoba, Argentina","$10,000+",$150 - $199 / hr,"1,000 - 9,999",20%,Córdoba,,Argentina,Informado,Informado,9999,1000 - 9999,Empresa grande /fuera SM,Enterprise,AI Service complementary, Empresa diversificada que ofrece IA como una línea de servicio complementaria,América del Sur,2,South America,Argentina,ARG,29
Ripjar,https://ripjar.com/,"Gloucestershire, United Kingdom",Undisclosed,Undisclosed,50 - 249,40%,Gloucestershire,,United Kingdom,No informado,No informado,249,50 - 249,Empresa mediana/ SME,SMB,AI Service complementary, Empresa diversificada que ofrece IA como una línea de servicio complementaria,Europa,0,Europe,United Kingdom,GBR,304
10xDS-ExponentialDigitalSolutions,https://www.10xds.com/,"Abu Dhabi, United Arab Emirates",Undisclosed,Undisclosed,50 - 249,40%,Abu Dhabi,,United Arab Emirates,No informado,No informado,249,50 - 249,Empresa mediana/ SME,SMB,AI Service complementary, Empresa diversificada que ofrece IA como una línea de servicio complementaria,Oriente Medio,0,Middle East,United Arab Emirates,ARE,39
Appknock,https://appknock.co/,"New york, NY","$10,000+",$25 - $49 / hr,50 - 249,40%,New york,NY,USA,Informado,Informado,249,50 - 249,Empresa mediana/ SME,SMB,AI Service complementary, Empresa diversificada que ofrece IA como una línea de servicio complementaria,América del Norte,2,North America,USA,USA,917
MiaozhenSystemsBeijing,https://www.miaozhen.com/,"Beijing, China",Undisclosed,Undisclosed,250 - 999,25%,Beijing,,China,No informado,No informado,999,250 - 999,Empresa grande/fuera SME,Mid-market,AI Service complementary, Empresa diversificada que ofrece IA como una línea de servicio complementaria,Asia,0,Asia,China,China,87
Neurobotx,https://neurobotx.co/computer-vision-services/,"Faisalabad, Pakistan","$1,000+",$50 - $99 / hr,10 - 49,70%,Faisalabad,,Pakistan,Informado,Informado,49,10 - 49,Empresa pequeña ,SMB,AI Focus principal,Empresa que su negocio principal gira en torno a servicios AI,Asia,2,Asia,Pakistan,PAK,61
BrandPDQ,https://www.brandpdq.com,"Florence, AL",Undisclosed,Undisclosed,10 - 49,50%,Florence,AL,USA,No informado,No informado,49,10 - 49,Empresa pequeña ,SMB,AI Focus,"Empresa con especialización destacada en IA, representa más de la mitad de su actividad",América del Norte,0,North America,USA,USA,917
CohesionMedical,http://www.cohesionmedical.com/,"Glasgow, United Kingdom",Undisclosed,Undisclosed,10 - 49,50%,Glasgow,,United Kingdom,No informado,No informado,49,10 - 49,Empresa pequeña ,SMB,AI Focus,"Empresa con especialización destacada en IA, representa más de la mitad de su actividad",Europa,0,Europe,United Kingdom,GBR,304
Blackbook.ai,http://blackbook.ai/ai.html,"South Brisbane, Australia",Undisclosed,Undisclosed,10 - 49,50%,South Brisbane,,Australia,No informado,No informado,49,10 - 49,Empresa pequeña ,SMB,AI Focus,"Empresa con especialización destacada en IA, representa más de la mitad de su actividad",Oceanía,0,Oceania,Australia,AUS,96
AiCare,https://aicare.co,"San Jose, CA",Undisclosed,Undisclosed,10 - 49,50%,San Jose,CA,USA,No informado,No informado,49,10 - 49,Empresa pequeña ,SMB,AI Focus,"Empresa con especialización destacada en IA, representa más de la mitad de su actividad",América del Norte,0,North America,USA,USA,917
LogicAI,http://logicai.io,"Warszawa, Poland","$10,000+",$50 - $99 / hr,10 - 49,50%,Warszawa,,Poland,Informado,Informado,49,10 - 49,Empresa pequeña ,SMB,AI Focus,"Empresa con especialización destacada en IA, representa más de la mitad de su actividad",Europa,2,Europe,Poland,POL,147
SiOHub,https://siohub.com/,"San Diego, CA",Undisclosed,Undisclosed,10 - 49,50%,San Diego,CA,USA,No informado,No informado,49,10 - 49,Empresa pequeña ,SMB,AI Focus,"Empresa con especialización destacada en IA, representa más de la mitad de su actividad",América del Norte,0,North America,USA,USA,917
PLMLogix,http://www.plmlogix.com/,"Saratoga, CA",Undisclosed,Undisclosed,10 - 49,50%,Saratoga,CA,USA,No informado,No informado,49,10 - 49,Empresa pequeña ,SMB,AI Focus,"Empresa con especialización destacada en IA, representa más de la mitad de su actividad",América del Norte,0,North America,USA,USA,917
Nfinity,https://nfinityllc.com/,"Fairfax, VA",Undisclosed,Undisclosed,10 - 49,50%,Fairfax,VA,USA,No informado,No informado,49,10 - 49,Empresa pequeña ,SMB,AI Focus,"Empresa con especialización destacada en IA, representa más de la mitad de su actividad",América del Norte,0,North America,USA,USA,917
2ndOrderSolutions,https://2os.com/,"Glen Allen, VA",Undisclosed,Undisclosed,10 - 49,50%,Glen Allen,VA,USA,No informado,No informado,49,10 - 49,Empresa pequeña ,SMB,AI Focus,"Empresa con especialización destacada en IA, representa más de la mitad de su actividad",América del Norte,0,North America,USA,USA,917
EMERGEiQ,http://www.emergeiq.com,"London, United Kingdom","$25,000+",Undisclosed,10 - 49,50%,London,,United Kingdom,Informado,No informado,49,10 - 49,Empresa pequeña ,SMB,AI Focus,"Empresa con especialización destacada en IA, representa más de la mitad de su actividad",Europa,1,Europe,United Kingdom,GBR,304
HappyMongo,https://happymongo.com/,"Bengaluru, India","$1,000+",$25 - $49 / hr,10 - 49,50%,Bengaluru,,India,Informado,Informado,49,10 - 49,Empresa pequeña ,SMB,AI Focus,"Empresa con especialización destacada en IA, representa más de la mitad de su actividad",Asia,2,Asia,India,IND,441
NeurondAI,https://neurond.com/,"Da Nang, Vietnam",Undisclosed,$25 - $49 / hr,10 - 49,50%,Da Nang,,Vietnam,No informado,Informado,49,10 - 49,Empresa pequeña ,SMB,AI Focus,"Empresa con especialización destacada en IA, representa más de la mitad de su actividad",Asia,1,Asia,Vietnam,VNM,29
DataMooAI,https://datamoo.ai/,"Chennai, India","$5,000+",$25 - $49 / hr,2 - 9,75%,Chennai,,India,Informado,Informado,9,2 - 9,Micro Empresa,SMB,AI Focus principal,Empresa que su negocio principal gira en torno a servicios AI,Asia,2,Asia,India,IND,441
Tezeract,https://tezeract.ai/,"Karachi, Pakistan","$1,000+",$25 - $49 / hr,10 - 49,60%,Karachi,,Pakistan,Informado,Informado,49,10 - 49,Empresa pequeña ,SMB,AI Focus,"Empresa con especialización destacada en IA, representa más de la mitad de su actividad",Asia,2,Asia,Pakistan,PAK,61
"NewWaveTelecom&Technologies,Inc.",https://newwave.io/,"Elkridge, MD",Undisclosed,Undisclosed,250 - 999,25%,Elkridge,MD,USA,No informado,No informado,999,250 - 999,Empresa grande/fuera SME,Mid-market,AI Service complementary, Empresa diversificada que ofrece IA como una línea de servicio complementaria,América del Norte,0,North America,USA,USA,917
EnpactoTechnologies,https://www.enpacto.tech,"Ahmedabad, India","$1,000+",$25 - $49 / hr,2 - 9,60%,Ahmedabad,,India,Informado,Informado,9,2 - 9,Micro Empresa,SMB,AI Focus,"Empresa con especialización destacada en IA, representa más de la mitad de su actividad",Asia,2,Asia,India,IND,441
Dixtior,http://www.dixtior.com,"Lisboa, Portugal","$5,000+",$50 - $99 / hr,50 - 249,40%,Lisboa,,Portugal,Informado,Informado,249,50 - 249,Empresa mediana/ SME,SMB,AI Service complementary, Empresa diversificada que ofrece IA como una línea de servicio complementaria,Europa,2,Europe,Portugal,PRT,9
CSIRO,https://www.csiro.au,"Canberra, Australia",Undisclosed,Undisclosed,2 - 9,50%,Canberra,,Australia,No informado,No informado,9,2 - 9,Micro Empresa,SMB,AI Focus,"Empresa con especialización destacada en IA, representa más de la mitad de su actividad",Oceanía,0,Oceania,Australia,AUS,96
Extensya,https://www.extensya.com/,"Amman, Jordan",Undisclosed,Undisclosed,"1,000 - 9,999",20%,Amman,,Jordan,No informado,No informado,9999,1000 - 9999,Empresa grande /fuera SM,Enterprise,AI Service complementary, Empresa diversificada que ofrece IA como una línea de servicio complementaria,Oriente Medio,0,Middle East,Jordan,JOR,2
EscalateAILtd,https://escalateai.com,"London, United Kingdom","$5,000+",$25 - $49 / hr,10 - 49,50%,London,,United Kingdom,Informado,Informado,49,10 - 49,Empresa pequeña ,SMB,AI Focus,"Empresa con especialización destacada en IA, representa más de la mitad de su actividad",Europa,2,Europe,United Kingdom,GBR,304
GO-SHARP,http://www.go-sharp.com,"Ciudad de México, Mexico","$5,000+",Undisclosed,10 - 49,70%,Ciudad de México,,Mexico,Informado,No informado,49,10 - 49,Empresa pequeña ,SMB,AI Focus principal,Empresa que su negocio principal gira en torno a servicios AI,América del Norte,1,North America,Mexico,MEX,31
MoonshotVentures,http://www.moonshot-ventures.biz,"Lisboa, Portugal","$25,000+",$100 - $149 / hr,2 - 9,80%,Lisboa,,Portugal,Informado,Informado,9,2 - 9,Micro Empresa,SMB,AI Focus principal,Empresa que su negocio principal gira en torno a servicios AI,Europa,2,Europe,Portugal,PRT,9
FocusBots,http://www.botsareboring.com,"Ancona, Italy","$5,000+",$50 - $99 / hr,2 - 9,70%,Ancona,,Italy,Informado,Informado,9,2 - 9,Micro Empresa,SMB,AI Focus principal,Empresa que su negocio principal gira en torno a servicios AI,Europa,2,Europe,Italy,ITA,18
DataForceGroup,https://dataforce.com.ai,"Warszawa, Poland","$10,000+",$50 - $99 / hr,10 - 49,60%,Warszawa,,Poland,Informado,Informado,49,10 - 49,Empresa pequeña ,SMB,AI Focus,"Empresa con especialización destacada en IA, representa más de la mitad de su actividad",Europa,2,Europe,Poland,POL,147
LET'SDATA,https://www.letsdata.net,"Lviv, Ukraine","$5,000+",$50 - $99 / hr,10 - 49,60%,Lviv,,Ukraine,Informado,Informado,49,10 - 49,Empresa pequeña ,SMB,AI Focus,"Empresa con especialización destacada en IA, representa más de la mitad de su actividad",Europa,2,Europe,Ukraine,UKR,92
Hyena,https://www.hyena.ai/,"Hyderabad, India",Undisclosed,Undisclosed,"1,000 - 9,999",25%,Hyderabad,,India,No informado,No informado,9999,1000 - 9999,Empresa grande /fuera SM,Enterprise,AI Service complementary, Empresa diversificada que ofrece IA como una línea de servicio complementaria,Asia,0,Asia,India,IND,441
TheInsights,https://www.theinsights.co.in/,"Delhi, India","$5,000+",$50 - $99 / hr,50 - 249,100%,Delhi,,India,Informado,Informado,249,50 - 249,Empresa mediana/ SME,SMB,AI Focus principal,Empresa que su negocio principal gira en torno a servicios AI,Asia,2,Asia,India,IND,441
Mindzilla,https://mindzilla.com/,"London, United Kingdom",Undisclosed,Undisclosed,2 - 9,50%,London,,United Kingdom,No informado,No informado,9,2 - 9,Micro Empresa,SMB,AI Focus,"Empresa con especialización destacada en IA, representa más de la mitad de su actividad",Europa,0,Europe,United Kingdom,GBR,304
ChronoBank,https://chronobank.io/,"Woolloomooloo, Australia",Undisclosed,Undisclosed,2 - 9,50%,Woolloomooloo,,Australia,No informado,No informado,9,2 - 9,Micro Empresa,SMB,AI Focus,"Empresa con especialización destacada en IA, representa más de la mitad de su actividad",Oceanía,0,Oceania,Australia,AUS,96
PreludeSys,https://www.preludesys.com,"Irvine, CA","$5,000+",$100 - $149 / hr,250 - 999,25%,Irvine,CA,USA,Informado,Informado,999,250 - 999,Empresa grande/fuera SME,Mid-market,AI Service complementary, Empresa diversificada que ofrece IA como una línea de servicio complementaria,América del Norte,2,North America,USA,USA,917
TopnetworkS.p.A.,https://www.topnetwork.it/,"Roma, Italy",Undisclosed,Undisclosed,250 - 999,25%,Roma,,Italy,No informado,No informado,999,250 - 999,Empresa grande/fuera SME,Mid-market,AI Service complementary, Empresa diversificada que ofrece IA como una línea de servicio complementaria,Europa,0,Europe,Italy,ITA,18
deqod,https://www.deqod.com,"București, Romania","$10,000+",$50 - $99 / hr,10 - 49,70%,București,,Romania,Informado,Informado,49,10 - 49,Empresa pequeña ,SMB,AI Focus principal,Empresa que su negocio principal gira en torno a servicios AI,Europa,2,Europe,Romania,ROU,27
IntelligenceAuthentic,http://intelauthentic.com,"Des Plaines, IL",Undisclosed,$300+ / hr,2 - 9,75%,Des Plaines,IL,USA,No informado,Informado,9,2 - 9,Micro Empresa,SMB,AI Focus principal,Empresa que su negocio principal gira en torno a servicios AI,América del Norte,1,North America,USA,USA,917
Robotia,https://robotia.cl/,"Santiago, Chile","$5,000+",$25 - $49 / hr,2 - 9,100%,Santiago,,Chile,Informado,Informado,9,2 - 9,Micro Empresa,SMB,AI Focus principal,Empresa que su negocio principal gira en torno a servicios AI,América del Sur,2,South America,Chile,CHL,13
Diego.ai,https://www.diego.ai/,"Mexico City, Mexico","$5,000+",$25 - $49 / hr,2 - 9,100%,Mexico City,,Mexico,Informado,Informado,9,2 - 9,Micro Empresa,SMB,AI Focus principal,Empresa que su negocio principal gira en torno a servicios AI,América del Norte,2,North America,Mexico,MEX,31
LynetteTechnologies,https://www.lynetteai.com,"Gurugram, India","$1,000+",$25 - $49 / hr,2 - 9,100%,Gurugram,,India,Informado,Informado,9,2 - 9,Micro Empresa,SMB,AI Focus principal,Empresa que su negocio principal gira en torno a servicios AI,Asia,2,Asia,India,IND,441
WorkingKnowledgeLLC,http://workingknowledge.ai,"Boston, MA",Undisclosed,Undisclosed,2 - 9,100%,Boston,MA,USA,No informado,No informado,9,2 - 9,Micro Empresa,SMB,AI Focus principal,Empresa que su negocio principal gira en torno a servicios AI,América del Norte,0,North America,USA,USA,917
MaryBot,http://marybot.agency,"Lviv, Ukraine","$5,000+",$25 - $49 / hr,2 - 9,100%,Lviv,,Ukraine,Informado,Informado,9,2 - 9,Micro Empresa,SMB,AI Focus principal,Empresa que su negocio principal gira en torno a servicios AI,Europa,2,Europe,Ukraine,UKR,92
Widelogics,http://widelogics.com,"Kyiv, Ukraine","$1,000+",$25 - $49 / hr,10 - 49,70%,Kyiv,,Ukraine,Informado,Informado,49,10 - 49,Empresa pequeña ,SMB,AI Focus principal,Empresa que su negocio principal gira en torno a servicios AI,Europa,2,Europe,Ukraine,UKR,92
Metrica,https://www.metrica.com.au/,"Milton, Australia",Undisclosed,Undisclosed,10 - 49,100%,Milton,,Australia,No informado,No informado,49,10 - 49,Empresa pequeña ,SMB,AI Focus principal,Empresa que su negocio principal gira en torno a servicios AI,Oceanía,0,Oceania,Australia,AUS,96
Netlyt,https://netlyt.io/,"Sofia, Bulgaria","$1,000+",$50 - $99 / hr,2 - 9,80%,Sofia,,Bulgaria,Informado,Informado,9,2 - 9,Micro Empresa,SMB,AI Focus principal,Empresa que su negocio principal gira en torno a servicios AI,Europa,2,Europe,Bulgaria,BGR,20
ArusDefence,http://www.arusdefence.com,"Madrid, Spain","$50,000+",$150 - $199 / hr,10 - 49,60%,Madrid,,Spain,Informado,Informado,49,10 - 49,Empresa pequeña ,SMB,AI Focus,"Empresa con especialización destacada en IA, representa más de la mitad de su actividad",Europa,2,Europe,Spain,ESP,29
CentricTechnologiesLTD,https://centric.bg,"Sofia, Bulgaria","$50,000+",Undisclosed,2 - 9,80%,Sofia,,Bulgaria,Informado,No informado,9,2 - 9,Micro Empresa,SMB,AI Focus principal,Empresa que su negocio principal gira en torno a servicios AI,Europa,1,Europe,Bulgaria,BGR,20
BeaconFireSolutionInc.,http://www.beaconfiresolution.com,"East Windsor, NJ",Undisclosed,Undisclosed,2 - 9,100%,East Windsor,NJ,USA,No informado,No informado,9,2 - 9,Micro Empresa,SMB,AI Focus principal,Empresa que su negocio principal gira en torno a servicios AI,América del Norte,0,North America,USA,USA,917
Divergence.ai,https://divergence.ai/,"Addison, TX",Undisclosed,Undisclosed,2 - 9,100%,Addison,TX,USA,No informado,No informado,9,2 - 9,Micro Empresa,SMB,AI Focus principal,Empresa que su negocio principal gira en torno a servicios AI,América del Norte,0,North America,USA,USA,917
concretely.ai,https://www.concretely.ai/,"Round Rock, TX",Undisclosed,Undisclosed,2 - 9,100%,Round Rock,TX,USA,No informado,No informado,9,2 - 9,Micro Empresa,SMB,AI Focus principal,Empresa que su negocio principal gira en torno a servicios AI,América del Norte,0,North America,USA,USA,917
Teranalytics,http://www.teranalytics.com/,"Newton, MA",Undisclosed,Undisclosed,2 - 9,100%,Newton,MA,USA,No informado,No informado,9,2 - 9,Micro Empresa,SMB,AI Focus principal,Empresa que su negocio principal gira en torno a servicios AI,América del Norte,0,North America,USA,USA,917
SensoAISystems,http://sensoai.com,"Vancouver, Canada",Undisclosed,Undisclosed,2 - 9,70%,Vancouver,,Canada,No informado,No informado,9,2 - 9,Micro Empresa,SMB,AI Focus principal,Empresa que su negocio principal gira en torno a servicios AI,América del Norte,0,North America,Canada,CAN,126
NovaceneAI,https://novaceneai.com/,"Ottawa, Canada","$5,000+",$50 - $99 / hr,2 - 9,100%,Ottawa,,Canada,Informado,Informado,9,2 - 9,Micro Empresa,SMB,AI Focus principal,Empresa que su negocio principal gira en torno a servicios AI,América del Norte,2,North America,Canada,CAN,126
Aigenexpert,https://aigenexpert.com,"Hanoi, Vietnam","$10,000+",$50 - $99 / hr,2 - 9,75%,Hanoi,,Vietnam,Informado,Informado,9,2 - 9,Micro Empresa,SMB,AI Focus principal,Empresa que su negocio principal gira en torno a servicios AI,Asia,2,Asia,Vietnam,VNM,29
NALTAnalytics,https://www.naltanalytics.ai/,"Bengaluru, India",Undisclosed,Undisclosed,2 - 9,100%,Bengaluru,,India,No informado,No informado,9,2 - 9,Micro Empresa,SMB,AI Focus principal,Empresa que su negocio principal gira en torno a servicios AI,Asia,0,Asia,India,IND,441
Cortex,http://cortexdl.com,"Chișinău, Moldova","$1,000+",< $25 / hr,2 - 9,80%,Chișinău,,Moldova,Informado,Informado,9,2 - 9,Micro Empresa,SMB,AI Focus principal,Empresa que su negocio principal gira en torno a servicios AI,Europa,2,Europe,Moldova,MDA,2
Xehen,https://xehen.ai/,"Karachi, Pakistan","$5,000+",$50 - $99 / hr,2 - 9,100%,Karachi,,Pakistan,Informado,Informado,9,2 - 9,Micro Empresa,SMB,AI Focus principal,Empresa que su negocio principal gira en torno a servicios AI,Asia,2,Asia,Pakistan,PAK,61
BigBrain,http://bigbrain.pro/,"Kharkiv, Ukraine",Undisclosed,Undisclosed,2 - 9,100%,Kharkiv,,Ukraine,No informado,No informado,9,2 - 9,Micro Empresa,SMB,AI Focus principal,Empresa que su negocio principal gira en torno a servicios AI,Europa,0,Europe,Ukraine,UKR,92
Memorelab,http://www.memorelab.com/,"São Paulo, Brazil","$1,000+",$25 - $49 / hr,2 - 9,70%,São Paulo,,Brazil,Informado,Informado,9,2 - 9,Micro Empresa,SMB,AI Focus principal,Empresa que su negocio principal gira en torno a servicios AI,América del Sur,2,South America,Brazil,BRA,21
Syndicai,https://syndicai.co/,"Warszawa, Poland",Undisclosed,Undisclosed,2 - 9,100%,Warszawa,,Poland,No informado,No informado,9,2 - 9,Micro Empresa,SMB,AI Focus principal,Empresa que su negocio principal gira en torno a servicios AI,Europa,0,Europe,Poland,POL,147
VitruAIConsulting,http://www.vitru.ai,"Irvine, CA","$250,000+",$200 - $300 / hr,10 - 49,70%,Irvine,CA,USA,Informado,Informado,49,10 - 49,Empresa pequeña ,SMB,AI Focus principal,Empresa que su negocio principal gira en torno a servicios AI,América del Norte,2,North America,USA,USA,917
Daten&Wissen,https://datenwissen.com/,"Mira Bhayandar, India","$10,000+",$25 - $49 / hr,10 - 49,100%,Mira Bhayandar,,India,Informado,Informado,49,10 - 49,Empresa pequeña ,SMB,AI Focus principal,Empresa que su negocio principal gira en torno a servicios AI,Asia,2,Asia,India,IND,441
"Attri-AnOpenAIPlatform,Services&SolutionsProvider",https://www.attri.ai/,"Dallas, TX","$5,000+",$150 - $199 / hr,2 - 9,70%,Dallas,TX,USA,Informado,Informado,9,2 - 9,Micro Empresa,SMB,AI Focus principal,Empresa que su negocio principal gira en torno a servicios AI,América del Norte,2,North America,USA,USA,917
Chatveda,https://chatveda.com/,"Thrissur, India","$1,000+",$25 - $49 / hr,2 - 9,100%,Thrissur,,India,Informado,Informado,9,2 - 9,Micro Empresa,SMB,AI Focus principal,Empresa que su negocio principal gira en torno a servicios AI,Asia,2,Asia,India,IND,441
EngenuityAI,https://engenuityai.com/,"Colombo, Sri Lanka","$5,000+",$50 - $99 / hr,10 - 49,90%,Colombo,,Sri Lanka,Informado,Informado,49,10 - 49,Empresa pequeña ,SMB,AI Focus principal,Empresa que su negocio principal gira en torno a servicios AI,Asia,2,Asia,Sri Lanka,LKA,15
"Vision-XEnterpriseManagement,Ltd.",http://www.vxichina.cn,"Shanghai, China","$5,000+",$50 - $99 / hr,"1,000 - 9,999",25%,Shanghai,,China,Informado,Informado,9999,1000 - 9999,Empresa grande /fuera SM,Enterprise,AI Service complementary, Empresa diversificada que ofrece IA como una línea de servicio complementaria,Asia,2,Asia,China,China,87
MiracleStarLtd.,https://miraclestar.info/,"Sofia, Bulgaria","$10,000+",Undisclosed,2 - 9,80%,Sofia,,Bulgaria,Informado,No informado,9,2 - 9,Micro Empresa,SMB,AI Focus principal,Empresa que su negocio principal gira en torno a servicios AI,Europa,1,Europe,Bulgaria,BGR,20
"QinFinanceTechnologyCo.,Ltd.",http://www.qinweigroup.cn/,"Chengdu, China",Undisclosed,Undisclosed,"10,000+",25%,Chengdu,,China,No informado,No informado,10000,10000,Empresa grande /fuera SME,Enterprise,AI Service complementary, Empresa diversificada que ofrece IA como una línea de servicio complementaria,Asia,0,Asia,China,China,87
Valsium,https://www.valsium.com,"Karachi, Pakistan","$10,000+",< $25 / hr,10 - 49,100%,Karachi,,Pakistan,Informado,Informado,49,10 - 49,Empresa pequeña ,SMB,AI Focus principal,Empresa que su negocio principal gira en torno a servicios AI,Asia,2,Asia,Pakistan,PAK,61
Veturai,http://veturai.com/,"Warszawa, Poland",Undisclosed,Undisclosed,2 - 9,75%,Warszawa,,Poland,No informado,No informado,9,2 - 9,Micro Empresa,SMB,AI Focus principal,Empresa que su negocio principal gira en torno a servicios AI,Europa,0,Europe,Poland,POL,147
NanyattDataSolutions,https://www.nanyatt.com/,"Hyderabad, India","$1,000+",< $25 / hr,10 - 49,100%,Hyderabad,,India,Informado,Informado,49,10 - 49,Empresa pequeña ,SMB,AI Focus principal,Empresa que su negocio principal gira en torno a servicios AI,Asia,2,Asia,India,IND,441
SandLogicTechnologies,https://www.sandlogic.com/,"Bengaluru, India","$75,000+",< $25 / hr,50 - 249,100%,Bengaluru,,India,Informado,Informado,249,50 - 249,Empresa mediana/ SME,SMB,AI Focus principal,Empresa que su negocio principal gira en torno a servicios AI,Asia,2,Asia,India,IND,441
AIHeroes,https://aiheroes.io,"Amsterdam, Netherlands","$5,000+",$100 - $149 / hr,10 - 49,80%,Amsterdam,,Netherlands,Informado,Informado,49,10 - 49,Empresa pequeña ,SMB,AI Focus principal,Empresa que su negocio principal gira en torno a servicios AI,Europa,2,Europe,Netherlands,NLD,26
PrediqTank,https://www.prediqtank.com/,"San Diego, CA",Undisclosed,Undisclosed,50 - 249,60%,San Diego,CA,USA,No informado,No informado,249,50 - 249,Empresa mediana/ SME,SMB,AI Focus,"Empresa con especialización destacada en IA, representa más de la mitad de su actividad",América del Norte,0,North America,USA,USA,917
SmartAnswers,https://smartanswers.io/,"Pleasanton, CA","$5,000+",Undisclosed,10 - 49,100%,Pleasanton,CA,USA,Informado,No informado,49,10 - 49,Empresa pequeña ,SMB,AI Focus principal,Empresa que su negocio principal gira en torno a servicios AI,América del Norte,1,North America,USA,USA,917
SerendipityAI,https://serendipityai.com,"London, United Kingdom","$10,000+",$100 - $149 / hr,10 - 49,100%,London,,United Kingdom,Informado,Informado,49,10 - 49,Empresa pequeña ,SMB,AI Focus principal,Empresa que su negocio principal gira en torno a servicios AI,Europa,2,Europe,United Kingdom,GBR,304
"Aimpro""Project4Good""",http://aimpro.info,"Central, Hong Kong",Undisclosed,$300+ / hr,10 - 49,100%,Central,,Hong Kong,No informado,Informado,49,10 - 49,Empresa pequeña ,SMB,AI Focus principal,Empresa que su negocio principal gira en torno a servicios AI,Asia,1,Asia,Hong Kong,HKG,12
ZummitAfrica,https://zummitafrica.com,"Newark, DE","$10,000+",$25 - $49 / hr,50 - 249,90%,Newark,DE,USA,Informado,Informado,249,50 - 249,Empresa mediana/ SME,SMB,AI Focus principal,Empresa que su negocio principal gira en torno a servicios AI,América del Norte,2,North America,USA,USA,917
SydneyAI,https://www.sydneyai.com,"Sydney, Australia","$50,000+",$300+ / hr,2 - 9,70%,Sydney,,Australia,Informado,Informado,9,2 - 9,Micro Empresa,SMB,AI Focus principal,Empresa que su negocio principal gira en torno a servicios AI,Oceanía,2,Oceania,Australia,AUS,96
ParetoAI,https://pareto.si/,"Ljubljana, Slovenia","$50,000+",$50 - $99 / hr,2 - 9,70%,Ljubljana,,Slovenia,Informado,Informado,9,2 - 9,Micro Empresa,SMB,AI Focus principal,Empresa que su negocio principal gira en torno a servicios AI,Europa,2,Europe,Slovenia,SVN,1
JatorsLLC,https://jators.com/,"Los Angeles, CA","$5,000+",$100 - $149 / hr,10 - 49,70%,Los Angeles,CA,USA,Informado,Informado,49,10 - 49,Empresa pequeña ,SMB,AI Focus principal,Empresa que su negocio principal gira en torno a servicios AI,América del Norte,2,North America,USA,USA,917
Semantrum,https://expo.semantrum.net/,"Kyiv, Ukraine",Undisclosed,Undisclosed,10 - 49,45%,Kyiv,,Ukraine,No informado,No informado,49,10 - 49,Empresa pequeña ,SMB,AI Service complementary, Empresa diversificada que ofrece IA como una línea de servicio complementaria,Europa,0,Europe,Ukraine,UKR,92
Atchai:DataScienceandAppliedAI,https://atchai.com/,"London, United Kingdom","$50,000+",$100 - $149 / hr,2 - 9,50%,London,,United Kingdom,Informado,Informado,9,2 - 9,Micro Empresa,SMB,AI Focus,"Empresa con especialización destacada en IA, representa más de la mitad de su actividad",Europa,2,Europe,United Kingdom,GBR,304
Push-Chatbot,http://www.push.al,"Maceio, Brazil","$5,000+",$25 - $49 / hr,10 - 49,50%,Maceio,,Brazil,Informado,Informado,49,10 - 49,Empresa pequeña ,SMB,AI Focus,"Empresa con especialización destacada en IA, representa más de la mitad de su actividad",América del Sur,2,South America,Brazil,BRA,21
A.I.M.S.Technology,https://aimstechnology.com,"Amravati, India","$5,000+",$25 - $49 / hr,50 - 249,40%,Amravati,,India,Informado,Informado,249,50 - 249,Empresa mediana/ SME,SMB,AI Service complementary, Empresa diversificada que ofrece IA como una línea de servicio complementaria,Asia,2,Asia,India,IND,441
MoonshotbyPacteraDigital,https://www.moonshotio.com/,"Chicago, IL",Undisclosed,Undisclosed,10 - 49,50%,Chicago,IL,USA,No informado,No informado,49,10 - 49,Empresa pequeña ,SMB,AI Focus,"Empresa con especialización destacada en IA, representa más de la mitad de su actividad",América del Norte,0,North America,USA,USA,917
AltaMLInc.,http://altaml.com/,"Edmonton, Canada",Undisclosed,Undisclosed,10 - 49,50%,Edmonton,,Canada,No informado,No informado,49,10 - 49,Empresa pequeña ,SMB,AI Focus,"Empresa con especialización destacada en IA, representa más de la mitad de su actividad",América del Norte,0,North America,Canada,CAN,126
KnexInc.,http://www.knexinc.com/,"Norcross, GA",Undisclosed,Undisclosed,10 - 49,50%,Norcross,GA,USA,No informado,No informado,49,10 - 49,Empresa pequeña ,SMB,AI Focus,"Empresa con especialización destacada en IA, representa más de la mitad de su actividad",América del Norte,0,North America,USA,USA,917
TreeCloud,https://www.treecloud.co/,"San Salvador, El Salvador",Undisclosed,Undisclosed,10 - 49,50%,San Salvador,,El Salvador,No informado,No informado,49,10 - 49,Empresa pequeña ,SMB,AI Focus,"Empresa con especialización destacada en IA, representa más de la mitad de su actividad",Centroamérica,0,Central America,El Salvador,El Salvador,5
Evorain,https://www.evorain.com,"Częstochowa, Poland","$5,000+",$50 - $99 / hr,10 - 49,50%,Częstochowa,,Poland,Informado,Informado,49,10 - 49,Empresa pequeña ,SMB,AI Focus,"Empresa con especialización destacada en IA, representa más de la mitad de su actividad",Europa,2,Europe,Poland,POL,147
DeepThinkHealth,https://www.deepthinkhealth.com/,"Richmond, CA",Undisclosed,Undisclosed,10 - 49,50%,Richmond,CA,USA,No informado,No informado,49,10 - 49,Empresa pequeña ,SMB,AI Focus,"Empresa con especialización destacada en IA, representa más de la mitad de su actividad",América del Norte,0,North America,USA,USA,917
modbi,https://www.modbi.com/,"Waukesha, WI",Undisclosed,Undisclosed,10 - 49,50%,Waukesha,WI,USA,No informado,No informado,49,10 - 49,Empresa pequeña ,SMB,AI Focus,"Empresa con especialización destacada en IA, representa más de la mitad de su actividad",América del Norte,0,North America,USA,USA,917
KvantumInc.,http://www.kvantum.ai,"Plano, TX","$10,000+",Undisclosed,10 - 49,50%,Plano,TX,USA,Informado,No informado,49,10 - 49,Empresa pequeña ,SMB,AI Focus,"Empresa con especialización destacada en IA, representa más de la mitad de su actividad",América del Norte,1,North America,USA,USA,917
INEVITABLE,https://inevitableinnovations.com/,"Salford, United Kingdom",Undisclosed,Undisclosed,10 - 49,50%,Salford,,United Kingdom,No informado,No informado,49,10 - 49,Empresa pequeña ,SMB,AI Focus,"Empresa con especialización destacada en IA, representa más de la mitad de su actividad",Europa,0,Europe,United Kingdom,GBR,304
MomenttextAI,https://www.momenttext.com,"Delhi, India","$5,000+",$25 - $49 / hr,10 - 49,50%,Delhi,,India,Informado,Informado,49,10 - 49,Empresa pequeña ,SMB,AI Focus,"Empresa con especialización destacada en IA, representa más de la mitad de su actividad",Asia,2,Asia,India,IND,441
"ZhejiangQiguNetworkTechnologyCo.,Ltd",http://qigukj.com/,"Hangzhou Shi, China","$1,000+",Undisclosed,10 - 49,50%,Hangzhou Shi,,China,Informado,No informado,49,10 - 49,Empresa pequeña ,SMB,AI Focus,"Empresa con especialización destacada en IA, representa más de la mitad de su actividad",Asia,1,Asia,China,China,87
ABWMedical,https://abwmedical.com/,"San Diego, CA",Undisclosed,Undisclosed,10 - 49,50%,San Diego,CA,USA,No informado,No informado,49,10 - 49,Empresa pequeña ,SMB,AI Focus,"Empresa con especialización destacada en IA, representa más de la mitad de su actividad",América del Norte,0,North America,USA,USA,917
IVASYSTEMS,https://ivasystems.in/,"Technopark, Thiruvananthapuram, India","$1,000+",< $25 / hr,10 - 49,50%,Technopark,Thiruvananthapuram,India,Informado,Informado,49,10 - 49,Empresa pequeña ,SMB,AI Focus,"Empresa con especialización destacada en IA, representa más de la mitad de su actividad",Asia,2,Asia,India,IND,441
DatafitItalia,https://www.datafit.it,"Milano, Italy",Undisclosed,Undisclosed,10 - 49,50%,Milano,,Italy,No informado,No informado,49,10 - 49,Empresa pequeña ,SMB,AI Focus,"Empresa con especialización destacada en IA, representa más de la mitad de su actividad",Europa,0,Europe,Italy,ITA,18
Toswo,https://ai.toswo.com,"London, United Kingdom","$1,000+",$100 - $149 / hr,10 - 49,59%,London,,United Kingdom,Informado,Informado,49,10 - 49,Empresa pequeña ,SMB,AI Focus,"Empresa con especialización destacada en IA, representa más de la mitad de su actividad",Europa,2,Europe,United Kingdom,GBR,304
Squirro,https://squirro.com/,"Zürich, Switzerland",Undisclosed,Undisclosed,50 - 249,35%,Zürich,,Switzerland,No informado,No informado,249,50 - 249,Empresa mediana/ SME,SMB,AI Service complementary, Empresa diversificada que ofrece IA como una línea de servicio complementaria,Europa,0,Europe,Switzerland,CHE,21
Terramonitor,https://www.terramonitor.com,"Helsingfors, Finland","$5,000+",$100 - $149 / hr,2 - 9,50%,Helsingfors,,Finland,Informado,Informado,9,2 - 9,Micro Empresa,SMB,AI Focus,"Empresa con especialización destacada en IA, representa más de la mitad de su actividad",Europa,2,Europe,Finland,FIN,7
Emcien,https://emcien.com/,"Atlanta, GA",Undisclosed,Undisclosed,2 - 9,50%,Atlanta,GA,USA,No informado,No informado,9,2 - 9,Micro Empresa,SMB,AI Focus,"Empresa con especialización destacada en IA, representa más de la mitad de su actividad",América del Norte,0,North America,USA,USA,917
InitializeAI,https://initializeai.com/,"Whitestone, NY","$10,000+",Undisclosed,2 - 9,50%,Whitestone,NY,USA,Informado,No informado,9,2 - 9,Micro Empresa,SMB,AI Focus,"Empresa con especialización destacada en IA, representa más de la mitad de su actividad",América del Norte,1,North America,USA,USA,917
ArtiD,https://www.artid.tech/,"Dover, DE","$10,000+",$50 - $99 / hr,10 - 49,49%,Dover,DE,USA,Informado,Informado,49,10 - 49,Empresa pequeña ,SMB,AI Service complementary, Empresa diversificada que ofrece IA como una línea de servicio complementaria,América del Norte,2,North America,USA,USA,917
KanaymaLLC,https://kanayma.net,"Jupiter, FL","$5,000+",$100 - $149 / hr,2 - 9,50%,Jupiter,FL,USA,Informado,Informado,9,2 - 9,Micro Empresa,SMB,AI Focus,"Empresa con especialización destacada en IA, representa más de la mitad de su actividad",América del Norte,2,North America,USA,USA,917
NdovuCloudTechnologies,https://ndovucloud.com,"Nairobi, Kenya","$1,000+",Undisclosed,10 - 49,20%,Nairobi,,Kenya,Informado,No informado,49,10 - 49,Empresa pequeña ,SMB,AI Service complementary, Empresa diversificada que ofrece IA como una línea de servicio complementaria,África,1,Africa,Kenya,KEN,3
SpeqtoTechnologiesPrivateLimited,https://www.speqto.com/,"Noida, India","$5,000+",< $25 / hr,50 - 249,10%,Noida,,India,Informado,Informado,249,50 - 249,Empresa mediana/ SME,SMB,AI Service residual,Empresa diversificada cuya participación de IA es limitada o residual,Asia,2,Asia,India,IND,441
BlackCompanyStudios,http://blackcompanystudios.co.uk,"Edinburgh, United Kingdom",Undisclosed,Undisclosed,2 - 9,50%,Edinburgh,,United Kingdom,No informado,No informado,9,2 - 9,Micro Empresa,SMB,AI Focus,"Empresa con especialización destacada en IA, representa más de la mitad de su actividad",Europa,0,Europe,United Kingdom,GBR,304
Recogn.ai,https://www.recogn.ai/en,"Valencia, Spain",Undisclosed,Undisclosed,2 - 9,50%,Valencia,,Spain,No informado,No informado,9,2 - 9,Micro Empresa,SMB,AI Focus,"Empresa con especialización destacada en IA, representa más de la mitad de su actividad",Europa,0,Europe,Spain,ESP,29
DATATOM,http://www.datatom.com/en/,"Shanghai, China","$5,000+",$50 - $99 / hr,50 - 249,40%,Shanghai,,China,Informado,Informado,249,50 - 249,Empresa mediana/ SME,SMB,AI Service complementary, Empresa diversificada que ofrece IA como una línea de servicio complementaria,Asia,2,Asia,China,China,87
CognilyticTechnologies,https://cognilytic.com/,"Chennai, India",Undisclosed,Undisclosed,50 - 249,40%,Chennai,,India,No informado,No informado,249,50 - 249,Empresa mediana/ SME,SMB,AI Service complementary, Empresa diversificada que ofrece IA como una línea de servicio complementaria,Asia,0,Asia,India,IND,441
DigiTaiken,https://digitaiken.com/,"London, United Kingdom","$25,000+",$50 - $99 / hr,10 - 49,10%,London,,United Kingdom,Informado,Informado,49,10 - 49,Empresa pequeña ,SMB,AI Service residual,Empresa diversificada cuya participación de IA es limitada o residual,Europa,2,Europe,United Kingdom,GBR,304
Unionfab,https://unionfab.com/,"Shanghai, China","$1,000+",$25 - $49 / hr,250 - 999,20%,Shanghai,,China,Informado,Informado,999,250 - 999,Empresa grande/fuera SME,Mid-market,AI Service complementary, Empresa diversificada que ofrece IA como una línea de servicio complementaria,Asia,2,Asia,China,China,87
Vekia,http://www.vekia.fr/,"Lille, France","$5,000+",$100 - $149 / hr,50 - 249,35%,Lille,,France,Informado,Informado,249,50 - 249,Empresa mediana/ SME,SMB,AI Service complementary, Empresa diversificada que ofrece IA como una línea de servicio complementaria,Europa,2,Europe,France,FRA,14
EX3Labs,https://ex3labs.com/,"Chicago, IL",Undisclosed,Undisclosed,2 - 9,50%,Chicago,IL,USA,No informado,No informado,9,2 - 9,Micro Empresa,SMB,AI Focus,"Empresa con especialización destacada en IA, representa más de la mitad de su actividad",América del Norte,0,North America,USA,USA,917
ClevermedLtd,http://www.clevermed.com/,"Edinburgh, United Kingdom",Undisclosed,Undisclosed,50 - 249,35%,Edinburgh,,United Kingdom,No informado,No informado,249,50 - 249,Empresa mediana/ SME,SMB,AI Service complementary, Empresa diversificada que ofrece IA como una línea de servicio complementaria,Europa,0,Europe,United Kingdom,GBR,304
locomizer,http://locomizer.com/,"London, United Kingdom",Undisclosed,Undisclosed,2 - 9,50%,London,,United Kingdom,No informado,No informado,9,2 - 9,Micro Empresa,SMB,AI Focus,"Empresa con especialización destacada en IA, representa más de la mitad de su actividad",Europa,0,Europe,United Kingdom,GBR,304
DeepAgro,http://deepagro.co/,"Rosario, Argentina",Undisclosed,Undisclosed,2 - 9,50%,Rosario,,Argentina,No informado,No informado,9,2 - 9,Micro Empresa,SMB,AI Focus,"Empresa con especialización destacada en IA, representa más de la mitad de su actividad",América del Sur,0,South America,Argentina,ARG,29
JOLTAdvantageGroup,https://www.joltag.com/,"Tampa, FL",Undisclosed,Undisclosed,50 - 249,35%,Tampa,FL,USA,No informado,No informado,249,50 - 249,Empresa mediana/ SME,SMB,AI Service complementary, Empresa diversificada que ofrece IA como una línea de servicio complementaria,América del Norte,0,North America,USA,USA,917
"BeijingiPinyouIntelligentTechnologyCo.,Ltd.",https://www.ipinyou.com/,"Beijing, China",Undisclosed,Undisclosed,50 - 249,35%,Beijing,,China,No informado,No informado,249,50 - 249,Empresa mediana/ SME,SMB,AI Service complementary, Empresa diversificada que ofrece IA como una línea de servicio complementaria,Asia,0,Asia,China,China,87
ElementalMachines,http://elementalmachines.io,"Cambridge, MA",Undisclosed,Undisclosed,10 - 49,40%,Cambridge,MA,USA,No informado,No informado,49,10 - 49,Empresa pequeña ,SMB,AI Service complementary, Empresa diversificada que ofrece IA como una línea de servicio complementaria,América del Norte,0,North America,USA,USA,917
Crobox,https://crobox.com/,"Amsterdam, Netherlands",Undisclosed,Undisclosed,10 - 49,40%,Amsterdam,,Netherlands,No informado,No informado,49,10 - 49,Empresa pequeña ,SMB,AI Service complementary, Empresa diversificada que ofrece IA como una línea de servicio complementaria,Europa,0,Europe,Netherlands,NLD,26
"xiQ,Inc.",https://xiqinc.com/,"Redwood City, CA",Undisclosed,Undisclosed,50 - 249,25%,Redwood City,CA,USA,No informado,No informado,249,50 - 249,Empresa mediana/ SME,SMB,AI Service complementary, Empresa diversificada que ofrece IA como una línea de servicio complementaria,América del Norte,0,North America,USA,USA,917
BIDCompany,https://bidcompany.it/,"Milano, Italy","$5,000+",$50 - $99 / hr,50 - 249,35%,Milano,,Italy,Informado,Informado,249,50 - 249,Empresa mediana/ SME,SMB,AI Service complementary, Empresa diversificada que ofrece IA como una línea de servicio complementaria,Europa,2,Europe,Italy,ITA,18
EasySoftware,http://www.easysoftwarecorp.com,"Rosario, Argentina","$5,000+",$25 - $49 / hr,2 - 9,30%,Rosario,,Argentina,Informado,Informado,9,2 - 9,Micro Empresa,SMB,AI Service complementary, Empresa diversificada que ofrece IA como una línea de servicio complementaria,América del Sur,2,South America,Argentina,ARG,29
AILabOne,https://ailab.one/,"Den Haag, Netherlands","$10,000+",$50 - $99 / hr,2 - 9,50%,Den Haag,,Netherlands,Informado,Informado,9,2 - 9,Micro Empresa,SMB,AI Focus,"Empresa con especialización destacada en IA, representa más de la mitad de su actividad",Europa,2,Europe,Netherlands,NLD,26
IntellektAILLP,https://www.intellektai.com,"Vadodara, India","$1,000+",$25 - $49 / hr,2 - 9,65%,Vadodara,,India,Informado,Informado,9,2 - 9,Micro Empresa,SMB,AI Focus,"Empresa con especialización destacada en IA, representa más de la mitad de su actividad",Asia,2,Asia,India,IND,441
RydotInfotechPrivateLimited,https://www.rydotinfotech.com/,"Ahmedabad, India","$1,000+",$25 - $49 / hr,10 - 49,20%,Ahmedabad,,India,Informado,Informado,49,10 - 49,Empresa pequeña ,SMB,AI Service complementary, Empresa diversificada que ofrece IA como una línea de servicio complementaria,Asia,2,Asia,India,IND,441
ADVANCE.AI,https://www.advance.ai/en-us/,"Beijing, China","$5,000+",$50 - $99 / hr,10 - 49,40%,Beijing,,China,Informado,Informado,49,10 - 49,Empresa pequeña ,SMB,AI Service complementary, Empresa diversificada que ofrece IA como una línea de servicio complementaria,Asia,2,Asia,China,China,87
DraysonTechnologiesLtd,http://www.draysontechnologies.com/,"London, United Kingdom",Undisclosed,Undisclosed,10 - 49,40%,London,,United Kingdom,No informado,No informado,49,10 - 49,Empresa pequeña ,SMB,AI Service complementary, Empresa diversificada que ofrece IA como una línea de servicio complementaria,Europa,0,Europe,United Kingdom,GBR,304
Fixel,https://fixel.ai/,"Atlanta, GA",Undisclosed,Undisclosed,10 - 49,40%,Atlanta,GA,USA,No informado,No informado,49,10 - 49,Empresa pequeña ,SMB,AI Service complementary, Empresa diversificada que ofrece IA como una línea de servicio complementaria,América del Norte,0,North America,USA,USA,917
SQAConsultingLimited,http://www.sqa-consulting.com/,"Manchester, United Kingdom",Undisclosed,Undisclosed,10 - 49,40%,Manchester,,United Kingdom,No informado,No informado,49,10 - 49,Empresa pequeña ,SMB,AI Service complementary, Empresa diversificada que ofrece IA como una línea de servicio complementaria,Europa,0,Europe,United Kingdom,GBR,304
Gravitywell,https://www.gravitywell.co.uk/,"Bristol, United Kingdom","$25,000+",Undisclosed,10 - 49,10%,Bristol,,United Kingdom,Informado,No informado,49,10 - 49,Empresa pequeña ,SMB,AI Service residual,Empresa diversificada cuya participación de IA es limitada o residual,Europa,1,Europe,United Kingdom,GBR,304
Observe.AI,https://www.observe.ai/,"San Francisco, CA",Undisclosed,Undisclosed,10 - 49,40%,San Francisco,CA,USA,No informado,No informado,49,10 - 49,Empresa pequeña ,SMB,AI Service complementary, Empresa diversificada que ofrece IA como una línea de servicio complementaria,América del Norte,0,North America,USA,USA,917
"AmplifAISolutions,Inc.",https://www.amplifai.com/,"Richardson, TX",Undisclosed,Undisclosed,10 - 49,40%,Richardson,TX,USA,No informado,No informado,49,10 - 49,Empresa pequeña ,SMB,AI Service complementary, Empresa diversificada que ofrece IA como una línea de servicio complementaria,América del Norte,0,North America,USA,USA,917
"EnjoyorTechnologyCo.,Ltd.",http://www.enjoyor.net/,"Hang Zhou Shi, China",Undisclosed,Undisclosed,250 - 999,25%,Hang Zhou Shi,,China,No informado,No informado,999,250 - 999,Empresa grande/fuera SME,Mid-market,AI Service complementary, Empresa diversificada que ofrece IA como una línea de servicio complementaria,Asia,0,Asia,China,China,87
Addo,https://addo.ai/,Singapore,Undisclosed,Undisclosed,50 - 249,34%,Singapore,,Singapore,No informado,No informado,249,50 - 249,Empresa mediana/ SME,SMB,AI Service complementary, Empresa diversificada que ofrece IA como una línea de servicio complementaria,Asia,0,Asia,Singapore,SGP,24
Wizart,https://www.wizart.ai/,"Wilmington, DE","$1,000+",$25 - $49 / hr,10 - 49,40%,Wilmington,DE,USA,Informado,Informado,49,10 - 49,Empresa pequeña ,SMB,AI Service complementary, Empresa diversificada que ofrece IA como una línea de servicio complementaria,América del Norte,2,North America,USA,USA,917
InsideSales.com,https://uk.insidesales.com,"Provo, UT",Undisclosed,Undisclosed,250 - 999,20%,Provo,UT,USA,No informado,No informado,999,250 - 999,Empresa grande/fuera SME,Mid-market,AI Service complementary, Empresa diversificada que ofrece IA como una línea de servicio complementaria,América del Norte,0,North America,USA,USA,917
DeltaAI,http://www.delta-ai.com,"Madrid, Spain","$1,000+",$25 - $49 / hr,2 - 9,50%,Madrid,,Spain,Informado,Informado,9,2 - 9,Micro Empresa,SMB,AI Focus,"Empresa con especialización destacada en IA, representa más de la mitad de su actividad",Europa,2,Europe,Spain,ESP,29
infloAi,https://inflo.ai/,"London, United Kingdom",Undisclosed,Undisclosed,2 - 9,50%,London,,United Kingdom,No informado,No informado,9,2 - 9,Micro Empresa,SMB,AI Focus,"Empresa con especialización destacada en IA, representa más de la mitad de su actividad",Europa,0,Europe,United Kingdom,GBR,304
deplogy,https://www.deplogy.com/,"Birmingham, United Kingdom",Undisclosed,Undisclosed,2 - 9,50%,Birmingham,,United Kingdom,No informado,No informado,9,2 - 9,Micro Empresa,SMB,AI Focus,"Empresa con especialización destacada en IA, representa más de la mitad de su actividad",Europa,0,Europe,United Kingdom,GBR,304
CognitiveSoftwareGroup,https://www.cognitivesoftware.com/,"North Sydney, Australia",Undisclosed,Undisclosed,2 - 9,50%,North Sydney,,Australia,No informado,No informado,9,2 - 9,Micro Empresa,SMB,AI Focus,"Empresa con especialización destacada en IA, representa más de la mitad de su actividad",Oceanía,0,Oceania,Australia,AUS,96
AEQUICENS,http://www.aequicens.com,"Geneva, Switzerland","$25,000+",$200 - $300 / hr,2 - 9,50%,Geneva,,Switzerland,Informado,Informado,9,2 - 9,Micro Empresa,SMB,AI Focus,"Empresa con especialización destacada en IA, representa más de la mitad de su actividad",Europa,2,Europe,Switzerland,CHE,21
MoreTalent,https://moretalent.com/,"Brookfield, WI",Undisclosed,Undisclosed,2 - 9,50%,Brookfield,WI,USA,No informado,No informado,9,2 - 9,Micro Empresa,SMB,AI Focus,"Empresa con especialización destacada en IA, representa más de la mitad de su actividad",América del Norte,0,North America,USA,USA,917
OrdinalScience,https://ordinalscience.com/,"Madison, WI",Undisclosed,Undisclosed,2 - 9,50%,Madison,WI,USA,No informado,No informado,9,2 - 9,Micro Empresa,SMB,AI Focus,"Empresa con especialización destacada en IA, representa más de la mitad de su actividad",América del Norte,0,North America,USA,USA,917
CivilianCyber,https://civiliancyber.com/,"Richmond, VA",Undisclosed,Undisclosed,2 - 9,50%,Richmond,VA,USA,No informado,No informado,9,2 - 9,Micro Empresa,SMB,AI Focus,"Empresa con especialización destacada en IA, representa más de la mitad de su actividad",América del Norte,0,North America,USA,USA,917
VeturaiSpzo.o.,https://veturai.com,"Warsaw, Poland","$10,000+",$100 - $149 / hr,2 - 9,50%,Warsaw,,Poland,Informado,Informado,9,2 - 9,Micro Empresa,SMB,AI Focus,"Empresa con especialización destacada en IA, representa más de la mitad de su actividad",Europa,2,Europe,Poland,POL,147
Datapipesoft,https://datapipesoft.com/,"London, United Kingdom","$50,000+",$25 - $49 / hr,2 - 9,50%,London,,United Kingdom,Informado,Informado,9,2 - 9,Micro Empresa,SMB,AI Focus,"Empresa con especialización destacada en IA, representa más de la mitad de su actividad",Europa,2,Europe,United Kingdom,GBR,304
Flynk,http://www.flynk.com,"Sydney, Australia","$5,000+",$25 - $49 / hr,10 - 49,15%,Sydney,,Australia,Informado,Informado,49,10 - 49,Empresa pequeña ,SMB,AI Service residual,Empresa diversificada cuya participación de IA es limitada o residual,Oceanía,2,Oceania,Australia,AUS,96
GfK,https://www.gfk.com/en-gb/,"Woking, United Kingdom",Undisclosed,Undisclosed,50 - 249,30%,Woking,,United Kingdom,No informado,No informado,249,50 - 249,Empresa mediana/ SME,SMB,AI Service complementary, Empresa diversificada que ofrece IA como una línea de servicio complementaria,Europa,0,Europe,United Kingdom,GBR,304
Relay42,https://relay42.com/,"Amsterdam, Netherlands",Undisclosed,Undisclosed,50 - 249,30%,Amsterdam,,Netherlands,No informado,No informado,249,50 - 249,Empresa mediana/ SME,SMB,AI Service complementary, Empresa diversificada que ofrece IA como una línea de servicio complementaria,Europa,0,Europe,Netherlands,NLD,26
ROJEWORLD,http://rojeworld.com/,"Madhapur, India","$5,000+",$50 - $99 / hr,50 - 249,45%,Madhapur,,India,Informado,Informado,249,50 - 249,Empresa mediana/ SME,SMB,AI Service complementary, Empresa diversificada que ofrece IA como una línea de servicio complementaria,Asia,2,Asia,India,IND,441
ConcurrencyInc,https://www.concurrency.com/,"Chicago, IL",Undisclosed,Undisclosed,250 - 999,20%,Chicago,IL,USA,No informado,No informado,999,250 - 999,Empresa grande/fuera SME,Mid-market,AI Service complementary, Empresa diversificada que ofrece IA como una línea de servicio complementaria,América del Norte,0,North America,USA,USA,917
EOSDataAnalytics,https://eos.com/,"Menlo Park, CA",Undisclosed,Undisclosed,250 - 999,20%,Menlo Park,CA,USA,No informado,No informado,999,250 - 999,Empresa grande/fuera SME,Mid-market,AI Service complementary, Empresa diversificada que ofrece IA como una línea de servicio complementaria,América del Norte,0,North America,USA,USA,917
Robots&Pencils,https://www.robotsandpencils.com/,"Calgary, CA",Undisclosed,Undisclosed,50 - 249,30%,Calgary,CA,USA,No informado,No informado,249,50 - 249,Empresa mediana/ SME,SMB,AI Service complementary, Empresa diversificada que ofrece IA como una línea de servicio complementaria,América del Norte,0,North America,USA,USA,917
PlainConcepts,https://www.plainconcepts.com,"Redmond, WA","$25,000+",$100 - $149 / hr,250 - 999,20%,Redmond,WA,USA,Informado,Informado,999,250 - 999,Empresa grande/fuera SME,Mid-market,AI Service complementary, Empresa diversificada que ofrece IA como una línea de servicio complementaria,América del Norte,2,North America,USA,USA,917
iSolveTechnologiesPvtLtd,https://isolve.in/,"Chennai, India","$5,000+",Undisclosed,250 - 999,20%,Chennai,,India,Informado,No informado,999,250 - 999,Empresa grande/fuera SME,Mid-market,AI Service complementary, Empresa diversificada que ofrece IA como una línea de servicio complementaria,Asia,1,Asia,India,IND,441
AptusGlobalSolutionsInc.,https://aptusgs.com/,"Pasig, Philippines",Undisclosed,Undisclosed,250 - 999,23%,Pasig,,Philippines,No informado,No informado,999,250 - 999,Empresa grande/fuera SME,Mid-market,AI Service complementary, Empresa diversificada que ofrece IA como una línea de servicio complementaria,Asia,0,Asia,Philippines,PHL,6
WhiteBox,https://whiteboxml.com/,"Madrid, Spain","$10,000+",$50 - $99 / hr,2 - 9,40%,Madrid,,Spain,Informado,Informado,9,2 - 9,Micro Empresa,SMB,AI Service complementary, Empresa diversificada que ofrece IA como una línea de servicio complementaria,Europa,2,Europe,Spain,ESP,29
BrainChildInnovation,http://www.brainchildinnovation.us,"Piedmont, CA","$50,000+",$150 - $199 / hr,2 - 9,51%,Piedmont,CA,USA,Informado,Informado,9,2 - 9,Micro Empresa,SMB,AI Focus,"Empresa con especialización destacada en IA, representa más de la mitad de su actividad",América del Norte,2,North America,USA,USA,917
Intelygenz,http://www.intelygenz.com/,"Madrid, Spain","$25,000+",$50 - $99 / hr,50 - 249,25%,Madrid,,Spain,Informado,Informado,249,50 - 249,Empresa mediana/ SME,SMB,AI Service complementary, Empresa diversificada que ofrece IA como una línea de servicio complementaria,Europa,2,Europe,Spain,ESP,29
"Regalix,Inc.",https://www.regalix.com/,"San Mateo, CA","$1,000+",$25 - $49 / hr,"1,000 - 9,999",15%,San Mateo,CA,USA,Informado,Informado,9999,1000 - 9999,Empresa grande /fuera SM,Enterprise,AI Service residual,Empresa diversificada cuya participación de IA es limitada o residual,América del Norte,2,North America,USA,USA,917
GoDataDriven,https://godatadriven.com/,"Hilversum, Netherlands",Undisclosed,Undisclosed,50 - 249,30%,Hilversum,,Netherlands,No informado,No informado,249,50 - 249,Empresa mediana/ SME,SMB,AI Service complementary, Empresa diversificada que ofrece IA como una línea de servicio complementaria,Europa,0,Europe,Netherlands,NLD,26
SOCIANLTD,https://socian.ai/,"Dhaka, Bangladesh",Undisclosed,Undisclosed,10 - 49,40%,Dhaka,,Bangladesh,No informado,No informado,49,10 - 49,Empresa pequeña ,SMB,AI Service complementary, Empresa diversificada que ofrece IA como una línea de servicio complementaria,Asia,0,Asia,Bangladesh,BGD,19
Nextuple,http://nextuple.com,"Andover, MA",Undisclosed,Undisclosed,10 - 49,40%,Andover,MA,USA,No informado,No informado,49,10 - 49,Empresa pequeña ,SMB,AI Service complementary, Empresa diversificada que ofrece IA como una línea de servicio complementaria,América del Norte,0,North America,USA,USA,917
Advoqt,http://advoqt.com,"Malden, MA",Undisclosed,Undisclosed,10 - 49,40%,Malden,MA,USA,No informado,No informado,49,10 - 49,Empresa pequeña ,SMB,AI Service complementary, Empresa diversificada que ofrece IA como una línea de servicio complementaria,América del Norte,0,North America,USA,USA,917
SigDelta,https://sigdelta.com/,"Warszawa, Poland","$5,000+",$50 - $99 / hr,10 - 49,40%,Warszawa,,Poland,Informado,Informado,49,10 - 49,Empresa pequeña ,SMB,AI Service complementary, Empresa diversificada que ofrece IA como una línea de servicio complementaria,Europa,2,Europe,Poland,POL,147
DTIIntegratedBusinessSolutions,https://www.dtiibs.com/,"Greensboro, NC",Undisclosed,Undisclosed,10 - 49,40%,Greensboro,NC,USA,No informado,No informado,49,10 - 49,Empresa pequeña ,SMB,AI Service complementary, Empresa diversificada que ofrece IA como una línea de servicio complementaria,América del Norte,0,North America,USA,USA,917
CISAlaska,https://cisalaska.com/,"Anchorage, AK",Undisclosed,Undisclosed,10 - 49,40%,Anchorage,AK,USA,No informado,No informado,49,10 - 49,Empresa pequeña ,SMB,AI Service complementary, Empresa diversificada que ofrece IA como una línea de servicio complementaria,América del Norte,0,North America,USA,USA,917
TechConnectITSolutionsPtyLtd,https://techconnect.com.au/,"Hope Island, Australia",Undisclosed,Undisclosed,10 - 49,40%,Hope Island,,Australia,No informado,No informado,49,10 - 49,Empresa pequeña ,SMB,AI Service complementary, Empresa diversificada que ofrece IA como una línea de servicio complementaria,Oceanía,0,Oceania,Australia,AUS,96
InteVolution,https://intevolution.ai/,"Miami, FL",Undisclosed,Undisclosed,10 - 49,40%,Miami,FL,USA,No informado,No informado,49,10 - 49,Empresa pequeña ,SMB,AI Service complementary, Empresa diversificada que ofrece IA como una línea de servicio complementaria,América del Norte,0,North America,USA,USA,917
SIFT,https://www.sift.net/contact,"Minneapolis, MN","$100,000+",$200 - $300 / hr,50 - 249,30%,Minneapolis,MN,USA,Informado,Informado,249,50 - 249,Empresa mediana/ SME,SMB,AI Service complementary, Empresa diversificada que ofrece IA como una línea de servicio complementaria,América del Norte,2,North America,USA,USA,917
CuelogicTechnologies,https://www.cuelogic.com,"New York, NY","$25,000+",$25 - $49 / hr,250 - 999,20%,New York,NY,USA,Informado,Informado,999,250 - 999,Empresa grande/fuera SME,Mid-market,AI Service complementary, Empresa diversificada que ofrece IA como una línea de servicio complementaria,América del Norte,2,North America,USA,USA,917
Knowledgent,https://knowledgent.com/,"Warren, NJ","$10,000+",$100 - $149 / hr,250 - 999,20%,Warren,NJ,USA,Informado,Informado,999,250 - 999,Empresa grande/fuera SME,Mid-market,AI Service complementary, Empresa diversificada que ofrece IA como una línea de servicio complementaria,América del Norte,2,North America,USA,USA,917
PicNet,https://picnet.com.au/,"Crows Nest, Australia","$10,000+",$100 - $149 / hr,10 - 49,35%,Crows Nest,,Australia,Informado,Informado,49,10 - 49,Empresa pequeña ,SMB,AI Service complementary, Empresa diversificada que ofrece IA como una línea de servicio complementaria,Oceanía,2,Oceania,Australia,AUS,96
QimiaGmbh,https://www.qimia.io/,"Köln, Germany",Undisclosed,Undisclosed,50 - 249,33%,Köln,,Germany,No informado,No informado,249,50 - 249,Empresa mediana/ SME,SMB,AI Service complementary, Empresa diversificada que ofrece IA como una línea de servicio complementaria,Europa,0,Europe,Germany,DEU,47
BluLtd,https://www.blu.ltd/,Hong Kong,"$1,000+",$100 - $149 / hr,2 - 9,50%,Hong Kong,,Hong Kong,Informado,Informado,9,2 - 9,Micro Empresa,SMB,AI Focus,"Empresa con especialización destacada en IA, representa más de la mitad de su actividad",Asia,2,Asia,Hong Kong,HKG,12
AIKnights.com,https://aiknights.com,"Alpharetta, GA","$10,000+",$50 - $99 / hr,2 - 9,50%,Alpharetta,GA,USA,Informado,Informado,9,2 - 9,Micro Empresa,SMB,AI Focus,"Empresa con especialización destacada en IA, representa más de la mitad de su actividad",América del Norte,2,North America,USA,USA,917
ROLABOTIC,https://www.rolabotic.com/,"London, United Kingdom",Undisclosed,Undisclosed,2 - 9,50%,London,,United Kingdom,No informado,No informado,9,2 - 9,Micro Empresa,SMB,AI Focus,"Empresa con especialización destacada en IA, representa más de la mitad de su actividad",Europa,0,Europe,United Kingdom,GBR,304
measuredlive.com,http://measuredlive.com,"London, Canada",Undisclosed,Undisclosed,2 - 9,50%,London,,Canada,No informado,No informado,9,2 - 9,Micro Empresa,SMB,AI Focus,"Empresa con especialización destacada en IA, representa más de la mitad de su actividad",América del Norte,0,North America,Canada,CAN,126
Diatom,http://diatom.com,"Boston, MA",Undisclosed,Undisclosed,2 - 9,50%,Boston,MA,USA,No informado,No informado,9,2 - 9,Micro Empresa,SMB,AI Focus,"Empresa con especialización destacada en IA, representa más de la mitad de su actividad",América del Norte,0,North America,USA,USA,917
AISydney,https://aisydney.com.au/,"Barangaroo, Australia",Undisclosed,Undisclosed,2 - 9,50%,Barangaroo,,Australia,No informado,No informado,9,2 - 9,Micro Empresa,SMB,AI Focus,"Empresa con especialización destacada en IA, representa más de la mitad de su actividad",Oceanía,0,Oceania,Australia,AUS,96
ChatGen,https://chatgen.com.au/,"Bardwell Park, Australia","$1,000+",$100 - $149 / hr,2 - 9,50%,Bardwell Park,,Australia,Informado,Informado,9,2 - 9,Micro Empresa,SMB,AI Focus,"Empresa con especialización destacada en IA, representa más de la mitad de su actividad",Oceanía,2,Oceania,Australia,AUS,96
RapkoTech,http://www.rapkotech.com/,"Richmond, VA",Undisclosed,Undisclosed,2 - 9,50%,Richmond,VA,USA,No informado,No informado,9,2 - 9,Micro Empresa,SMB,AI Focus,"Empresa con especialización destacada en IA, representa más de la mitad de su actividad",América del Norte,0,North America,USA,USA,917
ParamountFinancialTechnologies,https://pfintech.net/,"Quincy, MA",Undisclosed,Undisclosed,2 - 9,50%,Quincy,MA,USA,No informado,No informado,9,2 - 9,Micro Empresa,SMB,AI Focus,"Empresa con especialización destacada en IA, representa más de la mitad de su actividad",América del Norte,0,North America,USA,USA,917
Zintzotek,http://www.zintzotek.com,"Hyatsville, MD","$1,000+",$25 - $49 / hr,2 - 9,50%,Hyatsville,MD,USA,Informado,Informado,9,2 - 9,Micro Empresa,SMB,AI Focus,"Empresa con especialización destacada en IA, representa más de la mitad de su actividad",América del Norte,2,North America,USA,USA,917
ComOlho,https://www.comolho.com/,"Gurugram, India","$10,000+",$25 - $49 / hr,2 - 9,50%,Gurugram,,India,Informado,Informado,9,2 - 9,Micro Empresa,SMB,AI Focus,"Empresa con especialización destacada en IA, representa más de la mitad de su actividad",Asia,2,Asia,India,IND,441
FractalTechnology,https://www.ftnow.us/,"Raleigh, NC",Undisclosed,Undisclosed,2 - 9,50%,Raleigh,NC,USA,No informado,No informado,9,2 - 9,Micro Empresa,SMB,AI Focus,"Empresa con especialización destacada en IA, representa más de la mitad de su actividad",América del Norte,0,North America,USA,USA,917
Intradiem,https://www.intradiem.com/,"Alpharetta, GA",Undisclosed,Undisclosed,50 - 249,30%,Alpharetta,GA,USA,No informado,No informado,249,50 - 249,Empresa mediana/ SME,SMB,AI Service complementary, Empresa diversificada que ofrece IA como una línea de servicio complementaria,América del Norte,0,North America,USA,USA,917
Couse5Intelligence,https://www.course5i.com,"Redmond, WA",Undisclosed,Undisclosed,250 - 999,20%,Redmond,WA,USA,No informado,No informado,999,250 - 999,Empresa grande/fuera SME,Mid-market,AI Service complementary, Empresa diversificada que ofrece IA como una línea de servicio complementaria,América del Norte,0,North America,USA,USA,917
TesseractAcademy,http://tesseract.academy,"London, United Kingdom","$5,000+",$150 - $199 / hr,2 - 9,40%,London,,United Kingdom,Informado,Informado,9,2 - 9,Micro Empresa,SMB,AI Service complementary, Empresa diversificada que ofrece IA como una línea de servicio complementaria,Europa,2,Europe,United Kingdom,GBR,304
ParadigmaDevelopment,https://www.paradigma.dev,"Kyiv, Ukraine","$1,000+",$25 - $49 / hr,10 - 49,50%,Kyiv,,Ukraine,Informado,Informado,49,10 - 49,Empresa pequeña ,SMB,AI Focus,"Empresa con especialización destacada en IA, representa más de la mitad de su actividad",Europa,2,Europe,Ukraine,UKR,92
ALTENCalsoftLabs,http://www.altencalsoftlabs.com,"Bengaluru, India","$25,000+",$25 - $49 / hr,"1,000 - 9,999",15%,Bengaluru,,India,Informado,Informado,9999,1000 - 9999,Empresa grande /fuera SM,Enterprise,AI Service residual,Empresa diversificada cuya participación de IA es limitada o residual,Asia,2,Asia,India,IND,441
NetObjexInc.,https://www.netobjex.com/,"Irvine, CA","$25,000+",$100 - $149 / hr,50 - 249,30%,Irvine,CA,USA,Informado,Informado,249,50 - 249,Empresa mediana/ SME,SMB,AI Service complementary, Empresa diversificada que ofrece IA como una línea de servicio complementaria,América del Norte,2,North America,USA,USA,917
gtechna,https://gtechna.com/,"Montréal, Canada",Undisclosed,Undisclosed,50 - 249,30%,Montréal,,Canada,No informado,No informado,249,50 - 249,Empresa mediana/ SME,SMB,AI Service complementary, Empresa diversificada que ofrece IA como una línea de servicio complementaria,América del Norte,0,North America,Canada,CAN,126
Ameri100Georgia,https://www.ameri100.com/,"Suwanee, GA",Undisclosed,Undisclosed,50 - 249,30%,Suwanee,GA,USA,No informado,No informado,249,50 - 249,Empresa mediana/ SME,SMB,AI Service complementary, Empresa diversificada que ofrece IA como una línea de servicio complementaria,América del Norte,0,North America,USA,USA,917
Proconsi,https://www.proconsi.com/,"Leon, Spain",Undisclosed,Undisclosed,50 - 249,30%,Leon,,Spain,No informado,No informado,249,50 - 249,Empresa mediana/ SME,SMB,AI Service complementary, Empresa diversificada que ofrece IA como una línea de servicio complementaria,Europa,0,Europe,Spain,ESP,29
Servinformación,http://www.servinformacion.com/,"Bogota, TN",Undisclosed,Undisclosed,50 - 249,30%,Bogota,TN,USA,No informado,No informado,249,50 - 249,Empresa mediana/ SME,SMB,AI Service complementary, Empresa diversificada que ofrece IA como una línea de servicio complementaria,América del Norte,0,North America,USA,USA,917
FORCAST,https://www.forcast.cl/,"Santiago, Chile","$5,000+",$25 - $49 / hr,10 - 49,40%,Santiago,,Chile,Informado,Informado,49,10 - 49,Empresa pequeña ,SMB,AI Service complementary, Empresa diversificada que ofrece IA como una línea de servicio complementaria,América del Sur,2,South America,Chile,CHL,13
BellrockTechnology,https://www.bellrock.tech/,"Glasgow, United Kingdom",Undisclosed,Undisclosed,10 - 49,40%,Glasgow,,United Kingdom,No informado,No informado,49,10 - 49,Empresa pequeña ,SMB,AI Service complementary, Empresa diversificada que ofrece IA como una línea de servicio complementaria,Europa,0,Europe,United Kingdom,GBR,304
Dowosoft,https://www.dowosoft.com/,"Wien, Austria","$25,000+",$100 - $149 / hr,10 - 49,40%,Wien,,Austria,Informado,Informado,49,10 - 49,Empresa pequeña ,SMB,AI Service complementary, Empresa diversificada que ofrece IA como una línea de servicio complementaria,Europa,2,Europe,Austria,AUT,4
"ADVANCEDSIMULATIONRESEARCH,INC.",https://www.asri-tech.com,"Orlando, FL",Undisclosed,Undisclosed,2 - 9,60%,Orlando,FL,USA,No informado,No informado,9,2 - 9,Micro Empresa,SMB,AI Focus,"Empresa con especialización destacada en IA, representa más de la mitad de su actividad",América del Norte,0,North America,USA,USA,917
VisionBoxInc.,https://visionbox.ai/,"Burnaby, Canada","$5,000+",$50 - $99 / hr,2 - 9,60%,Burnaby,,Canada,Informado,Informado,9,2 - 9,Micro Empresa,SMB,AI Focus,"Empresa con especialización destacada en IA, representa más de la mitad de su actividad",América del Norte,2,North America,Canada,CAN,126
gradify.ai,https://www.gradify.ai,"Warszawa, Poland","$10,000+",$50 - $99 / hr,2 - 9,60%,Warszawa,,Poland,Informado,Informado,9,2 - 9,Micro Empresa,SMB,AI Focus,"Empresa con especialización destacada en IA, representa más de la mitad de su actividad",Europa,2,Europe,Poland,POL,147
TraseeSp.zo.o.,https://trasee.io,"Wrocław, Poland","$1,000+",$25 - $49 / hr,2 - 9,60%,Wrocław,,Poland,Informado,Informado,9,2 - 9,Micro Empresa,SMB,AI Focus,"Empresa con especialización destacada en IA, representa más de la mitad de su actividad",Europa,2,Europe,Poland,POL,147
We4WebSolutions,https://www.we4websolutions.in,"Surat, India","$1,000+",$25 - $49 / hr,2 - 9,60%,Surat,,India,Informado,Informado,9,2 - 9,Micro Empresa,SMB,AI Focus,"Empresa con especialización destacada en IA, representa más de la mitad de su actividad",Asia,2,Asia,India,IND,441
Kudaw,https://www.kudaw.com/home,"Providencia, Chile","$25,000+",Undisclosed,50 - 249,35%,Providencia,,Chile,Informado,No informado,249,50 - 249,Empresa mediana/ SME,SMB,AI Service complementary, Empresa diversificada que ofrece IA como una línea de servicio complementaria,América del Sur,1,South America,Chile,CHL,13
AlbionResearch,https://www.albionresearch.com/,"Dunrobin, Canada",Undisclosed,Undisclosed,2 - 9,40%,Dunrobin,,Canada,No informado,No informado,9,2 - 9,Micro Empresa,SMB,AI Service complementary, Empresa diversificada que ofrece IA como una línea de servicio complementaria,América del Norte,0,North America,Canada,CAN,126
SiiliSolutions,https://www.siili.com/fi,"Helsingfors, Finland","$10,000+",$100 - $149 / hr,250 - 999,20%,Helsingfors,,Finland,Informado,Informado,999,250 - 999,Empresa grande/fuera SME,Mid-market,AI Service complementary, Empresa diversificada que ofrece IA como una línea de servicio complementaria,Europa,2,Europe,Finland,FIN,7
Gridsum,http://www.gridsum.com/en/,"Beijing, China","$5,000+",$100 - $149 / hr,250 - 999,20%,Beijing,,China,Informado,Informado,999,250 - 999,Empresa grande/fuera SME,Mid-market,AI Service complementary, Empresa diversificada que ofrece IA como una línea de servicio complementaria,Asia,2,Asia,China,China,87
Azurian,https://azurian.com/,"Las Condes, Chile",Undisclosed,Undisclosed,250 - 999,20%,Las Condes,,Chile,No informado,No informado,999,250 - 999,Empresa grande/fuera SME,Mid-market,AI Service complementary, Empresa diversificada que ofrece IA como una línea de servicio complementaria,América del Sur,0,South America,Chile,CHL,13
InfoObjectsInc.,http://www.infoobjects.com/,"San Jose, CA","$1,000+",$50 - $99 / hr,50 - 249,30%,San Jose,CA,USA,Informado,Informado,249,50 - 249,Empresa mediana/ SME,SMB,AI Service complementary, Empresa diversificada que ofrece IA como una línea de servicio complementaria,América del Norte,2,North America,USA,USA,917
ClearObject,https://www.clearobject.com/,"Fishers, IN",Undisclosed,Undisclosed,50 - 249,30%,Fishers,IN,USA,No informado,No informado,249,50 - 249,Empresa mediana/ SME,SMB,AI Service complementary, Empresa diversificada que ofrece IA como una línea de servicio complementaria,América del Norte,0,North America,USA,USA,917
TeamDevLtd.,http://www.teamdev.com/,"Tallinn, Estonia",Undisclosed,Undisclosed,50 - 249,30%,Tallinn,,Estonia,No informado,No informado,249,50 - 249,Empresa mediana/ SME,SMB,AI Service complementary, Empresa diversificada que ofrece IA como una línea de servicio complementaria,Europa,0,Europe,Estonia,EST,17
"WhaleCloudTechnologyCo.,Ltd.",https://www.iwhalecloud.com/,"Nanjing Shi, China",Undisclosed,Undisclosed,"1,000 - 9,999",15%,Nanjing Shi,,China,No informado,No informado,9999,1000 - 9999,Empresa grande /fuera SM,Enterprise,AI Service residual,Empresa diversificada cuya participación de IA es limitada o residual,Asia,0,Asia,China,China,87
INFÓRMESE,http://www.informese.co/,"Bogotá, Colombia",Undisclosed,Undisclosed,50 - 249,30%,Bogotá,,Colombia,No informado,No informado,249,50 - 249,Empresa mediana/ SME,SMB,AI Service complementary, Empresa diversificada que ofrece IA como una línea de servicio complementaria,América del Sur,0,South America,Colombia,COL,43
speak2web,https://speak2web.com,"Maple Grove, MN","$25,000+",$50 - $99 / hr,10 - 49,38%,Maple Grove,MN,USA,Informado,Informado,49,10 - 49,Empresa pequeña ,SMB,AI Service complementary, Empresa diversificada que ofrece IA como una línea de servicio complementaria,América del Norte,2,North America,USA,USA,917
BRTECHGEEKSPRIVATELIMITED,https://www.brtechgeeks.com/,"Delhi, India","$50,000+",$25 - $49 / hr,50 - 249,10%,Delhi,,India,Informado,Informado,249,50 - 249,Empresa mediana/ SME,SMB,AI Service residual,Empresa diversificada cuya participación de IA es limitada o residual,Asia,2,Asia,India,IND,441
SienaCompany,https://www.sienacompany.com/index-en,"Campinas, Brazil","$1,000+",$25 - $49 / hr,50 - 249,30%,Campinas,,Brazil,Informado,Informado,249,50 - 249,Empresa mediana/ SME,SMB,AI Service complementary, Empresa diversificada que ofrece IA como una línea de servicio complementaria,América del Sur,2,South America,Brazil,BRA,21
"Trueforce,Inc.",http://www.trueforce.com/,"Walnut Creek, CA",Undisclosed,Undisclosed,250 - 999,20%,Walnut Creek,CA,USA,No informado,No informado,999,250 - 999,Empresa grande/fuera SME,Mid-market,AI Service complementary, Empresa diversificada que ofrece IA como una línea de servicio complementaria,América del Norte,0,North America,USA,USA,917
DataSemantics,http://datasemantics.co,"Bengaluru, India",Undisclosed,Undisclosed,250 - 999,20%,Bengaluru,,India,No informado,No informado,999,250 - 999,Empresa grande/fuera SME,Mid-market,AI Service complementary, Empresa diversificada que ofrece IA como una línea de servicio complementaria,Asia,0,Asia,India,IND,441
DecimalPointAnalytics,https://decimalpointanalytics.com/,"Mumbai, India","$1,000+",$300+ / hr,250 - 999,20%,Mumbai,,India,Informado,Informado,999,250 - 999,Empresa grande/fuera SME,Mid-market,AI Service complementary, Empresa diversificada que ofrece IA como una línea de servicio complementaria,Asia,2,Asia,India,IND,441
ReleasyCustomerManagement,https://releasy.se/,"Solna, Sweden",Undisclosed,Undisclosed,250 - 999,20%,Solna,,Sweden,No informado,No informado,999,250 - 999,Empresa grande/fuera SME,Mid-market,AI Service complementary, Empresa diversificada que ofrece IA como una línea de servicio complementaria,Europa,0,Europe,Sweden,SWE,7
AutoBlock,https://www.autoblock.tech,"Cambridge, MA",Undisclosed,Undisclosed,10 - 49,50%,Cambridge,MA,USA,No informado,No informado,49,10 - 49,Empresa pequeña ,SMB,AI Focus,"Empresa con especialización destacada en IA, representa más de la mitad de su actividad",América del Norte,0,North America,USA,USA,917
OnDemandMobile&WebSolutions,http://www.evo-ux.com/,"Woodstock, GA",Undisclosed,Undisclosed,10 - 49,50%,Woodstock,GA,USA,No informado,No informado,49,10 - 49,Empresa pequeña ,SMB,AI Focus,"Empresa con especialización destacada en IA, representa más de la mitad de su actividad",América del Norte,0,North America,USA,USA,917
talented,http://www.talented.app,"Boca Raton, FL","$25,000+",$25 - $49 / hr,10 - 49,50%,Boca Raton,FL,USA,Informado,Informado,49,10 - 49,Empresa pequeña ,SMB,AI Focus,"Empresa con especialización destacada en IA, representa más de la mitad de su actividad",América del Norte,2,North America,USA,USA,917
"BlockQAI,LLC.",https://blockqai.com/,"Richardson, TX",Undisclosed,Undisclosed,10 - 49,50%,Richardson,TX,USA,No informado,No informado,49,10 - 49,Empresa pequeña ,SMB,AI Focus,"Empresa con especialización destacada en IA, representa más de la mitad de su actividad",América del Norte,0,North America,USA,USA,917
AryticUS,https://arytic.com/,"Austin, TX",Undisclosed,Undisclosed,10 - 49,50%,Austin,TX,USA,No informado,No informado,49,10 - 49,Empresa pequeña ,SMB,AI Focus,"Empresa con especialización destacada en IA, representa más de la mitad de su actividad",América del Norte,0,North America,USA,USA,917
OmniFederal,http://www.omnifederal.com/,"Gainesville, VA",Undisclosed,Undisclosed,10 - 49,50%,Gainesville,VA,USA,No informado,No informado,49,10 - 49,Empresa pequeña ,SMB,AI Focus,"Empresa con especialización destacada en IA, representa más de la mitad de su actividad",América del Norte,0,North America,USA,USA,917
DoWithAI,https://dowith.ai,"Lahore, Pakistan","$5,000+",$25 - $49 / hr,10 - 49,50%,Lahore,,Pakistan,Informado,Informado,49,10 - 49,Empresa pequeña ,SMB,AI Focus,"Empresa con especialización destacada en IA, representa más de la mitad de su actividad",Asia,2,Asia,Pakistan,PAK,61
FreestoneInfotechPvt.Ltd.,https://freestoneinfotech.com/,"Mumbai, India","$1,000+",$25 - $49 / hr,10 - 49,50%,Mumbai,,India,Informado,Informado,49,10 - 49,Empresa pequeña ,SMB,AI Focus,"Empresa con especialización destacada en IA, representa más de la mitad de su actividad",Asia,2,Asia,India,IND,441
"ShandongJiucaiInformationScience&TechnologyCo.,Ltd.",http://www.shandongtop.com,"Linyi, China","$1,000+",< $25 / hr,10 - 49,50%,Linyi,,China,Informado,Informado,49,10 - 49,Empresa pequeña ,SMB,AI Focus,"Empresa con especialización destacada en IA, representa más de la mitad de su actividad",Asia,2,Asia,China,China,87
"ShandongBlueFoxNetworkTechnologyCo.,Ltd.",http://www.lanhuwangluo.com/,"Linyi, China","$1,000+",< $25 / hr,10 - 49,50%,Linyi,,China,Informado,Informado,49,10 - 49,Empresa pequeña ,SMB,AI Focus,"Empresa con especialización destacada en IA, representa más de la mitad de su actividad",Asia,2,Asia,China,China,87
VERYTELS.A.,https://www.grupoverytel.com/,"Bogotá, Colombia",Undisclosed,Undisclosed,10 - 49,50%,Bogotá,,Colombia,No informado,No informado,49,10 - 49,Empresa pequeña ,SMB,AI Focus,"Empresa con especialización destacada en IA, representa más de la mitad de su actividad",América del Sur,0,South America,Colombia,COL,43
DisciteAnalytics&AI,https://discite.ai/,"Bengaluru, India","$5,000+",$25 - $49 / hr,10 - 49,50%,Bengaluru,,India,Informado,Informado,49,10 - 49,Empresa pequeña ,SMB,AI Focus,"Empresa con especialización destacada en IA, representa más de la mitad de su actividad",Asia,2,Asia,India,IND,441
Enterteq,https://enterteq.eu/,"București, Romania","$50,000+",$50 - $99 / hr,10 - 49,50%,București,,Romania,Informado,Informado,49,10 - 49,Empresa pequeña ,SMB,AI Focus,"Empresa con especialización destacada en IA, representa más de la mitad de su actividad",Europa,2,Europe,Romania,ROU,27
"JiangsuYemaSoftwareTechnologyCo.,Ltd.",https://www.yemast.com/,"Suzhou, China",Undisclosed,Undisclosed,10 - 49,50%,Suzhou,,China,No informado,No informado,49,10 - 49,Empresa pequeña ,SMB,AI Focus,"Empresa con especialización destacada en IA, representa más de la mitad de su actividad",Asia,0,Asia,China,China,87
"HunanShangyiNetworkTechnologyCo.,Ltd.",http://www.sonnynet.com/,"Changsha, China",Undisclosed,Undisclosed,10 - 49,50%,Changsha,,China,No informado,No informado,49,10 - 49,Empresa pequeña ,SMB,AI Focus,"Empresa con especialización destacada en IA, representa más de la mitad de su actividad",Asia,0,Asia,China,China,87
APEMobile,https://apemobile.com/,"Leederville, Australia",Undisclosed,Undisclosed,2 - 9,40%,Leederville,,Australia,No informado,No informado,9,2 - 9,Micro Empresa,SMB,AI Service complementary, Empresa diversificada que ofrece IA como una línea de servicio complementaria,Oceanía,0,Oceania,Australia,AUS,96
Eskalera,https://eskalera.com/,"San Francisco, CA",Undisclosed,Undisclosed,2 - 9,40%,San Francisco,CA,USA,No informado,No informado,9,2 - 9,Micro Empresa,SMB,AI Service complementary, Empresa diversificada que ofrece IA como una línea de servicio complementaria,América del Norte,0,North America,USA,USA,917
DynamiCall,https://www.dynamicall.com/,"Cercado de Lima, Peru",Undisclosed,Undisclosed,"1,000 - 9,999",15%,Cercado de Lima,,Peru,No informado,No informado,9999,1000 - 9999,Empresa grande /fuera SM,Enterprise,AI Service residual,Empresa diversificada cuya participación de IA es limitada o residual,América del Sur,0,South America,Peru,PER,7
AGTechnologiesPvt.Ltd,https://www.ag-technologies.com/,"Mumbai, India","$5,000+",Undisclosed,250 - 999,16%,Mumbai,,India,Informado,No informado,999,250 - 999,Empresa grande/fuera SME,Mid-market,AI Service residual,Empresa diversificada cuya participación de IA es limitada o residual,Asia,1,Asia,India,IND,441
Concirrus,https://concirrus.com/,"London, United Kingdom",Undisclosed,Undisclosed,10 - 49,35%,London,,United Kingdom,No informado,No informado,49,10 - 49,Empresa pequeña ,SMB,AI Service complementary, Empresa diversificada que ofrece IA como una línea de servicio complementaria,Europa,0,Europe,United Kingdom,GBR,304
AnswerIntelligence,https://answerintelligence.com,"Vancouver, Canada","$25,000+",$100 - $149 / hr,10 - 49,40%,Vancouver,,Canada,Informado,Informado,49,10 - 49,Empresa pequeña ,SMB,AI Service complementary, Empresa diversificada que ofrece IA como una línea de servicio complementaria,América del Norte,2,North America,Canada,CAN,126
NamiQAI,https://namiq.ai,"Ho Chi Minh, Vietnam","$5,000+",< $25 / hr,10 - 49,40%,Ho Chi Minh,,Vietnam,Informado,Informado,49,10 - 49,Empresa pequeña ,SMB,AI Service complementary, Empresa diversificada que ofrece IA como una línea de servicio complementaria,Asia,2,Asia,Vietnam,VNM,29
FairPlayConsultingMexico,https://www.fairplayconsulting.mx/,"Ciudad de México, Mexico",Undisclosed,Undisclosed,10 - 49,40%,Ciudad de México,,Mexico,No informado,No informado,49,10 - 49,Empresa pequeña ,SMB,AI Service complementary, Empresa diversificada que ofrece IA como una línea de servicio complementaria,América del Norte,0,North America,Mexico,MEX,31
iAasthaTechnologies,https://iaastha.com/,"Navi Mumbai, India","$1,000+",$25 - $49 / hr,10 - 49,40%,Navi Mumbai,,India,Informado,Informado,49,10 - 49,Empresa pequeña ,SMB,AI Service complementary, Empresa diversificada que ofrece IA como una línea de servicio complementaria,Asia,2,Asia,India,IND,441
Apptad,http://www.apptadinc.com,"Reston, VA","$50,000+",$150 - $199 / hr,250 - 999,20%,Reston,VA,USA,Informado,Informado,999,250 - 999,Empresa grande/fuera SME,Mid-market,AI Service complementary, Empresa diversificada que ofrece IA como una línea de servicio complementaria,América del Norte,2,North America,USA,USA,917
Thoucentric,https://www.thoucentric.com/,"Bengaluru, India",Undisclosed,Undisclosed,250 - 999,20%,Bengaluru,,India,No informado,No informado,999,250 - 999,Empresa grande/fuera SME,Mid-market,AI Service complementary, Empresa diversificada que ofrece IA como una línea de servicio complementaria,Asia,0,Asia,India,IND,441
Krakul,https://krakul.eu/,"Tallinn, Estonia","$25,000+",$100 - $149 / hr,10 - 49,10%,Tallinn,,Estonia,Informado,Informado,49,10 - 49,Empresa pequeña ,SMB,AI Service residual,Empresa diversificada cuya participación de IA es limitada o residual,Europa,2,Europe,Estonia,EST,17
GrupoProminente,http://www.grupoprominente.com,"Córdoba, Argentina",Undisclosed,$25 - $49 / hr,50 - 249,20%,Córdoba,,Argentina,No informado,Informado,249,50 - 249,Empresa mediana/ SME,SMB,AI Service complementary, Empresa diversificada que ofrece IA como una línea de servicio complementaria,América del Sur,1,South America,Argentina,ARG,29
CanfieldDigitalMarketingLtd.,https://www.canfielddigital.com,"Calgary, Canada","$1,000+",< $25 / hr,50 - 249,33%,Calgary,,Canada,Informado,Informado,249,50 - 249,Empresa mediana/ SME,SMB,AI Service complementary, Empresa diversificada que ofrece IA como una línea de servicio complementaria,América del Norte,2,North America,Canada,CAN,126
ContiqSoftware,https://contiq.com/,"San Jose, CA",Undisclosed,Undisclosed,10 - 49,35%,San Jose,CA,USA,No informado,No informado,49,10 - 49,Empresa pequeña ,SMB,AI Service complementary, Empresa diversificada que ofrece IA como una línea de servicio complementaria,América del Norte,0,North America,USA,USA,917
Assist,http://assist.com.co/,"Bogota, Colombia","$5,000+",$25 - $49 / hr,50 - 249,30%,Bogota,,Colombia,Informado,Informado,249,50 - 249,Empresa mediana/ SME,SMB,AI Service complementary, Empresa diversificada que ofrece IA como una línea de servicio complementaria,América del Sur,2,South America,Colombia,COL,43
Mudano,https://mudano.com/,"Edinburgh, United Kingdom",Undisclosed,Undisclosed,50 - 249,30%,Edinburgh,,United Kingdom,No informado,No informado,249,50 - 249,Empresa mediana/ SME,SMB,AI Service complementary, Empresa diversificada que ofrece IA como una línea de servicio complementaria,Europa,0,Europe,United Kingdom,GBR,304
NextGenInventCorporation,http://www.nextgeninvent.com,"Syosset, NY","$10,000+",$25 - $49 / hr,50 - 249,30%,Syosset,NY,USA,Informado,Informado,249,50 - 249,Empresa mediana/ SME,SMB,AI Service complementary, Empresa diversificada que ofrece IA como una línea de servicio complementaria,América del Norte,2,North America,USA,USA,917
ConceptSoftware&ServicesInc,http://concept-inc.com,"Alpharetta, GA",Undisclosed,Undisclosed,50 - 249,30%,Alpharetta,GA,USA,No informado,No informado,249,50 - 249,Empresa mediana/ SME,SMB,AI Service complementary, Empresa diversificada que ofrece IA como una línea de servicio complementaria,América del Norte,0,North America,USA,USA,917
"LZTechnology,Inc.",http://www.lzt.biz/,"Houston, TX",Undisclosed,Undisclosed,50 - 249,30%,Houston,TX,USA,No informado,No informado,249,50 - 249,Empresa mediana/ SME,SMB,AI Service complementary, Empresa diversificada que ofrece IA como una línea de servicio complementaria,América del Norte,0,North America,USA,USA,917
WTI,http://www.wti-solutions.com,"Fairfax, VA",Undisclosed,Undisclosed,50 - 249,30%,Fairfax,VA,USA,No informado,No informado,249,50 - 249,Empresa mediana/ SME,SMB,AI Service complementary, Empresa diversificada que ofrece IA como una línea de servicio complementaria,América del Norte,0,North America,USA,USA,917
IntelliBuddies,https://intellibuddies.com,"San Ramon, CA","$5,000+",$100 - $149 / hr,50 - 249,30%,San Ramon,CA,USA,Informado,Informado,249,50 - 249,Empresa mediana/ SME,SMB,AI Service complementary, Empresa diversificada que ofrece IA como una línea de servicio complementaria,América del Norte,2,North America,USA,USA,917
XPERTNESTSOLUTIONSPRIVATELIMITED,https://xpertnest.com/,"London, United Kingdom","$25,000+",$25 - $49 / hr,50 - 249,30%,London,,United Kingdom,Informado,Informado,249,50 - 249,Empresa mediana/ SME,SMB,AI Service complementary, Empresa diversificada que ofrece IA como una línea de servicio complementaria,Europa,2,Europe,United Kingdom,GBR,304
IRIDIAN,https://www.iridian.co/,"Bogotá, Colombia","$5,000+",$50 - $99 / hr,10 - 49,35%,Bogotá,,Colombia,Informado,Informado,49,10 - 49,Empresa pequeña ,SMB,AI Service complementary, Empresa diversificada que ofrece IA como una línea de servicio complementaria,América del Sur,2,South America,Colombia,COL,43
Seargin,https://seargin.com/,"Gdańsk, Poland",Undisclosed,$25 - $49 / hr,250 - 999,10%,Gdańsk,,Poland,No informado,Informado,999,250 - 999,Empresa grande/fuera SME,Mid-market,AI Service residual,Empresa diversificada cuya participación de IA es limitada o residual,Europa,1,Europe,Poland,POL,147
Wrench.AI,https://wrench.ai/,"Salt Lake City, UT",Undisclosed,Undisclosed,2 - 9,40%,Salt Lake City,UT,USA,No informado,No informado,9,2 - 9,Micro Empresa,SMB,AI Service complementary, Empresa diversificada que ofrece IA como una línea de servicio complementaria,América del Norte,0,North America,USA,USA,917
Cinchapi,https://cinchapi.com/,"Atlanta, GA",Undisclosed,Undisclosed,2 - 9,40%,Atlanta,GA,USA,No informado,No informado,9,2 - 9,Micro Empresa,SMB,AI Service complementary, Empresa diversificada que ofrece IA como una línea de servicio complementaria,América del Norte,0,North America,USA,USA,917
YMINTELLIGENCETECHLLP,https://ymintelligencetech.com/,"Ahmedabad, India","$1,000+",$25 - $49 / hr,2 - 9,56%,Ahmedabad,,India,Informado,Informado,9,2 - 9,Micro Empresa,SMB,AI Focus,"Empresa con especialización destacada en IA, representa más de la mitad de su actividad",Asia,2,Asia,India,IND,441
Pangeanic,https://pangeanic.com/,"València, Spain",Undisclosed,Undisclosed,10 - 49,30%,València,,Spain,No informado,No informado,49,10 - 49,Empresa pequeña ,SMB,AI Service complementary, Empresa diversificada que ofrece IA como una línea de servicio complementaria,Europa,0,Europe,Spain,ESP,29
Azavea,https://www.azavea.com/,"Philadelphia, PA",Undisclosed,Undisclosed,50 - 249,25%,Philadelphia,PA,USA,No informado,No informado,249,50 - 249,Empresa mediana/ SME,SMB,AI Service complementary, Empresa diversificada que ofrece IA como una línea de servicio complementaria,América del Norte,0,North America,USA,USA,917
CogitoCorp,https://www.cogitocorp.com/,"Boston, MA",Undisclosed,Undisclosed,50 - 249,25%,Boston,MA,USA,No informado,No informado,249,50 - 249,Empresa mediana/ SME,SMB,AI Service complementary, Empresa diversificada que ofrece IA como una línea de servicio complementaria,América del Norte,0,North America,USA,USA,917
OasisOutsourcing,https://oasisoutsourcing.co.ke/,"Nairobi, Kenya","$5,000+",< $25 / hr,50 - 249,40%,Nairobi,,Kenya,Informado,Informado,249,50 - 249,Empresa mediana/ SME,SMB,AI Service complementary, Empresa diversificada que ofrece IA como una línea de servicio complementaria,África,2,Africa,Kenya,KEN,3
NTTDATAServices,https://us.nttdata.com/en/,"Plano, TX",Undisclosed,Undisclosed,"10,000+",10%,Plano,TX,USA,No informado,No informado,10000,10000,Empresa grande /fuera SME,Enterprise,AI Service residual,Empresa diversificada cuya participación de IA es limitada o residual,América del Norte,0,North America,USA,USA,917
Kotwel,https://kotwel.com/,"Ho Chi Minh City, Vietnam","$5,000+",Undisclosed,50 - 249,40%,Ho Chi Minh City,,Vietnam,Informado,No informado,249,50 - 249,Empresa mediana/ SME,SMB,AI Service complementary, Empresa diversificada que ofrece IA como una línea de servicio complementaria,Asia,1,Asia,Vietnam,VNM,29
"TruelandInformationTechnology(Shanghai)Co.,Ltd.",https://www.marketingforce.com/,"Shanghai, China",Undisclosed,Undisclosed,"1,000 - 9,999",20%,Shanghai,,China,No informado,No informado,9999,1000 - 9999,Empresa grande /fuera SM,Enterprise,AI Service complementary, Empresa diversificada que ofrece IA como una línea de servicio complementaria,Asia,0,Asia,China,China,87
Ava,http://www.ava.me/,"San Francisco, CA",Undisclosed,Undisclosed,50 - 249,25%,San Francisco,CA,USA,No informado,No informado,249,50 - 249,Empresa mediana/ SME,SMB,AI Service complementary, Empresa diversificada que ofrece IA como una línea de servicio complementaria,América del Norte,0,North America,USA,USA,917
PerfectionGeeksTechnologies,https://www.perfectiongeeks.com/,"Gurugram, India","$1,000+",< $25 / hr,10 - 49,10%,Gurugram,,India,Informado,Informado,49,10 - 49,Empresa pequeña ,SMB,AI Service residual,Empresa diversificada cuya participación de IA es limitada o residual,Asia,2,Asia,India,IND,441
BeijingSymbioSystemsInc.,https://www.symbio.com.cn/,"Beijing, China",Undisclosed,Undisclosed,250 - 999,20%,Beijing,,China,No informado,No informado,999,250 - 999,Empresa grande/fuera SME,Mid-market,AI Service complementary, Empresa diversificada que ofrece IA como una línea de servicio complementaria,Asia,0,Asia,China,China,87
MetaFinance,https://www.metafinance.io,"Oakville, Canada","$5,000+",Undisclosed,2 - 9,40%,Oakville,,Canada,Informado,No informado,9,2 - 9,Micro Empresa,SMB,AI Service complementary, Empresa diversificada que ofrece IA como una línea de servicio complementaria,América del Norte,1,North America,Canada,CAN,126
MarketMuse,https://www.marketmuse.com/,"Boston, MA",Undisclosed,Undisclosed,50 - 249,25%,Boston,MA,USA,No informado,No informado,249,50 - 249,Empresa mediana/ SME,SMB,AI Service complementary, Empresa diversificada que ofrece IA como una línea de servicio complementaria,América del Norte,0,North America,USA,USA,917
eZdiaInc.,https://www.ezdia.com/,"Fremont, CA",Undisclosed,Undisclosed,50 - 249,25%,Fremont,CA,USA,No informado,No informado,249,50 - 249,Empresa mediana/ SME,SMB,AI Service complementary, Empresa diversificada que ofrece IA como una línea de servicio complementaria,América del Norte,0,North America,USA,USA,917
eInfochips-anArrowcompany,https://www.einfochips.com/,"San Jose, CA","$50,000+",$25 - $49 / hr,"1,000 - 9,999",10%,San Jose,CA,USA,Informado,Informado,9999,1000 - 9999,Empresa grande /fuera SM,Enterprise,AI Service residual,Empresa diversificada cuya participación de IA es limitada o residual,América del Norte,2,North America,USA,USA,917
Zinnov,http://www.zinnov.com/,"Bengaluru, India",Undisclosed,Undisclosed,50 - 249,25%,Bengaluru,,India,No informado,No informado,249,50 - 249,Empresa mediana/ SME,SMB,AI Service complementary, Empresa diversificada que ofrece IA como una línea de servicio complementaria,Asia,0,Asia,India,IND,441
Aversanlabs,https://www.aversanlabs.com,"Mississauga, Canada","$10,000+",$25 - $49 / hr,50 - 249,30%,Mississauga,,Canada,Informado,Informado,249,50 - 249,Empresa mediana/ SME,SMB,AI Service complementary, Empresa diversificada que ofrece IA como una línea de servicio complementaria,América del Norte,2,North America,Canada,CAN,126
"MaestralSolutions,Inc.",https://maestralsolutions.com/,"Atlanta, GA",Undisclosed,Undisclosed,50 - 249,25%,Atlanta,GA,USA,No informado,No informado,249,50 - 249,Empresa mediana/ SME,SMB,AI Service complementary, Empresa diversificada que ofrece IA como una línea de servicio complementaria,América del Norte,0,North America,USA,USA,917
TITConsultoria&Serviços,http://titcs.com.br/,"Brasília, Brazil",Undisclosed,Undisclosed,50 - 249,30%,Brasília,,Brazil,No informado,No informado,249,50 - 249,Empresa mediana/ SME,SMB,AI Service complementary, Empresa diversificada que ofrece IA como una línea de servicio complementaria,América del Sur,0,South America,Brazil,BRA,21
AlgolyticsTechnologies,https://algolytics.com/,"Warszawa, Poland",Undisclosed,Undisclosed,10 - 49,30%,Warszawa,,Poland,No informado,No informado,49,10 - 49,Empresa pequeña ,SMB,AI Service complementary, Empresa diversificada que ofrece IA como una línea de servicio complementaria,Europa,0,Europe,Poland,POL,147
BotPenguin,https://botpenguin.com/,"Chicago, IL","$1,000+",$50 - $99 / hr,50 - 249,25%,Chicago,IL,USA,Informado,Informado,249,50 - 249,Empresa mediana/ SME,SMB,AI Service complementary, Empresa diversificada que ofrece IA como una línea de servicio complementaria,América del Norte,2,North America,USA,USA,917
AgnitoTechnologiesPvtLTD,https://agnitotechnologies.com/,"Wilmington, DE","$10,000+",< $25 / hr,250 - 999,10%,Wilmington,DE,USA,Informado,Informado,999,250 - 999,Empresa grande/fuera SME,Mid-market,AI Service residual,Empresa diversificada cuya participación de IA es limitada o residual,América del Norte,2,North America,USA,USA,917
TraversalRoboticsPtyLtd,https://traversalrobotics.com,"Newcastle, Australia","$5,000+",Undisclosed,2 - 9,50%,Newcastle,,Australia,Informado,No informado,9,2 - 9,Micro Empresa,SMB,AI Focus,"Empresa con especialización destacada en IA, representa más de la mitad de su actividad",Oceanía,1,Oceania,Australia,AUS,96
WonderlandTechnologiesSdnBhd,http://wonderland.my/,"Wilayah Persekutuan, Malaysia",Undisclosed,Undisclosed,2 - 9,40%,Wilayah Persekutuan,,Malaysia,No informado,No informado,9,2 - 9,Micro Empresa,SMB,AI Service complementary, Empresa diversificada que ofrece IA como una línea de servicio complementaria,Asia,0,Asia,Malaysia,MYS,8
LABS357,https://labs357.com/,"Rafaela, Argentina",Undisclosed,Undisclosed,2 - 9,40%,Rafaela,,Argentina,No informado,No informado,9,2 - 9,Micro Empresa,SMB,AI Service complementary, Empresa diversificada que ofrece IA como una línea de servicio complementaria,América del Sur,0,South America,Argentina,ARG,29
LeadsRocket,https://www.leadsrocket.com/,"Santiago, Chile","$5,000+",$25 - $49 / hr,2 - 9,40%,Santiago,,Chile,Informado,Informado,9,2 - 9,Micro Empresa,SMB,AI Service complementary, Empresa diversificada que ofrece IA como una línea de servicio complementaria,América del Sur,2,South America,Chile,CHL,13
Metafused,https://www.metafused.com/,"London, United Kingdom",Undisclosed,Undisclosed,2 - 9,40%,London,,United Kingdom,No informado,No informado,9,2 - 9,Micro Empresa,SMB,AI Service complementary, Empresa diversificada que ofrece IA como una línea de servicio complementaria,Europa,0,Europe,United Kingdom,GBR,304
"AnalyticsPlus,Inc.",https://www.analyticsplus.com/,"Naperville, IL",Undisclosed,Undisclosed,2 - 9,40%,Naperville,IL,USA,No informado,No informado,9,2 - 9,Micro Empresa,SMB,AI Service complementary, Empresa diversificada que ofrece IA como una línea de servicio complementaria,América del Norte,0,North America,USA,USA,917
isLucid,https://islucid.com/,"Vilnius, Lithuania",Undisclosed,Undisclosed,2 - 9,40%,Lithuania,,Lithuania,No informado,No informado,9,2 - 9,Micro Empresa,SMB,AI Service complementary, Empresa diversificada que ofrece IA como una línea de servicio complementaria,Europa,0,Europe,Lithuania,LTU,12
Visanpy,http://www.visanpy.com,"Niš, Serbia","$1,000+",$25 - $49 / hr,2 - 9,55%,Niš,,Serbia,Informado,Informado,9,2 - 9,Micro Empresa,SMB,AI Focus,"Empresa con especialización destacada en IA, representa más de la mitad de su actividad",Europa,2,Europe,Serbia,SRB,13
NewVantagePartners,http://newvantage.com/,"Boston, MA","$10,000+",$100 - $149 / hr,10 - 49,30%,Boston,MA,USA,Informado,Informado,49,10 - 49,Empresa pequeña ,SMB,AI Service complementary, Empresa diversificada que ofrece IA como una línea de servicio complementaria,América del Norte,2,North America,USA,USA,917
OVA,http://ova.ai/,"Quebec City, Canada",Undisclosed,Undisclosed,10 - 49,30%,Quebec City,,Canada,No informado,No informado,49,10 - 49,Empresa pequeña ,SMB,AI Service complementary, Empresa diversificada que ofrece IA como una línea de servicio complementaria,América del Norte,0,North America,Canada,CAN,126
NetTracer,http://www.nettracer.aero/,"Atlanta, GA",Undisclosed,Undisclosed,10 - 49,30%,Atlanta,GA,USA,No informado,No informado,49,10 - 49,Empresa pequeña ,SMB,AI Service complementary, Empresa diversificada que ofrece IA como una línea de servicio complementaria,América del Norte,0,North America,USA,USA,917
ManoMotion,https://www.manomotion.com/,"Stockholm, Sweden","$5,000+",Undisclosed,10 - 49,30%,Stockholm,,Sweden,Informado,No informado,49,10 - 49,Empresa pequeña ,SMB,AI Service complementary, Empresa diversificada que ofrece IA como una línea de servicio complementaria,Europa,1,Europe,Sweden,SWE,7
AlbertaMachineIntelligenceInstitute,https://www.amii.ca/,"Edmonton, Canada","$10,000+",Undisclosed,50 - 249,25%,Edmonton,,Canada,Informado,No informado,249,50 - 249,Empresa mediana/ SME,SMB,AI Service complementary, Empresa diversificada que ofrece IA como una línea de servicio complementaria,América del Norte,1,North America,Canada,CAN,126
VizuaMatix,https://www.vizuamatix.com,"Sri Jayawardenepura Kotte, Sri Lanka","$5,000+",$25 - $49 / hr,50 - 249,30%,Sri Jayawardenepura Kotte,,Sri Lanka,Informado,Informado,249,50 - 249,Empresa mediana/ SME,SMB,AI Service complementary, Empresa diversificada que ofrece IA como una línea de servicio complementaria,Asia,2,Asia,Sri Lanka,LKA,15
DevPace,http://devpace.net,"Kharkiv, Ukraine","$5,000+",$50 - $99 / hr,10 - 49,35%,Kharkiv,,Ukraine,Informado,Informado,49,10 - 49,Empresa pequeña ,SMB,AI Service complementary, Empresa diversificada que ofrece IA como una línea de servicio complementaria,Europa,2,Europe,Ukraine,UKR,92
2KLIC-OpenIoTSolution,http://2klic.com/,"Laval, Canada",Undisclosed,Undisclosed,10 - 49,35%,Laval,,Canada,No informado,No informado,49,10 - 49,Empresa pequeña ,SMB,AI Service complementary, Empresa diversificada que ofrece IA como una línea de servicio complementaria,América del Norte,0,North America,Canada,CAN,126
ZINation,https://about.zination.com,"Ottawa, Canada","$10,000+",$25 - $49 / hr,10 - 49,30%,Ottawa,,Canada,Informado,Informado,49,10 - 49,Empresa pequeña ,SMB,AI Service complementary, Empresa diversificada que ofrece IA como una línea de servicio complementaria,América del Norte,2,North America,Canada,CAN,126
AssessmentSystemsCorporation,http://assess.com,"Oak Park Heights, MN","$5,000+",$100 - $149 / hr,10 - 49,30%,Oak Park Heights,MN,USA,Informado,Informado,49,10 - 49,Empresa pequeña ,SMB,AI Service complementary, Empresa diversificada que ofrece IA como una línea de servicio complementaria,América del Norte,2,North America,USA,USA,917
APEXTechnologies,https://chinapex.com/,"San Ramon, CA","$1,000+",$50 - $99 / hr,50 - 249,25%,San Ramon,CA,USA,Informado,Informado,249,50 - 249,Empresa mediana/ SME,SMB,AI Service complementary, Empresa diversificada que ofrece IA como una línea de servicio complementaria,América del Norte,2,North America,USA,USA,917
BrickSimpleLLC,https://bricksimple.com/,"Doylestown, PA",Undisclosed,Undisclosed,50 - 249,25%,Doylestown,PA,USA,No informado,No informado,249,50 - 249,Empresa mediana/ SME,SMB,AI Service complementary, Empresa diversificada que ofrece IA como una línea de servicio complementaria,América del Norte,0,North America,USA,USA,917
Cyara,https://cyara.com/,"Redwood City, CA",Undisclosed,Undisclosed,50 - 249,25%,Redwood City,CA,USA,No informado,No informado,249,50 - 249,Empresa mediana/ SME,SMB,AI Service complementary, Empresa diversificada que ofrece IA como una línea de servicio complementaria,América del Norte,0,North America,USA,USA,917
Cox2M,https://www.cox2m.com/,"Atlanta, GA",Undisclosed,Undisclosed,2 - 9,40%,Atlanta,GA,USA,No informado,No informado,9,2 - 9,Micro Empresa,SMB,AI Service complementary, Empresa diversificada que ofrece IA como una línea de servicio complementaria,América del Norte,0,North America,USA,USA,917
StrawberryBoxMedia,https://www.strawberryboxmedia.com,"Harrisburg, PA",Undisclosed,Undisclosed,250 - 999,20%,Harrisburg,PA,USA,No informado,No informado,999,250 - 999,Empresa grande/fuera SME,Mid-market,AI Service complementary, Empresa diversificada que ofrece IA como una línea de servicio complementaria,América del Norte,0,North America,USA,USA,917
ShahtezSoftwareSolutions,http://shahtez.com/,"Round Rock, TX",Undisclosed,Undisclosed,2 - 9,40%,Round Rock,TX,USA,No informado,No informado,9,2 - 9,Micro Empresa,SMB,AI Service complementary, Empresa diversificada que ofrece IA como una línea de servicio complementaria,América del Norte,0,North America,USA,USA,917
BSBIConsultancySolutions,http://www.bsbiconsulting.co.uk/,"Watford, United Kingdom","$5,000+",$50 - $99 / hr,10 - 49,30%,Watford,,United Kingdom,Informado,Informado,49,10 - 49,Empresa pequeña ,SMB,AI Service complementary, Empresa diversificada que ofrece IA como una línea de servicio complementaria,Europa,2,Europe,United Kingdom,GBR,304
ActiveWizards,https://activewizards.com/,"Singapore, Singapore","$1,000+",$25 - $49 / hr,10 - 49,30%,Singapore,,Singapore,Informado,Informado,49,10 - 49,Empresa pequeña ,SMB,AI Service complementary, Empresa diversificada que ofrece IA como una línea de servicio complementaria,Asia,2,Asia,Singapore,SGP,24
JasorenLLC,https://jasoren.com,"Aventura, FL","$25,000+",$50 - $99 / hr,10 - 49,30%,Aventura,FL,USA,Informado,Informado,49,10 - 49,Empresa pequeña ,SMB,AI Service complementary, Empresa diversificada que ofrece IA como una línea de servicio complementaria,América del Norte,2,North America,USA,USA,917
Formant,https://formant.io/,"San Francisco, CA",Undisclosed,Undisclosed,10 - 49,30%,San Francisco,CA,USA,No informado,No informado,49,10 - 49,Empresa pequeña ,SMB,AI Service complementary, Empresa diversificada que ofrece IA como una línea de servicio complementaria,América del Norte,0,North America,USA,USA,917
Attest,https://www.askattest.com/,"London, United Kingdom",Undisclosed,Undisclosed,50 - 249,25%,London,,United Kingdom,No informado,No informado,249,50 - 249,Empresa mediana/ SME,SMB,AI Service complementary, Empresa diversificada que ofrece IA como una línea de servicio complementaria,Europa,0,Europe,United Kingdom,GBR,304
CognitionX,https://cognitionx.com/,"London, United Kingdom",Undisclosed,Undisclosed,50 - 249,25%,London,,United Kingdom,No informado,No informado,249,50 - 249,Empresa mediana/ SME,SMB,AI Service complementary, Empresa diversificada que ofrece IA como una línea de servicio complementaria,Europa,0,Europe,United Kingdom,GBR,304
AppManufact,https://appmanufact.com/,"Miami, FL","$100,000+",$25 - $49 / hr,50 - 249,20%,Miami,FL,USA,Informado,Informado,249,50 - 249,Empresa mediana/ SME,SMB,AI Service complementary, Empresa diversificada que ofrece IA como una línea de servicio complementaria,América del Norte,2,North America,USA,USA,917
MaxvisionTechnologyCorp.,http://www.maxvision.com.cn/,"Shen Zhen Shi, China",Undisclosed,Undisclosed,250 - 999,25%,Shen Zhen Shi,,China,No informado,No informado,999,250 - 999,Empresa grande/fuera SME,Mid-market,AI Service complementary, Empresa diversificada que ofrece IA como una línea de servicio complementaria,Asia,0,Asia,China,China,87
QruizeTechnologiesPvt.Ltd.,http://www.qruize.com/,"Chennai, India",Undisclosed,Undisclosed,50 - 249,30%,Chennai,,India,No informado,No informado,249,50 - 249,Empresa mediana/ SME,SMB,AI Service complementary, Empresa diversificada que ofrece IA como una línea de servicio complementaria,Asia,0,Asia,India,IND,441
"SuiruiGroupCo.,Ltd.",https://www.suirui.com/,"Beijing, China",Undisclosed,Undisclosed,"1,000 - 9,999",15%,Beijing,,China,No informado,No informado,9999,1000 - 9999,Empresa grande /fuera SM,Enterprise,AI Service residual,Empresa diversificada cuya participación de IA es limitada o residual,Asia,0,Asia,China,China,87
Motifworks,https://www.motifworks.com/,"Towson, MD",Undisclosed,Undisclosed,50 - 249,10%,Towson,MD,USA,No informado,No informado,249,50 - 249,Empresa mediana/ SME,SMB,AI Service residual,Empresa diversificada cuya participación de IA es limitada o residual,América del Norte,0,North America,USA,USA,917
Kernel,http://www.krnl.ai,"Ciudad Apodaca, Mexico","$10,000+",$25 - $49 / hr,10 - 49,45%,Ciudad Apodaca,,Mexico,Informado,Informado,49,10 - 49,Empresa pequeña ,SMB,AI Service complementary, Empresa diversificada que ofrece IA como una línea de servicio complementaria,América del Norte,2,North America,Mexico,MEX,31
GREENLOGIC,https://greenlogic.pl/,"Wrocław, Poland","$25,000+",$50 - $99 / hr,10 - 49,30%,Wrocław,,Poland,Informado,Informado,49,10 - 49,Empresa pequeña ,SMB,AI Service complementary, Empresa diversificada que ofrece IA como una línea de servicio complementaria,Europa,2,Europe,Poland,POL,147
SoothsayerAnalytics,http://soothsayeranalytics.com/#home,"Livonia, MI","$5,000+",$100 - $149 / hr,10 - 49,30%,Livonia,MI,USA,Informado,Informado,49,10 - 49,Empresa pequeña ,SMB,AI Service complementary, Empresa diversificada que ofrece IA como una línea de servicio complementaria,América del Norte,2,North America,USA,USA,917
SoteriaIntelligence,https://www.soteriaintelligence.com,"Beverly Hills, CA","$5,000+",$200 - $300 / hr,10 - 49,30%,Beverly Hills,CA,USA,Informado,Informado,49,10 - 49,Empresa pequeña ,SMB,AI Service complementary, Empresa diversificada que ofrece IA como una línea de servicio complementaria,América del Norte,2,North America,USA,USA,917
Securolytics,https://securolytics.io/,"Atlanta, GA",Undisclosed,Undisclosed,10 - 49,30%,Atlanta,GA,USA,No informado,No informado,49,10 - 49,Empresa pequeña ,SMB,AI Service complementary, Empresa diversificada que ofrece IA como una línea de servicio complementaria,América del Norte,0,North America,USA,USA,917
Hatch,https://www.usehatchapp.com/,"Richmond, VA",Undisclosed,Undisclosed,10 - 49,30%,Richmond,VA,USA,No informado,No informado,49,10 - 49,Empresa pequeña ,SMB,AI Service complementary, Empresa diversificada que ofrece IA como una línea de servicio complementaria,América del Norte,0,North America,USA,USA,917
Ycenter,https://y-center.org/,"Philadelphia, PA","$5,000+",$200 - $300 / hr,10 - 49,30%,Philadelphia,PA,USA,Informado,Informado,49,10 - 49,Empresa pequeña ,SMB,AI Service complementary, Empresa diversificada que ofrece IA como una línea de servicio complementaria,América del Norte,2,North America,USA,USA,917
NDOTTechnologies,http://www.ndottech.com,"Sunnyvale, CA",Undisclosed,Undisclosed,50 - 249,25%,Sunnyvale,CA,USA,No informado,No informado,249,50 - 249,Empresa mediana/ SME,SMB,AI Service complementary, Empresa diversificada que ofrece IA como una línea de servicio complementaria,América del Norte,0,North America,USA,USA,917
DataMonsters,https://datamonsters.com/,"San Francisco, CA","$10,000+",$100 - $149 / hr,50 - 249,25%,San Francisco,CA,USA,Informado,Informado,249,50 - 249,Empresa mediana/ SME,SMB,AI Service complementary, Empresa diversificada que ofrece IA como una línea de servicio complementaria,América del Norte,2,North America,USA,USA,917
HackerbayGermany,https://hackerbay.com,"Berlin, Germany","$1,000+",$25 - $49 / hr,50 - 249,25%,Berlin,,Germany,Informado,Informado,249,50 - 249,Empresa mediana/ SME,SMB,AI Service complementary, Empresa diversificada que ofrece IA como una línea de servicio complementaria,Europa,2,Europe,Germany,DEU,47
SweetPricing,https://sweetpricing.com/,"London, United Kingdom",Undisclosed,Undisclosed,Freelancer,50%,London,,United Kingdom,No informado,No informado,0,No informado,No aplica,Freelancer,AI Focus,"Empresa con especialización destacada en IA, representa más de la mitad de su actividad",Europa,0,Europe,United Kingdom,GBR,304
ContataSolutions,https://contata.com/,"Minneapolis, MN","$50,000+",$25 - $49 / hr,250 - 999,15%,Minneapolis,MN,USA,Informado,Informado,999,250 - 999,Empresa grande/fuera SME,Mid-market,AI Service residual,Empresa diversificada cuya participación de IA es limitada o residual,América del Norte,2,North America,USA,USA,917
PITSOLUTIONS,https://www.pitsolutions.ch/en/,"Rapperswil-Jona, Switzerland","$10,000+",$25 - $49 / hr,250 - 999,10%,Rapperswil-Jona,,Switzerland,Informado,Informado,999,250 - 999,Empresa grande/fuera SME,Mid-market,AI Service residual,Empresa diversificada cuya participación de IA es limitada o residual,Europa,2,Europe,Switzerland,CHE,21
Humach,https://humach.com/,"Dubuque, IA",Undisclosed,Undisclosed,250 - 999,15%,Dubuque,IA,USA,No informado,No informado,999,250 - 999,Empresa grande/fuera SME,Mid-market,AI Service residual,Empresa diversificada cuya participación de IA es limitada o residual,América del Norte,0,North America,USA,USA,917
Hazy,https://hazy.com/,"London, United Kingdom",Undisclosed,Undisclosed,10 - 49,30%,London,,United Kingdom,No informado,No informado,49,10 - 49,Empresa pequeña ,SMB,AI Service complementary, Empresa diversificada que ofrece IA como una línea de servicio complementaria,Europa,0,Europe,United Kingdom,GBR,304
Deepmetis,https://www.deepmetis.com/#home,"Berlin, Germany","$25,000+",$50 - $99 / hr,2 - 9,50%,Berlin,,Germany,Informado,Informado,9,2 - 9,Micro Empresa,SMB,AI Focus,"Empresa con especialización destacada en IA, representa más de la mitad de su actividad",Europa,2,Europe,Germany,DEU,47
SpinlockNMR,https://www.spinlock.com.ar,"Malagueño, Argentina","$1,000+",Undisclosed,10 - 49,30%,Malagueño,,Argentina,Informado,No informado,49,10 - 49,Empresa pequeña ,SMB,AI Service complementary, Empresa diversificada que ofrece IA como una línea de servicio complementaria,América del Sur,1,South America,Argentina,ARG,29
Citadelta,https://www.citadelta.com/,"Guadalajara, Mexico",Undisclosed,Undisclosed,10 - 49,35%,Guadalajara,,Mexico,No informado,No informado,49,10 - 49,Empresa pequeña ,SMB,AI Service complementary, Empresa diversificada que ofrece IA como una línea de servicio complementaria,América del Norte,0,North America,Mexico,MEX,31
OstLab,https://ostlab.uk,"Bricket Wood, United Kingdom","$5,000+",< $25 / hr,10 - 49,35%,Bricket Wood,,United Kingdom,Informado,Informado,49,10 - 49,Empresa pequeña ,SMB,AI Service complementary, Empresa diversificada que ofrece IA como una línea de servicio complementaria,Europa,2,Europe,United Kingdom,GBR,304
MindGap,http://mindgap.dev,"London, United Kingdom","$5,000+",$50 - $99 / hr,2 - 9,50%,London,,United Kingdom,Informado,Informado,9,2 - 9,Micro Empresa,SMB,AI Focus,"Empresa con especialización destacada en IA, representa más de la mitad de su actividad",Europa,2,Europe,United Kingdom,GBR,304
Xentaurs,https://www.xentaurs.com/,"Santa Ana, CA","$1,000+",$50 - $99 / hr,10 - 49,30%,Santa Ana,CA,USA,Informado,Informado,49,10 - 49,Empresa pequeña ,SMB,AI Service complementary, Empresa diversificada que ofrece IA como una línea de servicio complementaria,América del Norte,2,North America,USA,USA,917
Takeleap,http://takeleap.com/,"Dubai, United Arab Emirates",Undisclosed,Undisclosed,10 - 49,30%,Dubai,,United Arab Emirates,No informado,No informado,49,10 - 49,Empresa pequeña ,SMB,AI Service complementary, Empresa diversificada que ofrece IA como una línea de servicio complementaria,Oriente Medio,0,Middle East,United Arab Emirates,ARE,39
Ayata,https://www.ayata.com/,"Houston, TX",Undisclosed,Undisclosed,10 - 49,30%,Houston,TX,USA,No informado,No informado,49,10 - 49,Empresa pequeña ,SMB,AI Service complementary, Empresa diversificada que ofrece IA como una línea de servicio complementaria,América del Norte,0,North America,USA,USA,917
Tignis,https://tignis.com/,"Seattle, WA",Undisclosed,Undisclosed,10 - 49,30%,Seattle,WA,USA,No informado,No informado,49,10 - 49,Empresa pequeña ,SMB,AI Service complementary, Empresa diversificada que ofrece IA como una línea de servicio complementaria,América del Norte,0,North America,USA,USA,917
Texeï,https://texei.com/nos-expertises/,"Paris, France",Undisclosed,Undisclosed,10 - 49,30%,Paris,,France,No informado,No informado,49,10 - 49,Empresa pequeña ,SMB,AI Service complementary, Empresa diversificada que ofrece IA como una línea de servicio complementaria,Europa,0,Europe,France,FRA,14
Kendaxa,http://www.kendaxa.com,"Prague, Czech Republic","$10,000+",$25 - $49 / hr,50 - 249,25%,Prague,,Czech Republic,Informado,Informado,249,50 - 249,Empresa mediana/ SME,SMB,AI Service complementary, Empresa diversificada que ofrece IA como una línea de servicio complementaria,Europa,2,Europe,Czech Republic,CZE,24
CambridgeInnovationInstitute,https://www.cambridgeinnovationinstitute.com/,"Needham, MA",Undisclosed,Undisclosed,50 - 249,25%,Needham,MA,USA,No informado,No informado,249,50 - 249,Empresa mediana/ SME,SMB,AI Service complementary, Empresa diversificada que ofrece IA como una línea de servicio complementaria,América del Norte,0,North America,USA,USA,917
SimInsights,https://www.siminsights.com/,"Lake Forest, CA",Undisclosed,Undisclosed,50 - 249,25%,Lake Forest,CA,USA,No informado,No informado,249,50 - 249,Empresa mediana/ SME,SMB,AI Service complementary, Empresa diversificada que ofrece IA como una línea de servicio complementaria,América del Norte,0,North America,USA,USA,917
ArcurveInc.,http://www.arcurve.com,"Calgary, Canada",Undisclosed,Undisclosed,50 - 249,25%,Calgary,,Canada,No informado,No informado,249,50 - 249,Empresa mediana/ SME,SMB,AI Service complementary, Empresa diversificada que ofrece IA como una línea de servicio complementaria,América del Norte,0,North America,Canada,CAN,126
SourceMeridian,https://sourcemeridian.com/,"Paoli, PA",Undisclosed,Undisclosed,50 - 249,25%,Paoli,PA,USA,No informado,No informado,249,50 - 249,Empresa mediana/ SME,SMB,AI Service complementary, Empresa diversificada que ofrece IA como una línea de servicio complementaria,América del Norte,0,North America,USA,USA,917
EnterdevS.A.S.,https://www.enterdev.com/,"Medellín, Colombia",Undisclosed,Undisclosed,50 - 249,25%,Medellín,,Colombia,No informado,No informado,249,50 - 249,Empresa mediana/ SME,SMB,AI Service complementary, Empresa diversificada que ofrece IA como una línea de servicio complementaria,América del Sur,0,South America,Colombia,COL,43
"TandTConsultingServices,Inc.",https://www.tatcs.com/,"Falls Church, VA",Undisclosed,Undisclosed,50 - 249,25%,Falls Church,VA,USA,No informado,No informado,249,50 - 249,Empresa mediana/ SME,SMB,AI Service complementary, Empresa diversificada que ofrece IA como una línea de servicio complementaria,América del Norte,0,North America,USA,USA,917
WashingtonBusinessDynamics,https://www.wbdynamics.com,"Washington, DC",Undisclosed,Undisclosed,50 - 249,25%,Washington,,USA,No informado,No informado,249,50 - 249,Empresa mediana/ SME,SMB,AI Service complementary, Empresa diversificada que ofrece IA como una línea de servicio complementaria,América del Norte,0,North America,USA,USA,917
Cenacle,https://cenacle.co.in,"Vijayawada, India","$25,000+",$100 - $149 / hr,10 - 49,30%,Vijayawada,,India,Informado,Informado,49,10 - 49,Empresa pequeña ,SMB,AI Service complementary, Empresa diversificada que ofrece IA como una línea de servicio complementaria,Asia,2,Asia,India,IND,441
UninextSolutionsPvtLtd,http://uninextsolutions.com,"Delhi, India","$1,000+",$25 - $49 / hr,2 - 9,40%,Delhi,,India,Informado,Informado,9,2 - 9,Micro Empresa,SMB,AI Service complementary, Empresa diversificada que ofrece IA como una línea de servicio complementaria,Asia,2,Asia,India,IND,441
"EvoGroupTechnologies,Inc.",https://www.egtech.us,"Birmingham, AL",Undisclosed,Undisclosed,2 - 9,40%,Birmingham,AL,USA,No informado,No informado,9,2 - 9,Micro Empresa,SMB,AI Service complementary, Empresa diversificada que ofrece IA como una línea de servicio complementaria,América del Norte,0,North America,USA,USA,917
"Zakiant,LLC",https://zakiant.com/,"Naperville, IL",Undisclosed,Undisclosed,2 - 9,40%,Naperville,IL,USA,No informado,No informado,9,2 - 9,Micro Empresa,SMB,AI Service complementary, Empresa diversificada que ofrece IA como una línea de servicio complementaria,América del Norte,0,North America,USA,USA,917
Teraby,https://teraby.com,"Ciudad de Guatemala, Guatemala","$5,000+",$50 - $99 / hr,2 - 9,40%,Ciudad de Guatemala,,Guatemala,Informado,Informado,9,2 - 9,Micro Empresa,SMB,AI Service complementary, Empresa diversificada que ofrece IA como una línea de servicio complementaria,Centroamérica,2,Central America,Guatemala,Guatemala,2
TriverumLLC,http://www.triverum.com,"Frisco, TX",Undisclosed,Undisclosed,2 - 9,40%,Frisco,TX,USA,No informado,No informado,9,2 - 9,Micro Empresa,SMB,AI Service complementary, Empresa diversificada que ofrece IA como una línea de servicio complementaria,América del Norte,0,North America,USA,USA,917
LeverageAxiomConsulting,https://www.indiamart.com/jeemboomba/aboutus.html,"Bengaluru, India","$1,000+",$150 - $199 / hr,2 - 9,30%,Bengaluru,,India,Informado,Informado,9,2 - 9,Micro Empresa,SMB,AI Service complementary, Empresa diversificada que ofrece IA como una línea de servicio complementaria,Asia,2,Asia,India,IND,441
GlobalOrange,https://www.globalorange.nl/,"Amsterdam, Netherlands","$10,000+",Undisclosed,50 - 249,20%,Amsterdam,,Netherlands,Informado,No informado,249,50 - 249,Empresa mediana/ SME,SMB,AI Service complementary, Empresa diversificada que ofrece IA como una línea de servicio complementaria,Europa,1,Europe,Netherlands,NLD,26
Idexcel,http://www.idexcel.com/,"Herndon, VA",Undisclosed,Undisclosed,250 - 999,15%,Herndon,VA,USA,No informado,No informado,999,250 - 999,Empresa grande/fuera SME,Mid-market,AI Service residual,Empresa diversificada cuya participación de IA es limitada o residual,América del Norte,0,North America,USA,USA,917
A-team,https://a-team.com.ua/en/,"Kyiv, Ukraine","$5,000+",$25 - $49 / hr,10 - 49,10%,Kyiv,,Ukraine,Informado,Informado,49,10 - 49,Empresa pequeña ,SMB,AI Service residual,Empresa diversificada cuya participación de IA es limitada o residual,Europa,2,Europe,Ukraine,UKR,92
VTI,https://www.vti.com.vn,"Ha Noi, Vietnam","$5,000+",$25 - $49 / hr,250 - 999,15%,Ha Noi,,Vietnam,Informado,Informado,999,250 - 999,Empresa grande/fuera SME,Mid-market,AI Service residual,Empresa diversificada cuya participación de IA es limitada o residual,Asia,2,Asia,Vietnam,VNM,29
ShatavaDigitalStudio,https://shatava.com/en/,"Sumy, Ukraine","$5,000+",$25 - $49 / hr,10 - 49,30%,Sumy,,Ukraine,Informado,Informado,49,10 - 49,Empresa pequeña ,SMB,AI Service complementary, Empresa diversificada que ofrece IA como una línea de servicio complementaria,Europa,2,Europe,Ukraine,UKR,92
CasaleggioAssociati,https://www.casaleggio.it/,"Milano, Italy",Undisclosed,Undisclosed,10 - 49,25%,Milano,,Italy,No informado,No informado,49,10 - 49,Empresa pequeña ,SMB,AI Service complementary, Empresa diversificada que ofrece IA como una línea de servicio complementaria,Europa,0,Europe,Italy,ITA,18
Gigster,https://gigster.com/,"San Francisco, CA",Undisclosed,Undisclosed,10 - 49,25%,San Francisco,CA,USA,No informado,No informado,49,10 - 49,Empresa pequeña ,SMB,AI Service complementary, Empresa diversificada que ofrece IA como una línea de servicio complementaria,América del Norte,0,North America,USA,USA,917
E2OPENShanghai,http://www.e2open.com/,"Shanghai, China",Undisclosed,Undisclosed,10 - 49,25%,Shanghai,,China,No informado,No informado,49,10 - 49,Empresa pequeña ,SMB,AI Service complementary, Empresa diversificada que ofrece IA como una línea de servicio complementaria,Asia,0,Asia,China,China,87
UrbanTide,https://urbantide.com/,"Edinburgh, United Kingdom",Undisclosed,Undisclosed,2 - 9,35%,Edinburgh,,United Kingdom,No informado,No informado,9,2 - 9,Micro Empresa,SMB,AI Service complementary, Empresa diversificada que ofrece IA como una línea de servicio complementaria,Europa,0,Europe,United Kingdom,GBR,304
Qwertee.io,https://www.qwertee.io,"Cluj-Napoca, Romania","$50,000+",$50 - $99 / hr,2 - 9,35%,Cluj-Napoca,,Romania,Informado,Informado,9,2 - 9,Micro Empresa,SMB,AI Service complementary, Empresa diversificada que ofrece IA como una línea de servicio complementaria,Europa,2,Europe,Romania,ROU,27
Prodequa,https://prodequa.com/,"Lima, Peru","$5,000+",$25 - $49 / hr,10 - 49,30%,Lima,,Peru,Informado,Informado,49,10 - 49,Empresa pequeña ,SMB,AI Service complementary, Empresa diversificada que ofrece IA como una línea de servicio complementaria,América del Sur,2,South America,Peru,PER,7
EigenInnovationsInc.,https://eigen.io/the-eigen-solution/,"Fredericton, Canada",Undisclosed,Undisclosed,10 - 49,30%,Fredericton,,Canada,No informado,No informado,49,10 - 49,Empresa pequeña ,SMB,AI Service complementary, Empresa diversificada que ofrece IA como una línea de servicio complementaria,América del Norte,0,North America,Canada,CAN,126
Hishab,http://www.hishab.co/,"Dhaka, Bangladesh",Undisclosed,Undisclosed,10 - 49,30%,Dhaka,,Bangladesh,No informado,No informado,49,10 - 49,Empresa pequeña ,SMB,AI Service complementary, Empresa diversificada que ofrece IA como una línea de servicio complementaria,Asia,0,Asia,Bangladesh,BGD,19
Airts,http://www.airts.co.uk,"Edinburgh, United Kingdom",Undisclosed,Undisclosed,10 - 49,30%,Edinburgh,,United Kingdom,No informado,No informado,49,10 - 49,Empresa pequeña ,SMB,AI Service complementary, Empresa diversificada que ofrece IA como una línea de servicio complementaria,Europa,0,Europe,United Kingdom,GBR,304
HyperAspect,http://www.hyperaspect.com,"Sofia, Bulgaria","$25,000+",$50 - $99 / hr,10 - 49,30%,Sofia,,Bulgaria,Informado,Informado,49,10 - 49,Empresa pequeña ,SMB,AI Service complementary, Empresa diversificada que ofrece IA como una línea de servicio complementaria,Europa,2,Europe,Bulgaria,BGR,20
HDataSystems,https://www.hdatasystems.com/,"Ahmedabad, India","$10,000+",< $25 / hr,10 - 49,30%,Ahmedabad,,India,Informado,Informado,49,10 - 49,Empresa pequeña ,SMB,AI Service complementary, Empresa diversificada que ofrece IA como una línea de servicio complementaria,Asia,2,Asia,India,IND,441
M>,https://www.mgt-consulting.com/,"Madrid, Spain",Undisclosed,Undisclosed,10 - 49,30%,Madrid,,Spain,No informado,No informado,49,10 - 49,Empresa pequeña ,SMB,AI Service complementary, Empresa diversificada que ofrece IA como una línea de servicio complementaria,Europa,0,Europe,Spain,ESP,29
Emser,http://www.emser.net/,"Cordoba, Argentina",Undisclosed,Undisclosed,10 - 49,30%,Cordoba,,Argentina,No informado,No informado,49,10 - 49,Empresa pequeña ,SMB,AI Service complementary, Empresa diversificada que ofrece IA como una línea de servicio complementaria,América del Sur,0,South America,Argentina,ARG,29
"WisdomTreeTechnologies,LLC",https://www.wttnae.com/,"Murray, KY",Undisclosed,Undisclosed,10 - 49,30%,Murray,KY,USA,No informado,No informado,49,10 - 49,Empresa pequeña ,SMB,AI Service complementary, Empresa diversificada que ofrece IA como una línea de servicio complementaria,América del Norte,0,North America,USA,USA,917
Navteca,https://www.navteca.com/,"Bethesda, MD",Undisclosed,Undisclosed,10 - 49,30%,Bethesda,MD,USA,No informado,No informado,49,10 - 49,Empresa pequeña ,SMB,AI Service complementary, Empresa diversificada que ofrece IA como una línea de servicio complementaria,América del Norte,0,North America,USA,USA,917
WawAsiaCorpJSC,https://waw.asia/,"New York, NY","$25,000+",< $25 / hr,10 - 49,30%,New York,NY,USA,Informado,Informado,49,10 - 49,Empresa pequeña ,SMB,AI Service complementary, Empresa diversificada que ofrece IA como una línea de servicio complementaria,América del Norte,2,North America,USA,USA,917
TeamExtensionSRL,https://teamextension.lv/,"București, Romania","$10,000+",$100 - $149 / hr,50 - 249,25%,București,,Romania,Informado,Informado,249,50 - 249,Empresa mediana/ SME,SMB,AI Service complementary, Empresa diversificada que ofrece IA como una línea de servicio complementaria,Europa,2,Europe,Romania,ROU,27
IAGOTechnologie,https://iagotechnologie.fr/,"Péronne-en-Mélantois, France","$5,000+",$100 - $149 / hr,2 - 9,50%,Péronne-en-Mélantois,,France,Informado,Informado,9,2 - 9,Micro Empresa,SMB,AI Focus,"Empresa con especialización destacada en IA, representa más de la mitad de su actividad",Europa,2,Europe,France,FRA,14
ActionX,https://www.actionx.com.au/,"Macquarie Park, Australia",Undisclosed,Undisclosed,2 - 9,50%,Macquarie Park,,Australia,No informado,No informado,9,2 - 9,Micro Empresa,SMB,AI Focus,"Empresa con especialización destacada en IA, representa más de la mitad de su actividad",Oceanía,0,Oceania,Australia,AUS,96
Astraoutsourcing,http://astraoutsourcing.com/,"Kyiv, Ukraine","$1,000+",$25 - $49 / hr,2 - 9,50%,Kyiv,,Ukraine,Informado,Informado,9,2 - 9,Micro Empresa,SMB,AI Focus,"Empresa con especialización destacada en IA, representa más de la mitad de su actividad",Europa,2,Europe,Ukraine,UKR,92
m1ESolutions,http://www.m1esolutions.com/,"Sugar Hill, GA",Undisclosed,Undisclosed,2 - 9,50%,Sugar Hill,GA,USA,No informado,No informado,9,2 - 9,Micro Empresa,SMB,AI Focus,"Empresa con especialización destacada en IA, representa más de la mitad de su actividad",América del Norte,0,North America,USA,USA,917
YannayTechnologies,http://www.yannaytech.com/,"Alpharetta, GA",Undisclosed,Undisclosed,2 - 9,50%,Alpharetta,GA,USA,No informado,No informado,9,2 - 9,Micro Empresa,SMB,AI Focus,"Empresa con especialización destacada en IA, representa más de la mitad de su actividad",América del Norte,0,North America,USA,USA,917
TechDelegatesInc,http://techdelegates.com,"South Plainfield, NJ",Undisclosed,Undisclosed,2 - 9,50%,South Plainfield,NJ,USA,No informado,No informado,9,2 - 9,Micro Empresa,SMB,AI Focus,"Empresa con especialización destacada en IA, representa más de la mitad de su actividad",América del Norte,0,North America,USA,USA,917
Engage&Echo,http://www.engageecho.com,"Randolph, NJ",Undisclosed,Undisclosed,2 - 9,50%,Randolph,NJ,USA,No informado,No informado,9,2 - 9,Micro Empresa,SMB,AI Focus,"Empresa con especialización destacada en IA, representa más de la mitad de su actividad",América del Norte,0,North America,USA,USA,917
PueoBusinessSolutionsLLC,https://www.pueo.com/,"Fredericksburg, VA",Undisclosed,Undisclosed,50 - 249,25%,Fredericksburg,VA,USA,No informado,No informado,249,50 - 249,Empresa mediana/ SME,SMB,AI Service complementary, Empresa diversificada que ofrece IA como una línea de servicio complementaria,América del Norte,0,North America,USA,USA,917
AzanaTechInc.,https://www.azanatech.com/,"Sandy Springs, GA",Undisclosed,Undisclosed,2 - 9,50%,Sandy Springs,GA,USA,No informado,No informado,9,2 - 9,Micro Empresa,SMB,AI Focus,"Empresa con especialización destacada en IA, representa más de la mitad de su actividad",América del Norte,0,North America,USA,USA,917
ATownData,https://atowndata.com/,"Atlanta, GA",Undisclosed,Undisclosed,2 - 9,50%,Atlanta,GA,USA,No informado,No informado,9,2 - 9,Micro Empresa,SMB,AI Focus,"Empresa con especialización destacada en IA, representa más de la mitad de su actividad",América del Norte,0,North America,USA,USA,917
Innovature,https://innovature.ai/,"Kanda Jimbocho, Japan","$5,000+",$25 - $49 / hr,50 - 249,25%,Kanda Jimbocho,,Japan,Informado,Informado,249,50 - 249,Empresa mediana/ SME,SMB,AI Service complementary, Empresa diversificada que ofrece IA como una línea de servicio complementaria,Asia,2,Asia,Japan,Japan,8
SIGlobalSolutions,http://www.sigbl.com,"Karachi, Pakistan","$5,000+",$25 - $49 / hr,50 - 249,20%,Karachi,,Pakistan,Informado,Informado,249,50 - 249,Empresa mediana/ SME,SMB,AI Service complementary, Empresa diversificada que ofrece IA como una línea de servicio complementaria,Asia,2,Asia,Pakistan,PAK,61
DeepInfoLab,https://www.deepinfolab.com,"Pune, India","$1,000+",$50 - $99 / hr,2 - 9,50%,Pune,,India,Informado,Informado,9,2 - 9,Micro Empresa,SMB,AI Focus,"Empresa con especialización destacada en IA, representa más de la mitad de su actividad",Asia,2,Asia,India,IND,441
Thadeus.AI-BespokeAISolutions,http://thadeus.ai,"Kraków, Poland","$10,000+",$50 - $99 / hr,2 - 9,50%,Kraków,,Poland,Informado,Informado,9,2 - 9,Micro Empresa,SMB,AI Focus,"Empresa con especialización destacada en IA, representa más de la mitad de su actividad",Europa,2,Europe,Poland,POL,147
"DATUM,S.A.DEC.V.",https://www.datumredsoft.com/,"San Salvador, El Salvador",Undisclosed,Undisclosed,50 - 249,25%,San Salvador,,El Salvador,No informado,No informado,249,50 - 249,Empresa mediana/ SME,SMB,AI Service complementary, Empresa diversificada que ofrece IA como una línea de servicio complementaria,Centroamérica,0,Central America,El Salvador,El Salvador,5
ninecoves,https://ninecoves.com/,"Thousand Oaks, CA",Undisclosed,Undisclosed,2 - 9,50%,Thousand Oaks,CA,USA,No informado,No informado,9,2 - 9,Micro Empresa,SMB,AI Focus,"Empresa con especialización destacada en IA, representa más de la mitad de su actividad",América del Norte,0,North America,USA,USA,917
RobotLegionDigital,https://www.robotlegion.com.au,"Melbourne, Australia",Undisclosed,Undisclosed,2 - 9,50%,Melbourne,,Australia,No informado,No informado,9,2 - 9,Micro Empresa,SMB,AI Focus,"Empresa con especialización destacada en IA, representa más de la mitad de su actividad",Oceanía,0,Oceania,Australia,AUS,96
Ticasgest,http://www.ticasgest.pt/,"Carnaxide, Portugal",Undisclosed,Undisclosed,2 - 9,50%,Carnaxide,,Portugal,No informado,No informado,9,2 - 9,Micro Empresa,SMB,AI Focus,"Empresa con especialización destacada en IA, representa más de la mitad de su actividad",Europa,0,Europe,Portugal,PRT,9
BrandProtection.ai,https://brandprotection.ai,"Kyiv, Ukraine","$5,000+",Undisclosed,2 - 9,50%,Kyiv,,Ukraine,Informado,No informado,9,2 - 9,Micro Empresa,SMB,AI Focus,"Empresa con especialización destacada en IA, representa más de la mitad de su actividad",Europa,1,Europe,Ukraine,UKR,92
ELVAAI,https://elvaai.com/,"San José, Costa Rica","$25,000+",$25 - $49 / hr,2 - 9,50%,San José,,Costa Rica,Informado,Informado,9,2 - 9,Micro Empresa,SMB,AI Focus,"Empresa con especialización destacada en IA, representa más de la mitad de su actividad",Centroamérica,2,Central America,Costa Rica,Costa Rica,9
Meaningfy,http://meaningfy.ws,"Lintgen, Luxembourg","$50,000+",$50 - $99 / hr,2 - 9,50%,Lintgen,,Luxembourg,Informado,Informado,9,2 - 9,Micro Empresa,SMB,AI Focus,"Empresa con especialización destacada en IA, representa más de la mitad de su actividad",Europa,2,Europe,Luxembourg,LUX,1
ŠkerlakData+Analytics,http://www.skerlak.ch/,"Zürich, Switzerland",Undisclosed,Undisclosed,2 - 9,50%,Zürich,,Switzerland,No informado,No informado,9,2 - 9,Micro Empresa,SMB,AI Focus,"Empresa con especialización destacada en IA, representa más de la mitad de su actividad",Europa,0,Europe,Switzerland,CHE,21
"ShenzhenYoucaiTechnologyCo.,Ltd.",https://www.szuckj.com/,"Shenzhen, China",Undisclosed,Undisclosed,2 - 9,50%,Shenzhen,,China,No informado,No informado,9,2 - 9,Micro Empresa,SMB,AI Focus,"Empresa con especialización destacada en IA, representa más de la mitad de su actividad",Asia,0,Asia,China,China,87
TesseractTechnoLabs,https://www.tesseracttchnolabs.com/,"Ahmedabad, India","$1,000+",< $25 / hr,2 - 9,50%,Ahmedabad,,India,Informado,Informado,9,2 - 9,Micro Empresa,SMB,AI Focus,"Empresa con especialización destacada en IA, representa más de la mitad de su actividad",Asia,2,Asia,India,IND,441
VoiceContactCenter,http://www.oex-vcc.com,"Warszawa, Poland",Undisclosed,Undisclosed,"1,000 - 9,999",10%,Warszawa,,Poland,No informado,No informado,9999,1000 - 9999,Empresa grande /fuera SM,Enterprise,AI Service residual,Empresa diversificada cuya participación de IA es limitada o residual,Europa,0,Europe,Poland,POL,147
DadenLtd,http://www.daden.co.uk/,"Birmingham, United Kingdom",Undisclosed,Undisclosed,2 - 9,30%,Birmingham,,United Kingdom,No informado,No informado,9,2 - 9,Micro Empresa,SMB,AI Service complementary, Empresa diversificada que ofrece IA como una línea de servicio complementaria,Europa,0,Europe,United Kingdom,GBR,304
DynamicsSquareUK,https://www.dynamicssquare.co.uk/,"Islington, United Kingdom","$10,000+",$200 - $300 / hr,50 - 249,10%,Islington,,United Kingdom,Informado,Informado,249,50 - 249,Empresa mediana/ SME,SMB,AI Service residual,Empresa diversificada cuya participación de IA es limitada o residual,Europa,2,Europe,United Kingdom,GBR,304
ExperfyInc,http://www.experfy.com,"Boston, MA","$5,000+",$100 - $149 / hr,10 - 49,25%,Boston,MA,USA,Informado,Informado,49,10 - 49,Empresa pequeña ,SMB,AI Service complementary, Empresa diversificada que ofrece IA como una línea de servicio complementaria,América del Norte,2,North America,USA,USA,917
SoupToNutsApps,https://s2napps.com/,"Los Angeles, CA","$25,000+",$100 - $149 / hr,10 - 49,40%,Los Angeles,CA,USA,Informado,Informado,49,10 - 49,Empresa pequeña ,SMB,AI Service complementary, Empresa diversificada que ofrece IA como una línea de servicio complementaria,América del Norte,2,North America,USA,USA,917
VigilantTechnologiesLLC,https://vigilant-inc.com/,"Troy, MI",Undisclosed,Undisclosed,250 - 999,15%,Troy,MI,USA,No informado,No informado,999,250 - 999,Empresa grande/fuera SME,Mid-market,AI Service residual,Empresa diversificada cuya participación de IA es limitada o residual,América del Norte,0,North America,USA,USA,917
PwCDataAnalytics,https://www.pwc.pl/en/services/data-analytics.html,"Warszawa, Poland","$25,000+",Undisclosed,"1,000 - 9,999",10%,Warszawa,,Poland,Informado,No informado,9999,1000 - 9999,Empresa grande /fuera SM,Enterprise,AI Service residual,Empresa diversificada cuya participación de IA es limitada o residual,Europa,1,Europe,Poland,POL,147
EACOMMCorporation,https://www.eacomm.com/,"Quezon City, Philippines","$10,000+",$100 - $149 / hr,10 - 49,25%,Quezon City,,Philippines,Informado,Informado,49,10 - 49,Empresa pequeña ,SMB,AI Service complementary, Empresa diversificada que ofrece IA como una línea de servicio complementaria,Asia,2,Asia,Philippines,PHL,6
MerlinOne,https://merlinone.com/,"Quincy, MA",Undisclosed,Undisclosed,10 - 49,25%,Quincy,MA,USA,No informado,No informado,49,10 - 49,Empresa pequeña ,SMB,AI Service complementary, Empresa diversificada que ofrece IA como una línea de servicio complementaria,América del Norte,0,North America,USA,USA,917
QualityProfessionals,https://q-pros.com,"Houston, TX",Undisclosed,Undisclosed,50 - 249,20%,Houston,TX,USA,No informado,No informado,249,50 - 249,Empresa mediana/ SME,SMB,AI Service complementary, Empresa diversificada que ofrece IA como una línea de servicio complementaria,América del Norte,0,North America,USA,USA,917
"Accenture(China)Co.,Ltd.",https://www.accenture.com/cn-en,"Hong Kong, Hong Kong",Undisclosed,Undisclosed,"1,000 - 9,999",10%,Hong Kong,,Hong Kong,No informado,No informado,9999,1000 - 9999,Empresa grande /fuera SM,Enterprise,AI Service residual,Empresa diversificada cuya participación de IA es limitada o residual,Asia,0,Asia,Hong Kong,HKG,12
[x]cubeLABS,https://www.xcubelabs.com/,"Dallas, TX","$25,000+",$50 - $99 / hr,250 - 999,10%,Dallas,TX,USA,Informado,Informado,999,250 - 999,Empresa grande/fuera SME,Mid-market,AI Service residual,Empresa diversificada cuya participación de IA es limitada o residual,América del Norte,2,North America,USA,USA,917
GramenerTechnologySolutions,https://gramener.com/,"Hyderabad, India",Undisclosed,Undisclosed,50 - 249,20%,Hyderabad,,India,No informado,No informado,249,50 - 249,Empresa mediana/ SME,SMB,AI Service complementary, Empresa diversificada que ofrece IA como una línea de servicio complementaria,Asia,0,Asia,India,IND,441
Oursky,https://oursky.com/,"Kowloon, Hong Kong","$25,000+",$100 - $149 / hr,50 - 249,20%,Kowloon,,Hong Kong,Informado,Informado,249,50 - 249,Empresa mediana/ SME,SMB,AI Service complementary, Empresa diversificada que ofrece IA como una línea de servicio complementaria,Asia,2,Asia,Hong Kong,HKG,12
EverString,https://www.everstring.com/,"San Mateo, CA","$5,000+",$100 - $149 / hr,50 - 249,20%,San Mateo,CA,USA,Informado,Informado,249,50 - 249,Empresa mediana/ SME,SMB,AI Service complementary, Empresa diversificada que ofrece IA como una línea de servicio complementaria,América del Norte,2,North America,USA,USA,917
AxiomZen,http://www.axiomzen.co/,"Vancouver, Canada",Undisclosed,Undisclosed,50 - 249,20%,Vancouver,,Canada,No informado,No informado,249,50 - 249,Empresa mediana/ SME,SMB,AI Service complementary, Empresa diversificada que ofrece IA como una línea de servicio complementaria,América del Norte,0,North America,Canada,CAN,126
Kinetica,http://www.kinetica.com,"San Francisco, CA",Undisclosed,Undisclosed,50 - 249,20%,San Francisco,CA,USA,No informado,No informado,249,50 - 249,Empresa mediana/ SME,SMB,AI Service complementary, Empresa diversificada que ofrece IA como una línea de servicio complementaria,América del Norte,0,North America,USA,USA,917
ImperialResourceGroup,https://www.imperialresourcegroup.com/,"Macon, GA",Undisclosed,Undisclosed,10 - 49,30%,Macon,GA,USA,No informado,No informado,49,10 - 49,Empresa pequeña ,SMB,AI Service complementary, Empresa diversificada que ofrece IA como una línea de servicio complementaria,América del Norte,0,North America,USA,USA,917
Vitwit,https://www.vitwit.com/,"Madhapur, India","$10,000+",$25 - $49 / hr,10 - 49,30%,Madhapur,,India,Informado,Informado,49,10 - 49,Empresa pequeña ,SMB,AI Service complementary, Empresa diversificada que ofrece IA como una línea de servicio complementaria,Asia,2,Asia,India,IND,441
AdagioConsultores,https://adagio.com.uy/,"Montevideo, Uruguay",Undisclosed,Undisclosed,10 - 49,30%,Montevideo,,Uruguay,No informado,No informado,49,10 - 49,Empresa pequeña ,SMB,AI Service complementary, Empresa diversificada que ofrece IA como una línea de servicio complementaria,América del Sur,0,South America,Uruguay,URY,22
ReputaciónDigital,https://reputacion.digital/,"Cordoba, Argentina",Undisclosed,Undisclosed,10 - 49,30%,Cordoba,,Argentina,No informado,No informado,49,10 - 49,Empresa pequeña ,SMB,AI Service complementary, Empresa diversificada que ofrece IA como una línea de servicio complementaria,América del Sur,0,South America,Argentina,ARG,29
ElectiConsulting,https://electiconsulting.com,"London, United Kingdom","$25,000+",$100 - $149 / hr,10 - 49,30%,London,,United Kingdom,Informado,Informado,49,10 - 49,Empresa pequeña ,SMB,AI Service complementary, Empresa diversificada que ofrece IA como una línea de servicio complementaria,Europa,2,Europe,United Kingdom,GBR,304
DataProducts,https://dataproducts.io/,"Chicago, IL","$50,000+",Undisclosed,10 - 49,30%,Chicago,IL,USA,Informado,No informado,49,10 - 49,Empresa pequeña ,SMB,AI Service complementary, Empresa diversificada que ofrece IA como una línea de servicio complementaria,América del Norte,1,North America,USA,USA,917
Brainnwave,https://brainnwave.ai/,"Edinburgh, United Kingdom",Undisclosed,Undisclosed,10 - 49,30%,Edinburgh,,United Kingdom,No informado,No informado,49,10 - 49,Empresa pequeña ,SMB,AI Service complementary, Empresa diversificada que ofrece IA como una línea de servicio complementaria,Europa,0,Europe,United Kingdom,GBR,304
DirelliLLC,https://direlli.com/,"Yerevan, Armenia","$5,000+",$25 - $49 / hr,10 - 49,10%,Yerevan,,Armenia,Informado,Informado,49,10 - 49,Empresa pequeña ,SMB,AI Service residual,Empresa diversificada cuya participación de IA es limitada o residual,Asia,2,Asia,Armenia,ARM,11
DeepLearningPartnership,http://www.deeplp.com/,"London, United Kingdom",Undisclosed,Undisclosed,Freelancer,50%,London,,United Kingdom,No informado,No informado,0,No informado,No aplica,Freelancer,AI Focus,"Empresa con especialización destacada en IA, representa más de la mitad de su actividad",Europa,0,Europe,United Kingdom,GBR,304
Agmis,http://www.agmis.eu,"Kaunas, Lithuania",Undisclosed,Undisclosed,50 - 249,25%,Kaunas,,Lithuania,No informado,No informado,249,50 - 249,Empresa mediana/ SME,SMB,AI Service complementary, Empresa diversificada que ofrece IA como una línea de servicio complementaria,Europa,0,Europe,Lithuania,LTU,12
findfacts,https://www.findfacts.in/,"Hyderabad, India","$1,000+",$25 - $49 / hr,Freelancer,50%,Hyderabad,,India,Informado,Informado,0,No informado,No aplica,Freelancer,AI Focus,"Empresa con especialización destacada en IA, representa más de la mitad de su actividad",Asia,2,Asia,India,IND,441
StraViso,https://straviso.com,"Frisco, TX",Undisclosed,Undisclosed,50 - 249,25%,Frisco,TX,USA,No informado,No informado,249,50 - 249,Empresa mediana/ SME,SMB,AI Service complementary, Empresa diversificada que ofrece IA como una línea de servicio complementaria,América del Norte,0,North America,USA,USA,917
Innovior,https://www.innovior.com/,"Melbourne, Australia",Undisclosed,Undisclosed,50 - 249,25%,Melbourne,,Australia,No informado,No informado,249,50 - 249,Empresa mediana/ SME,SMB,AI Service complementary, Empresa diversificada que ofrece IA como una línea de servicio complementaria,Oceanía,0,Oceania,Australia,AUS,96
"DelawareManagedServicesandITConsulting,Inc",https://www.delaware.pro/en-PH,"Taguig, Philippines",Undisclosed,Undisclosed,10 - 49,25%,Taguig,,Philippines,No informado,No informado,49,10 - 49,Empresa pequeña ,SMB,AI Service complementary, Empresa diversificada que ofrece IA como una línea de servicio complementaria,Asia,0,Asia,Philippines,PHL,6
"EasyAskTechnologies,Inc.",https://www.easyask.com/,"Burlington, MA",Undisclosed,Undisclosed,10 - 49,25%,Burlington,MA,USA,No informado,No informado,49,10 - 49,Empresa pequeña ,SMB,AI Service complementary, Empresa diversificada que ofrece IA como una línea de servicio complementaria,América del Norte,0,North America,USA,USA,917
HungryBytes,http://hungrybytes.co/,"Iași, Romania","$10,000+",$50 - $99 / hr,10 - 49,10%,Iași,,Romania,Informado,Informado,49,10 - 49,Empresa pequeña ,SMB,AI Service residual,Empresa diversificada cuya participación de IA es limitada o residual,Europa,2,Europe,Romania,ROU,27
Adimen,https://adimen.tech,"Odesa, Ukraine","$5,000+",$25 - $49 / hr,10 - 49,30%,Odesa,,Ukraine,Informado,Informado,49,10 - 49,Empresa pequeña ,SMB,AI Service complementary, Empresa diversificada que ofrece IA como una línea de servicio complementaria,Europa,2,Europe,Ukraine,UKR,92
B12,https://www.b12.io/free-draft,"New York, NY","$1,000+",$50 - $99 / hr,10 - 49,20%,New York,NY,USA,Informado,Informado,49,10 - 49,Empresa pequeña ,SMB,AI Service complementary, Empresa diversificada que ofrece IA como una línea de servicio complementaria,América del Norte,2,North America,USA,USA,917
"Devfi,Inc",https://www.devfi.com,"Columbus, OH","$10,000+",$50 - $99 / hr,250 - 999,20%,Columbus,OH,USA,Informado,Informado,999,250 - 999,Empresa grande/fuera SME,Mid-market,AI Service complementary, Empresa diversificada que ofrece IA como una línea de servicio complementaria,América del Norte,2,North America,USA,USA,917
ZingboxInc.,http://www.zingbox.com,"Mountain View, CA","$5,000+",$50 - $99 / hr,50 - 249,20%,Mountain View,CA,USA,Informado,Informado,249,50 - 249,Empresa mediana/ SME,SMB,AI Service complementary, Empresa diversificada que ofrece IA como una línea de servicio complementaria,América del Norte,2,North America,USA,USA,917
NewH3CGroup,http://www.h3c.com/en/,"Beijing, China","$5,000+",$100 - $149 / hr,"1,000 - 9,999",10%,Beijing,,China,Informado,Informado,9999,1000 - 9999,Empresa grande /fuera SM,Enterprise,AI Service residual,Empresa diversificada cuya participación de IA es limitada o residual,Asia,2,Asia,China,China,87
ACLDigital,https://www.acldigital.com,"San Jose, CA","$5,000+",$50 - $99 / hr,"1,000 - 9,999",10%,San Jose,CA,USA,Informado,Informado,9999,1000 - 9999,Empresa grande /fuera SM,Enterprise,AI Service residual,Empresa diversificada cuya participación de IA es limitada o residual,América del Norte,2,North America,USA,USA,917
AlexandraInstituttet,https://alexandra.dk/about-the-alexandra-institute/,"Copenhagen, Denmark",Undisclosed,Undisclosed,50 - 249,20%,Copenhagen,,Denmark,No informado,No informado,249,50 - 249,Empresa mediana/ SME,SMB,AI Service complementary, Empresa diversificada que ofrece IA como una línea de servicio complementaria,Europa,0,Europe,Denmark,DNK,6
SiliconValleySoftwareGroup,http://svsg.co,"Santa Monica, CA","$10,000+",$100 - $149 / hr,10 - 49,25%,Santa Monica,CA,USA,Informado,Informado,49,10 - 49,Empresa pequeña ,SMB,AI Service complementary, Empresa diversificada que ofrece IA como una línea de servicio complementaria,América del Norte,2,North America,USA,USA,917
TheDataScientist,https://thedatascientist.com/,"London, United Kingdom","$1,000+",Undisclosed,2 - 9,30%,London,,United Kingdom,Informado,No informado,9,2 - 9,Micro Empresa,SMB,AI Service complementary, Empresa diversificada que ofrece IA como una línea de servicio complementaria,Europa,1,Europe,United Kingdom,GBR,304
RoyalCyber,https://www.royalcyber.com/,"Naperville, IL",Undisclosed,Undisclosed,250 - 999,10%,Naperville,IL,USA,No informado,No informado,999,250 - 999,Empresa grande/fuera SME,Mid-market,AI Service residual,Empresa diversificada cuya participación de IA es limitada o residual,América del Norte,0,North America,USA,USA,917
CornerStoneSolutions,https://cornerstonesolutiononline.com/contact,"Indore, India","$50,000+",< $25 / hr,10 - 49,31%,Indore,,India,Informado,Informado,49,10 - 49,Empresa pequeña ,SMB,AI Service complementary, Empresa diversificada que ofrece IA como una línea de servicio complementaria,Asia,2,Asia,India,IND,441
SymphonyVentures,https://www.symphonyhq.com/,"Boston, MA","$1,000+",< $25 / hr,50 - 249,20%,Boston,MA,USA,Informado,Informado,249,50 - 249,Empresa mediana/ SME,SMB,AI Service complementary, Empresa diversificada que ofrece IA como una línea de servicio complementaria,América del Norte,2,North America,USA,USA,917
ThunderSoft,http://www.thundersoft.com/index.php,"Milpitas, CA","$5,000+",$100 - $149 / hr,"1,000 - 9,999",10%,Milpitas,CA,USA,Informado,Informado,9999,1000 - 9999,Empresa grande /fuera SM,Enterprise,AI Service residual,Empresa diversificada cuya participación de IA es limitada o residual,América del Norte,2,North America,USA,USA,917
BRQ,http://www.brq.com/,"SÃO PAULO, Brazil",Undisclosed,Undisclosed,"1,000 - 9,999",10%,SÃO PAULO,,Brazil,No informado,No informado,9999,1000 - 9999,Empresa grande /fuera SM,Enterprise,AI Service residual,Empresa diversificada cuya participación de IA es limitada o residual,América del Sur,0,South America,Brazil,BRA,21
ToolofNorthAmerica,http://toolofna.com/,"Santa Monica, CA",Undisclosed,Undisclosed,50 - 249,20%,Santa Monica,CA,USA,No informado,No informado,249,50 - 249,Empresa mediana/ SME,SMB,AI Service complementary, Empresa diversificada que ofrece IA como una línea de servicio complementaria,América del Norte,0,North America,USA,USA,917
TheArcherGroup,https://www.archer-group.com,"Wilmington, DE",Undisclosed,Undisclosed,50 - 249,20%,Wilmington,DE,USA,No informado,No informado,249,50 - 249,Empresa mediana/ SME,SMB,AI Service complementary, Empresa diversificada que ofrece IA como una línea de servicio complementaria,América del Norte,0,North America,USA,USA,917
Volume,https://volume.ai/,"Wokingham, United Kingdom",Undisclosed,Undisclosed,50 - 249,20%,Wokingham,,United Kingdom,No informado,No informado,249,50 - 249,Empresa mediana/ SME,SMB,AI Service complementary, Empresa diversificada que ofrece IA como una línea de servicio complementaria,Europa,0,Europe,United Kingdom,GBR,304
TurnKeyLender,https://turnkey-lender.com,Singapore,"$1,000+",Undisclosed,50 - 249,20%,Singapore,,Singapore,Informado,No informado,249,50 - 249,Empresa mediana/ SME,SMB,AI Service complementary, Empresa diversificada que ofrece IA como una línea de servicio complementaria,Asia,1,Asia,Singapore,SGP,24
RevUnit,https://revunit.com,"Bentonville, AR","$50,000+",Undisclosed,50 - 249,20%,Bentonville,AR,USA,Informado,No informado,249,50 - 249,Empresa mediana/ SME,SMB,AI Service complementary, Empresa diversificada que ofrece IA como una línea de servicio complementaria,América del Norte,1,North America,USA,USA,917
Embroker,https://www.embroker.com/industry/cannabis,"San Francisco, CA",Undisclosed,Undisclosed,50 - 249,20%,San Francisco,CA,USA,No informado,No informado,249,50 - 249,Empresa mediana/ SME,SMB,AI Service complementary, Empresa diversificada que ofrece IA como una línea de servicio complementaria,América del Norte,0,North America,USA,USA,917
Xomnia,https://www.xomnia.com/,"Amsterdam, Netherlands",Undisclosed,Undisclosed,50 - 249,20%,Amsterdam,,Netherlands,No informado,No informado,249,50 - 249,Empresa mediana/ SME,SMB,AI Service complementary, Empresa diversificada que ofrece IA como una línea de servicio complementaria,Europa,0,Europe,Netherlands,NLD,26
uData,https://udata.tech/,"Bondi Beach, Australia","$5,000+",$25 - $49 / hr,10 - 49,30%,Bondi Beach,,Australia,Informado,Informado,49,10 - 49,Empresa pequeña ,SMB,AI Service complementary, Empresa diversificada que ofrece IA como una línea de servicio complementaria,Oceanía,2,Oceania,Australia,AUS,96
AlignedResearchGroupLLC,https://www.alignedresearch.co,"Los Gatos, CA","$10,000+",$25 - $49 / hr,10 - 49,30%,Los Gatos,CA,USA,Informado,Informado,49,10 - 49,Empresa pequeña ,SMB,AI Service complementary, Empresa diversificada que ofrece IA como una línea de servicio complementaria,América del Norte,2,North America,USA,USA,917
CogniBe,http://Www.cognibe.com,"Warszawa, Poland","$5,000+",$25 - $49 / hr,10 - 49,40%,Warszawa,,Poland,Informado,Informado,49,10 - 49,Empresa pequeña ,SMB,AI Service complementary, Empresa diversificada que ofrece IA como una línea de servicio complementaria,Europa,2,Europe,Poland,POL,147
Innventures,https://www.inventures.cl/,"Santiago, Chile","$5,000+",$25 - $49 / hr,10 - 49,40%,Santiago,,Chile,Informado,Informado,49,10 - 49,Empresa pequeña ,SMB,AI Service complementary, Empresa diversificada que ofrece IA como una línea de servicio complementaria,América del Sur,2,South America,Chile,CHL,13
SMARTCONSULTINGSOLUTIONS,http://www.smartcs.sg,"Singapore, Singapore","$5,000+",Undisclosed,10 - 49,40%,Singapore,,Singapore,Informado,No informado,49,10 - 49,Empresa pequeña ,SMB,AI Service complementary, Empresa diversificada que ofrece IA como una línea de servicio complementaria,Asia,1,Asia,Singapore,SGP,24
Oriserve.com,https://oriserve.com/,"Delhi, India","$1,000+",Undisclosed,10 - 49,40%,Delhi,,India,Informado,No informado,49,10 - 49,Empresa pequeña ,SMB,AI Service complementary, Empresa diversificada que ofrece IA como una línea de servicio complementaria,Asia,1,Asia,India,IND,441
SoftElevation,https://www.softelevation.com/,"Chandigarh, India","$10,000+",< $25 / hr,10 - 49,40%,Chandigarh,,India,Informado,Informado,49,10 - 49,Empresa pequeña ,SMB,AI Service complementary, Empresa diversificada que ofrece IA como una línea de servicio complementaria,Asia,2,Asia,India,IND,441
TransatlanticTechnologyandServices,https://tatastech.com/,"Delaware City, DE",Undisclosed,Undisclosed,10 - 49,40%,Delaware City,DE,USA,No informado,No informado,49,10 - 49,Empresa pequeña ,SMB,AI Service complementary, Empresa diversificada que ofrece IA como una línea de servicio complementaria,América del Norte,0,North America,USA,USA,917
StrategyWise,https://strategywise.com/,"Birmingham, AL",Undisclosed,Undisclosed,10 - 49,25%,Birmingham,AL,USA,No informado,No informado,49,10 - 49,Empresa pequeña ,SMB,AI Service complementary, Empresa diversificada que ofrece IA como una línea de servicio complementaria,América del Norte,0,North America,USA,USA,917
Woveon,https://www.woveon.com/,"New York, NY",Undisclosed,Undisclosed,10 - 49,25%,New York,NY,USA,No informado,No informado,49,10 - 49,Empresa pequeña ,SMB,AI Service complementary, Empresa diversificada que ofrece IA como una línea de servicio complementaria,América del Norte,0,North America,USA,USA,917
ScalabilityExpertsInc.,http://www.scalabilityexperts.com/,"Coppell, TX",Undisclosed,Undisclosed,10 - 49,25%,Coppell,TX,USA,No informado,No informado,49,10 - 49,Empresa pequeña ,SMB,AI Service complementary, Empresa diversificada que ofrece IA como una línea de servicio complementaria,América del Norte,0,North America,USA,USA,917
ValdonGroupGmbH,http://www.valdon.ch,"Zürich, Switzerland","$10,000+",$100 - $149 / hr,2 - 9,33%,Zürich,,Switzerland,Informado,Informado,9,2 - 9,Micro Empresa,SMB,AI Service complementary, Empresa diversificada que ofrece IA como una línea de servicio complementaria,Europa,2,Europe,Switzerland,CHE,21
Aitomation,https://aitomation.com/,"San Francisco, CA","$1,000+",$25 - $49 / hr,2 - 9,30%,San Francisco,CA,USA,Informado,Informado,9,2 - 9,Micro Empresa,SMB,AI Service complementary, Empresa diversificada que ofrece IA como una línea de servicio complementaria,América del Norte,2,North America,USA,USA,917
Muoro,http://muoro.io,"New York, NY","$25,000+",$25 - $49 / hr,2 - 9,30%,New York,NY,USA,Informado,Informado,9,2 - 9,Micro Empresa,SMB,AI Service complementary, Empresa diversificada que ofrece IA como una línea de servicio complementaria,América del Norte,2,North America,USA,USA,917
Byndyusoft,https://byndyusoft.com,"London, United Kingdom",Undisclosed,$50 - $99 / hr,50 - 249,10%,London,,United Kingdom,No informado,Informado,249,50 - 249,Empresa mediana/ SME,SMB,AI Service residual,Empresa diversificada cuya participación de IA es limitada o residual,Europa,1,Europe,United Kingdom,GBR,304
Wozify,https://wozify.com/,"Budapest, Hungary","$10,000+",$50 - $99 / hr,10 - 49,20%,Budapest,,Hungary,Informado,Informado,49,10 - 49,Empresa pequeña ,SMB,AI Service complementary, Empresa diversificada que ofrece IA como una línea de servicio complementaria,Europa,2,Europe,Hungary,HUN,6
SogoServices,https://www.sogoservices.com,"Tel Aviv-Yafo, Israel",Undisclosed,Undisclosed,10 - 49,40%,Tel Aviv-Yafo,,Israel,No informado,No informado,49,10 - 49,Empresa pequeña ,SMB,AI Service complementary, Empresa diversificada que ofrece IA como una línea de servicio complementaria,Oriente Medio,0,Middle East,Israel,ISR,10
SolutionAnalysts,https://www.solutionanalysts.com/mobile-app-development/,"Ahmedabad, India","$10,000+",< $25 / hr,50 - 249,10%,Ahmedabad,,India,Informado,Informado,249,50 - 249,Empresa mediana/ SME,SMB,AI Service residual,Empresa diversificada cuya participación de IA es limitada o residual,Asia,2,Asia,India,IND,441
Xyonix,https://www.xyonix.com,"Seattle, WA","$5,000+",$200 - $300 / hr,2 - 9,90%,Seattle,WA,USA,Informado,Informado,9,2 - 9,Micro Empresa,SMB,AI Focus principal,Empresa que su negocio principal gira en torno a servicios AI,América del Norte,2,North America,USA,USA,917
Peak11,https://www.peak11.com/,"Kraków, Poland","$25,000+",$50 - $99 / hr,10 - 49,15%,Kraków,,Poland,Informado,Informado,49,10 - 49,Empresa pequeña ,SMB,AI Service residual,Empresa diversificada cuya participación de IA es limitada o residual,Europa,2,Europe,Poland,POL,147
DevRain,https://devrain.com,"Klevan', Ukraine","$5,000+",$25 - $49 / hr,10 - 49,20%,Klevan',,Ukraine,Informado,Informado,49,10 - 49,Empresa pequeña ,SMB,AI Service complementary, Empresa diversificada que ofrece IA como una línea de servicio complementaria,Europa,2,Europe,Ukraine,UKR,92
ITPathSolutions,http://www.itpathsolutions.com,"Ahmedabad, India","$5,000+",< $25 / hr,50 - 249,10%,Ahmedabad,,India,Informado,Informado,249,50 - 249,Empresa mediana/ SME,SMB,AI Service residual,Empresa diversificada cuya participación de IA es limitada o residual,Asia,2,Asia,India,IND,441
"ModeGames-Mobile,Tablet,AR,VRandLiveEvents",http://mode-games.com,"Sydney, Australia","$5,000+",$150 - $199 / hr,10 - 49,10%,Sydney,,Australia,Informado,Informado,49,10 - 49,Empresa pequeña ,SMB,AI Service residual,Empresa diversificada cuya participación de IA es limitada o residual,Oceanía,2,Oceania,Australia,AUS,96
MindTitan,https://mindtitan.com/,"Tallinn, Estonia","$1,000+",$100 - $149 / hr,10 - 49,60%,Tallinn,,Estonia,Informado,Informado,49,10 - 49,Empresa pequeña ,SMB,AI Focus,"Empresa con especialización destacada en IA, representa más de la mitad de su actividad",Europa,2,Europe,Estonia,EST,17
LembergSolutions,https://lembergsolutions.com/,"L'viv, Ukraine","$10,000+",$50 - $99 / hr,50 - 249,10%,L'viv,,Ukraine,Informado,Informado,249,50 - 249,Empresa mediana/ SME,SMB,AI Service residual,Empresa diversificada cuya participación de IA es limitada o residual,Europa,2,Europe,Ukraine,UKR,92
Alphamoon,https://alphamoon.ai,"Wrocław, Poland","$10,000+",$50 - $99 / hr,10 - 49,60%,Wrocław,,Poland,Informado,Informado,49,10 - 49,Empresa pequeña ,SMB,AI Focus,"Empresa con especialización destacada en IA, representa más de la mitad de su actividad",Europa,2,Europe,Poland,POL,147
NeuroSYS,http://www.neurosys.com/,"Wrocław, Poland","$25,000+",$50 - $99 / hr,50 - 249,30%,Wrocław,,Poland,Informado,Informado,249,50 - 249,Empresa mediana/ SME,SMB,AI Service complementary, Empresa diversificada que ofrece IA como una línea de servicio complementaria,Europa,2,Europe,Poland,POL,147
"AlgoscaleTechnologies,Inc.",https://algoscale.com/,"Noida, India","$10,000+",$25 - $49 / hr,50 - 249,50%,Noida,,India,Informado,Informado,249,50 - 249,Empresa mediana/ SME,SMB,AI Focus,"Empresa con especialización destacada en IA, representa más de la mitad de su actividad",Asia,2,Asia,India,IND,441
LotusLabsInc,https://lotuslabs.ai/,"Chandler, AZ","$50,000+",$100 - $149 / hr,10 - 49,70%,Chandler,AZ,USA,Informado,Informado,49,10 - 49,Empresa pequeña ,SMB,AI Focus principal,Empresa que su negocio principal gira en torno a servicios AI,América del Norte,2,North America,USA,USA,917
Headspring,https://headspring.com/,"Austin, TX",Undisclosed,$150 - $199 / hr,50 - 249,10%,Austin,TX,USA,No informado,Informado,249,50 - 249,Empresa mediana/ SME,SMB,AI Service residual,Empresa diversificada cuya participación de IA es limitada o residual,América del Norte,1,North America,USA,USA,917
CicadaTechnologies,http://www.cicadatech.eu,"Cluj-Napoca, Romania","$25,000+",$50 - $99 / hr,10 - 49,10%,Cluj-Napoca,,Romania,Informado,Informado,49,10 - 49,Empresa pequeña ,SMB,AI Service residual,Empresa diversificada cuya participación de IA es limitada o residual,Europa,2,Europe,Romania,ROU,27
Marvik,http://www.marvik.ai,"Montevideo, Uruguay","$25,000+",$100 - $149 / hr,10 - 49,80%,Montevideo,,Uruguay,Informado,Informado,49,10 - 49,Empresa pequeña ,SMB,AI Focus principal,Empresa que su negocio principal gira en torno a servicios AI,América del Sur,2,South America,Uruguay,URY,22
ITCreativeLabs,http://itcreativelabs.com/,"New York, NY","$1,000+",$50 - $99 / hr,10 - 49,20%,New York,NY,USA,Informado,Informado,49,10 - 49,Empresa pequeña ,SMB,AI Service complementary, Empresa diversificada que ofrece IA como una línea de servicio complementaria,América del Norte,2,North America,USA,USA,917
Arohatech,https://www.arohatech.com,"Noida, India","$1,000+",< $25 / hr,50 - 249,10%,Noida,,India,Informado,Informado,249,50 - 249,Empresa mediana/ SME,SMB,AI Service residual,Empresa diversificada cuya participación de IA es limitada o residual,Asia,2,Asia,India,IND,441
NeuronsLab,https://neurons-lab.com/,"London, United Kingdom","$25,000+",$100 - $149 / hr,10 - 49,100%,London,,United Kingdom,Informado,Informado,49,10 - 49,Empresa pequeña ,SMB,AI Focus principal,Empresa que su negocio principal gira en torno a servicios AI,Europa,2,Europe,United Kingdom,GBR,304
Numlabs,https://numlabs.com/en/,"Kraków, Poland","$25,000+",$25 - $49 / hr,10 - 49,70%,Kraków,,Poland,Informado,Informado,49,10 - 49,Empresa pequeña ,SMB,AI Focus principal,Empresa que su negocio principal gira en torno a servicios AI,Europa,2,Europe,Poland,POL,147
CoreLogic,https://www.core-logic.com,"Kraków, Poland",Undisclosed,$50 - $99 / hr,10 - 49,10%,Kraków,,Poland,No informado,Informado,49,10 - 49,Empresa pequeña ,SMB,AI Service residual,Empresa diversificada cuya participación de IA es limitada o residual,Europa,1,Europe,Poland,POL,147
Darwoft,http://www.darwoft.com/,"Hillsboro, OR","$5,000+",$25 - $49 / hr,50 - 249,10%,Hillsboro,OR,USA,Informado,Informado,249,50 - 249,Empresa mediana/ SME,SMB,AI Service residual,Empresa diversificada cuya participación de IA es limitada o residual,América del Norte,2,North America,USA,USA,917
FastDataScience,https://fastdatascience.com,"Thornton Heath, United Kingdom","$1,000+",$200 - $300 / hr,2 - 9,80%,Thornton Heath,,United Kingdom,Informado,Informado,9,2 - 9,Micro Empresa,SMB,AI Focus principal,Empresa que su negocio principal gira en torno a servicios AI,Europa,2,Europe,United Kingdom,GBR,304
FalcoMatics,https://falcomatics.com,"Troy, MI","$5,000+",$25 - $49 / hr,10 - 49,60%,Troy,MI,USA,Informado,Informado,49,10 - 49,Empresa pequeña ,SMB,AI Focus,"Empresa con especialización destacada en IA, representa más de la mitad de su actividad",América del Norte,2,North America,USA,USA,917
UPlanetInc,https://uplanet.biz/,"Parker, CO","$10,000+",$25 - $49 / hr,50 - 249,20%,Parker,CO,USA,Informado,Informado,249,50 - 249,Empresa mediana/ SME,SMB,AI Service complementary, Empresa diversificada que ofrece IA como una línea de servicio complementaria,América del Norte,2,North America,USA,USA,917
InteliWISEAI,https://inteliwise.com/,"Warszawa, Poland","$1,000+",$25 - $49 / hr,50 - 249,90%,Warszawa,,Poland,Informado,Informado,249,50 - 249,Empresa mediana/ SME,SMB,AI Focus principal,Empresa que su negocio principal gira en torno a servicios AI,Europa,2,Europe,Poland,POL,147
KODA,https://usekoda.com,"Wrocław, Poland","$10,000+",$25 - $49 / hr,10 - 49,60%,Wrocław,,Poland,Informado,Informado,49,10 - 49,Empresa pequeña ,SMB,AI Focus,"Empresa con especialización destacada en IA, representa más de la mitad de su actividad",Europa,2,Europe,Poland,POL,147
BrossardAppDesign,https://brossarddesign.com/,"Toronto, Canada","$25,000+",$50 - $99 / hr,10 - 49,19%,Toronto,,Canada,Informado,Informado,49,10 - 49,Empresa pequeña ,SMB,AI Service residual,Empresa diversificada cuya participación de IA es limitada o residual,América del Norte,2,North America,Canada,CAN,126
SOR'UN,https://www.sorun.com.tr/en/home,"London, United Kingdom",Undisclosed,Undisclosed,10 - 49,70%,London,,United Kingdom,No informado,No informado,49,10 - 49,Empresa pequeña ,SMB,AI Focus principal,Empresa que su negocio principal gira en torno a servicios AI,Europa,0,Europe,United Kingdom,GBR,304
Queppelin,http://www.queppelin.com,"Gurugram, India","$10,000+",< $25 / hr,50 - 249,25%,Gurugram,,India,Informado,Informado,249,50 - 249,Empresa mediana/ SME,SMB,AI Service complementary, Empresa diversificada que ofrece IA como una línea de servicio complementaria,Asia,2,Asia,India,IND,441
DeCypherDataLabsLLC,https://www.decypherdatalabs.com/,"Chicago, IL","$10,000+",$200 - $300 / hr,Freelancer,100%,Chicago,IL,USA,Informado,Informado,0,No informado,No aplica,Freelancer,AI Focus principal,Empresa que su negocio principal gira en torno a servicios AI,América del Norte,2,North America,USA,USA,917
Botosynthesis,http://www.botosynthesis.com,"Udaipur, India","$1,000+",$25 - $49 / hr,2 - 9,100%,Udaipur,,India,Informado,Informado,9,2 - 9,Micro Empresa,SMB,AI Focus principal,Empresa que su negocio principal gira en torno a servicios AI,Asia,2,Asia,India,IND,441
JaganSolutions,https://www.jagansolutions.com/,"Gdynia, Poland","$25,000+",$100 - $149 / hr,2 - 9,80%,Gdynia,,Poland,Informado,Informado,9,2 - 9,Micro Empresa,SMB,AI Focus principal,Empresa que su negocio principal gira en torno a servicios AI,Europa,2,Europe,Poland,POL,147
DeepInspire,https://deepinspire.com/,"L'viv, Ukraine","$25,000+",$50 - $99 / hr,10 - 49,10%,L'viv,,Ukraine,Informado,Informado,49,10 - 49,Empresa pequeña ,SMB,AI Service residual,Empresa diversificada cuya participación de IA es limitada o residual,Europa,2,Europe,Ukraine,UKR,92
SeehashSoftwaresPvt.Ltd.,https://www.seehash.com/,"Chennai, India","$10,000+",$50 - $99 / hr,50 - 249,15%,Chennai,,India,Informado,Informado,249,50 - 249,Empresa mediana/ SME,SMB,AI Service residual,Empresa diversificada cuya participación de IA es limitada o residual,Asia,2,Asia,India,IND,441
MindCraft.ai,http://MindCraft.ai,"L'viv, Ukraine","$5,000+",$50 - $99 / hr,10 - 49,100%,L'viv,,Ukraine,Informado,Informado,49,10 - 49,Empresa pequeña ,SMB,AI Focus principal,Empresa que su negocio principal gira en torno a servicios AI,Europa,2,Europe,Ukraine,UKR,92
Lemay.ai,https://www.lemay.ai/,"Ottawa, Canada","$25,000+",$200 - $300 / hr,10 - 49,70%,Ottawa,,Canada,Informado,Informado,49,10 - 49,Empresa pequeña ,SMB,AI Focus principal,Empresa que su negocio principal gira en torno a servicios AI,América del Norte,2,North America,Canada,CAN,126
CronJITTechnologies,https://www.cronj.com/,"Bengaluru, India","$1,000+",< $25 / hr,50 - 249,10%,Bengaluru,,India,Informado,Informado,249,50 - 249,Empresa mediana/ SME,SMB,AI Service residual,Empresa diversificada cuya participación de IA es limitada o residual,Asia,2,Asia,India,IND,441
ConlanScientific,https://conlanscientific.com/,"Charlotte, NC","$25,000+",$150 - $199 / hr,2 - 9,100%,Charlotte,NC,USA,Informado,Informado,9,2 - 9,Micro Empresa,SMB,AI Focus principal,Empresa que su negocio principal gira en torno a servicios AI,América del Norte,2,North America,USA,USA,917
DareDataEngineering,https://daredata.engineering/,"Lisboa, Portugal","$25,000+",$50 - $99 / hr,10 - 49,50%,Lisboa,,Portugal,Informado,Informado,49,10 - 49,Empresa pequeña ,SMB,AI Focus,"Empresa con especialización destacada en IA, representa más de la mitad de su actividad",Europa,2,Europe,Portugal,PRT,9
Five2One,http://www.five2one.com.au/,"Sydney, Australia","$25,000+",$100 - $149 / hr,10 - 49,10%,Sydney,,Australia,Informado,Informado,49,10 - 49,Empresa pequeña ,SMB,AI Service residual,Empresa diversificada cuya participación de IA es limitada o residual,Oceanía,2,Oceania,Australia,AUS,96
OnGraphTechnologiesCorporation,http://www.ongraph.com,"Noida, India","$5,000+",$25 - $49 / hr,250 - 999,10%,Noida,,India,Informado,Informado,999,250 - 999,Empresa grande/fuera SME,Mid-market,AI Service residual,Empresa diversificada cuya participación de IA es limitada o residual,Asia,2,Asia,India,IND,441
UnderlabsInc.,https://underlabs.ca,"Montreal, Canada","$25,000+",$100 - $149 / hr,10 - 49,10%,Montreal,,Canada,Informado,Informado,49,10 - 49,Empresa pequeña ,SMB,AI Service residual,Empresa diversificada cuya participación de IA es limitada o residual,América del Norte,2,North America,Canada,CAN,126
IgnitedS.A.,http://www.ignited.ai,"Wrocław, Poland","$10,000+",$100 - $149 / hr,10 - 49,60%,Wrocław,,Poland,Informado,Informado,49,10 - 49,Empresa pequeña ,SMB,AI Focus,"Empresa con especialización destacada en IA, representa más de la mitad de su actividad",Europa,2,Europe,Poland,POL,147
VOLSOFTIndustry4.0&IoTSolutions,https://volsoft.com.tr/,"Çerkezköy, Turkey","$50,000+",$25 - $49 / hr,10 - 49,25%,Çerkezköy,,Turkey,Informado,Informado,49,10 - 49,Empresa pequeña ,SMB,AI Service complementary, Empresa diversificada que ofrece IA como una línea de servicio complementaria,Asia,2,Asia,Turkey,TUR,18
ÄhdusTechnology,https://ahdustechnology.de,"Islamabad, Pakistan","$25,000+",$50 - $99 / hr,10 - 49,70%,Islamabad,,Pakistan,Informado,Informado,49,10 - 49,Empresa pequeña ,SMB,AI Focus principal,Empresa que su negocio principal gira en torno a servicios AI,Asia,2,Asia,Pakistan,PAK,61
AIDynamicsInc,https://aidynamics.com/,"Bellevue, WA","$5,000+",$200 - $300 / hr,10 - 49,90%,Bellevue,WA,USA,Informado,Informado,49,10 - 49,Empresa pequeña ,SMB,AI Focus principal,Empresa que su negocio principal gira en torno a servicios AI,América del Norte,2,North America,USA,USA,917
CodesOrbit,https://codesorbit.com/,"Islamabad, Pakistan","$5,000+",< $25 / hr,50 - 249,10%,Islamabad,,Pakistan,Informado,Informado,249,50 - 249,Empresa mediana/ SME,SMB,AI Service residual,Empresa diversificada cuya participación de IA es limitada o residual,Asia,2,Asia,Pakistan,PAK,61
PingalaSoftwarePvtLtd,https://pingalasoftware.com/index,"Bengaluru, India","$1,000+",$25 - $49 / hr,10 - 49,25%,Bengaluru,,India,Informado,Informado,49,10 - 49,Empresa pequeña ,SMB,AI Service complementary, Empresa diversificada que ofrece IA como una línea de servicio complementaria,Asia,2,Asia,India,IND,441
CapitalBrain,https://capitalbrain.co/,"San Mateo, CA",Undisclosed,Undisclosed,2 - 9,30%,San Mateo,CA,USA,No informado,No informado,9,2 - 9,Micro Empresa,SMB,AI Service complementary, Empresa diversificada que ofrece IA como una línea de servicio complementaria,América del Norte,0,North America,USA,USA,917
Mensajea,https://www.mensajea.net,"Quito, Ecuador","$1,000+",Undisclosed,2 - 9,30%,Quito,,Ecuador,Informado,No informado,9,2 - 9,Micro Empresa,SMB,AI Service complementary, Empresa diversificada que ofrece IA como una línea de servicio complementaria,América del Sur,1,South America,Ecuador,ECU,6
Outsell,http://www.outsell.com/,"Minneapolis, MN",Undisclosed,Undisclosed,50 - 249,20%,Minneapolis,MN,USA,No informado,No informado,249,50 - 249,Empresa mediana/ SME,SMB,AI Service complementary, Empresa diversificada que ofrece IA como una línea de servicio complementaria,América del Norte,0,North America,USA,USA,917
Talan,https://www.talan.com,"Paris, France","$10,000+",$100 - $149 / hr,"1,000 - 9,999",10%,Paris,,France,Informado,Informado,9999,1000 - 9999,Empresa grande /fuera SM,Enterprise,AI Service residual,Empresa diversificada cuya participación de IA es limitada o residual,Europa,2,Europe,France,FRA,14
OSPLabs,https://www.osplabs.com/,"Los Angeles, CA","$5,000+",$25 - $49 / hr,50 - 249,20%,Los Angeles,CA,USA,Informado,Informado,249,50 - 249,Empresa mediana/ SME,SMB,AI Service complementary, Empresa diversificada que ofrece IA como una línea de servicio complementaria,América del Norte,2,North America,USA,USA,917
MethodAnalyticsLtd,https://method-analytics.com/,"Leeds, United Kingdom","$10,000+",$150 - $199 / hr,2 - 9,35%,Leeds,,United Kingdom,Informado,Informado,9,2 - 9,Micro Empresa,SMB,AI Service complementary, Empresa diversificada que ofrece IA como una línea de servicio complementaria,Europa,2,Europe,United Kingdom,GBR,304
AnovaAnalyticsLLC,http://www.anovaanalytics.com/,"Atlanta, GA",Undisclosed,Undisclosed,2 - 9,35%,Atlanta,GA,USA,No informado,No informado,9,2 - 9,Micro Empresa,SMB,AI Service complementary, Empresa diversificada que ofrece IA como una línea de servicio complementaria,América del Norte,0,North America,USA,USA,917
IoTFactory,http://www.iot-factory.com.ua,"Kyiv, Ukraine","$5,000+",$25 - $49 / hr,10 - 49,30%,Kyiv,,Ukraine,Informado,Informado,49,10 - 49,Empresa pequeña ,SMB,AI Service complementary, Empresa diversificada que ofrece IA como una línea de servicio complementaria,Europa,2,Europe,Ukraine,UKR,92
MáticaPartners,https://maticapartners.com,"Barcelona, Spain","$5,000+",$50 - $99 / hr,10 - 49,30%,Barcelona,,Spain,Informado,Informado,49,10 - 49,Empresa pequeña ,SMB,AI Service complementary, Empresa diversificada que ofrece IA como una línea de servicio complementaria,Europa,2,Europe,Spain,ESP,29
CAVUGlobal,https://www.cavuglobal.io/,"Boulder, CO","$50,000+",$150 - $199 / hr,10 - 49,30%,Boulder,CO,USA,Informado,Informado,49,10 - 49,Empresa pequeña ,SMB,AI Service complementary, Empresa diversificada que ofrece IA como una línea de servicio complementaria,América del Norte,2,North America,USA,USA,917
NativeAmericanIndustrialSolutionsLLC,https://nais-llc.com/,"Pawleys Island, SC",Undisclosed,Undisclosed,10 - 49,30%,Pawleys Island,SC,USA,No informado,No informado,49,10 - 49,Empresa pequeña ,SMB,AI Service complementary, Empresa diversificada que ofrece IA como una línea de servicio complementaria,América del Norte,0,North America,USA,USA,917
"Fattist,Inc.",https://fatt.ist,"Temecula, CA","$5,000+",$150 - $199 / hr,10 - 49,30%,Temecula,CA,USA,Informado,Informado,49,10 - 49,Empresa pequeña ,SMB,AI Service complementary, Empresa diversificada que ofrece IA como una línea de servicio complementaria,América del Norte,2,North America,USA,USA,917
"WuhanLinkTimeCloudTechnologyCo.,Ltd.",https://www.linktimecloud.com/,"Wu Han Shi, China",Undisclosed,Undisclosed,10 - 49,30%,Wu Han Shi,,China,No informado,No informado,49,10 - 49,Empresa pequeña ,SMB,AI Service complementary, Empresa diversificada que ofrece IA como una línea de servicio complementaria,Asia,0,Asia,China,China,87
RemarkableTechnology,http://remarkable.technology,"London, United Kingdom","$5,000+",$25 - $49 / hr,50 - 249,25%,London,,United Kingdom,Informado,Informado,249,50 - 249,Empresa mediana/ SME,SMB,AI Service complementary, Empresa diversificada que ofrece IA como una línea de servicio complementaria,Europa,2,Europe,United Kingdom,GBR,304
"ShenzhenFarbenInformationTechnologyCo.,Ltd.",http://www.farben.com.cn,"Shenzhen Shi, China",Undisclosed,Undisclosed,"10,000+",10%,Shenzhen Shi,,China,No informado,No informado,10000,10000,Empresa grande /fuera SME,Enterprise,AI Service residual,Empresa diversificada cuya participación de IA es limitada o residual,Asia,0,Asia,China,China,87
"ShanghaiWeiwenjiaInformationTechnologyCo.,Ltd",https://www.lixiaoyun.com/,"Shanghai, China",Undisclosed,Undisclosed,50 - 249,25%,Shanghai,,China,No informado,No informado,249,50 - 249,Empresa mediana/ SME,SMB,AI Service complementary, Empresa diversificada que ofrece IA como una línea de servicio complementaria,Asia,0,Asia,China,China,87
EmtecInc.,http://www.emtecinc.com/,"Jacksonville, FL",Undisclosed,Undisclosed,250 - 999,10%,Jacksonville,FL,USA,No informado,No informado,999,250 - 999,Empresa grande/fuera SME,Mid-market,AI Service residual,Empresa diversificada cuya participación de IA es limitada o residual,América del Norte,0,North America,USA,USA,917
ESDSSoftwareSolutionPvtLtd.,https://www.esds.co.in/,"Nashik, India","$1,000+",$100 - $149 / hr,250 - 999,10%,Nashik,,India,Informado,Informado,999,250 - 999,Empresa grande/fuera SME,Mid-market,AI Service residual,Empresa diversificada cuya participación de IA es limitada o residual,Asia,2,Asia,India,IND,441
SoarwareLabs,http://soarwarelabs.com,"Mississauga, Canada","$1,000+",$50 - $99 / hr,250 - 999,15%,Mississauga,,Canada,Informado,Informado,999,250 - 999,Empresa grande/fuera SME,Mid-market,AI Service residual,Empresa diversificada cuya participación de IA es limitada o residual,América del Norte,2,North America,Canada,CAN,126
Sciforce,https://sciforce.solutions,"Kharkiv, Ukraine","$1,000+",$25 - $49 / hr,10 - 49,25%,Kharkiv,,Ukraine,Informado,Informado,49,10 - 49,Empresa pequeña ,SMB,AI Service complementary, Empresa diversificada que ofrece IA como una línea de servicio complementaria,Europa,2,Europe,Ukraine,UKR,92
BigR.io,https://bigr.io/,"Boston, MA","$10,000+",$100 - $149 / hr,10 - 49,25%,Boston,MA,USA,Informado,Informado,49,10 - 49,Empresa pequeña ,SMB,AI Service complementary, Empresa diversificada que ofrece IA como una línea de servicio complementaria,América del Norte,2,North America,USA,USA,917
Stringnet,https://www.stringnet.pe/,"Lima, Peru","$10,000+",$100 - $149 / hr,10 - 49,25%,Lima,,Peru,Informado,Informado,49,10 - 49,Empresa pequeña ,SMB,AI Service complementary, Empresa diversificada que ofrece IA como una línea de servicio complementaria,América del Sur,2,South America,Peru,PER,7
6Estates,https://www.6estates.com/,"Singapore, Singapore",Undisclosed,Undisclosed,10 - 49,25%,Singapore,,Singapore,No informado,No informado,49,10 - 49,Empresa pequeña ,SMB,AI Service complementary, Empresa diversificada que ofrece IA como una línea de servicio complementaria,Asia,0,Asia,Singapore,SGP,24
KognitivSpark,http://www.kognitivspark.com/,"Fredericton, Canada",Undisclosed,Undisclosed,10 - 49,25%,Fredericton,,Canada,No informado,No informado,49,10 - 49,Empresa pequeña ,SMB,AI Service complementary, Empresa diversificada que ofrece IA como una línea de servicio complementaria,América del Norte,0,North America,Canada,CAN,126
InVMALimited,https://www.invma.co.uk/,"Clay Cross, United Kingdom",Undisclosed,Undisclosed,10 - 49,25%,Clay Cross,,United Kingdom,No informado,No informado,49,10 - 49,Empresa pequeña ,SMB,AI Service complementary, Empresa diversificada que ofrece IA como una línea de servicio complementaria,Europa,0,Europe,United Kingdom,GBR,304
IBEXITBusinessExperts,https://ibexexperts.com/,"Norcross, GA",Undisclosed,Undisclosed,10 - 49,25%,Norcross,GA,USA,No informado,No informado,49,10 - 49,Empresa pequeña ,SMB,AI Service complementary, Empresa diversificada que ofrece IA como una línea de servicio complementaria,América del Norte,0,North America,USA,USA,917
Enneas,https://enneas.gr/,"Athina, Greece","$10,000+",$50 - $99 / hr,2 - 9,30%,Athina,,Greece,Informado,Informado,9,2 - 9,Micro Empresa,SMB,AI Service complementary, Empresa diversificada que ofrece IA como una línea de servicio complementaria,Europa,2,Europe,Greece,GRC,2
DigitalbySentiencelab,http://www.digital.sentiencelab.com,"Rijswijk, Netherlands","$1,000+",$25 - $49 / hr,2 - 9,30%,Rijswijk,,Netherlands,Informado,Informado,9,2 - 9,Micro Empresa,SMB,AI Service complementary, Empresa diversificada que ofrece IA como una línea de servicio complementaria,Europa,2,Europe,Netherlands,NLD,26
XeroneIT,https://xeroneit.net/,"Rajshahi, Bangladesh","$50,000+",$25 - $49 / hr,10 - 49,25%,Rajshahi,,Bangladesh,Informado,Informado,49,10 - 49,Empresa pequeña ,SMB,AI Service complementary, Empresa diversificada que ofrece IA como una línea de servicio complementaria,Asia,2,Asia,Bangladesh,BGD,19
Atomkit,https://atomkit.com/,"عمّان, Jordan","$5,000+",$50 - $99 / hr,10 - 49,20%,عمّان,,Jordan,Informado,Informado,49,10 - 49,Empresa pequeña ,SMB,AI Service complementary, Empresa diversificada que ofrece IA como una línea de servicio complementaria,Oriente Medio,2,Middle East,Jordan,JOR,2
I2BTechnologies,http://www.i2btech.com/,"Providencia, Chile","$5,000+",$25 - $49 / hr,50 - 249,20%,Providencia,,Chile,Informado,Informado,249,50 - 249,Empresa mediana/ SME,SMB,AI Service complementary, Empresa diversificada que ofrece IA como una línea de servicio complementaria,América del Sur,2,South America,Chile,CHL,13
PaxcelTechnologiesPvtLtd,http://paxcel.net/,"Gurugram, India","$1,000+",< $25 / hr,50 - 249,20%,Gurugram,,India,Informado,Informado,249,50 - 249,Empresa mediana/ SME,SMB,AI Service complementary, Empresa diversificada que ofrece IA como una línea de servicio complementaria,Asia,2,Asia,India,IND,441
"FlexwareInnovation,Inc.",https://www.flexwareinnovation.com/,"Fishers, IN",Undisclosed,Undisclosed,50 - 249,20%,Fishers,IN,USA,No informado,No informado,249,50 - 249,Empresa mediana/ SME,SMB,AI Service complementary, Empresa diversificada que ofrece IA como una línea de servicio complementaria,América del Norte,0,North America,USA,USA,917
ROITAccountech,http://roit.ai/,"Curitiba, Brazil","$5,000+",$50 - $99 / hr,50 - 249,20%,Curitiba,,Brazil,Informado,Informado,249,50 - 249,Empresa mediana/ SME,SMB,AI Service complementary, Empresa diversificada que ofrece IA como una línea de servicio complementaria,América del Sur,2,South America,Brazil,BRA,21
OnsetTechnologiesLLC,https://www.onsetech.com/,"Houston, TX",Undisclosed,Undisclosed,10 - 49,25%,Houston,TX,USA,No informado,No informado,49,10 - 49,Empresa pequeña ,SMB,AI Service complementary, Empresa diversificada que ofrece IA como una línea de servicio complementaria,América del Norte,0,North America,USA,USA,917
VTRACConsultingCorporation,https://www.vtrac.com/,"Toronto, Canada",Undisclosed,Undisclosed,50 - 249,20%,Toronto,,Canada,No informado,No informado,249,50 - 249,Empresa mediana/ SME,SMB,AI Service complementary, Empresa diversificada que ofrece IA como una línea de servicio complementaria,América del Norte,0,North America,Canada,CAN,126
IterumConnections,https://iterumconnections.com/,"Panamá, Panama",Undisclosed,Undisclosed,250 - 999,15%,Panamá,,Panama,No informado,No informado,999,250 - 999,Empresa grande/fuera SME,Mid-market,AI Service residual,Empresa diversificada cuya participación de IA es limitada o residual,Centroamérica,0,Central America,Panama,Panama,3
Packet39,http://Packet39.com,"London, Canada","$5,000+",$50 - $99 / hr,2 - 9,30%,London,,Canada,Informado,Informado,9,2 - 9,Micro Empresa,SMB,AI Service complementary, Empresa diversificada que ofrece IA como una línea de servicio complementaria,América del Norte,2,North America,Canada,CAN,126
Caura&Co.,https://www.caura.co,"Seattle, WA","$10,000+",Undisclosed,2 - 9,30%,Seattle,WA,USA,Informado,No informado,9,2 - 9,Micro Empresa,SMB,AI Service complementary, Empresa diversificada que ofrece IA como una línea de servicio complementaria,América del Norte,1,North America,USA,USA,917
Arvolution,https://arvolution.com/,"Ciudad de México, Mexico",Undisclosed,Undisclosed,2 - 9,30%,Ciudad de México,,Mexico,No informado,No informado,9,2 - 9,Micro Empresa,SMB,AI Service complementary, Empresa diversificada que ofrece IA como una línea de servicio complementaria,América del Norte,0,North America,Mexico,MEX,31
DABAI,https://www.dabai.dk/,"Aarhus, Denmark",Undisclosed,Undisclosed,2 - 9,30%,Denmark,,Denmark,No informado,No informado,9,2 - 9,Micro Empresa,SMB,AI Service complementary, Empresa diversificada que ofrece IA como una línea de servicio complementaria,Europa,0,Europe,Denmark,DNK,6
ScriptAllDNATechnologies,http://scriptalldna.com/,"Ahmedabad, India","$5,000+",$25 - $49 / hr,10 - 49,20%,Ahmedabad,,India,Informado,Informado,49,10 - 49,Empresa pequeña ,SMB,AI Service complementary, Empresa diversificada que ofrece IA como una línea de servicio complementaria,Asia,2,Asia,India,IND,441
ITTISp.zo.o.,https://www.itti.com.pl,"Poznań, Poland","$10,000+",$50 - $99 / hr,50 - 249,15%,Poznań,,Poland,Informado,Informado,249,50 - 249,Empresa mediana/ SME,SMB,AI Service residual,Empresa diversificada cuya participación de IA es limitada o residual,Europa,2,Europe,Poland,POL,147
Pivotree,https://pivotree.com/,"Toronto, Canada","$100,000+",$150 - $199 / hr,250 - 999,10%,Toronto,,Canada,Informado,Informado,999,250 - 999,Empresa grande/fuera SME,Mid-market,AI Service residual,Empresa diversificada cuya participación de IA es limitada o residual,América del Norte,2,North America,Canada,CAN,126
CognitionLA,http://www.cognition.la/,"Los Angeles, CA",Undisclosed,Undisclosed,10 - 49,20%,Los Angeles,CA,USA,No informado,No informado,49,10 - 49,Empresa pequeña ,SMB,AI Service complementary, Empresa diversificada que ofrece IA como una línea de servicio complementaria,América del Norte,0,North America,USA,USA,917
Celerative,http://celerative.com,"San Francisco, CA","$10,000+",$25 - $49 / hr,50 - 249,20%,San Francisco,CA,USA,Informado,Informado,249,50 - 249,Empresa mediana/ SME,SMB,AI Service complementary, Empresa diversificada que ofrece IA como una línea de servicio complementaria,América del Norte,2,North America,USA,USA,917
WINSTARSTECHNOLOGYR&D,https://www.winstars.tech/,"Vinnytsia, Ukraine",Undisclosed,$25 - $49 / hr,50 - 249,20%,Vinnytsia,,Ukraine,No informado,Informado,249,50 - 249,Empresa mediana/ SME,SMB,AI Service complementary, Empresa diversificada que ofrece IA como una línea de servicio complementaria,Europa,1,Europe,Ukraine,UKR,92
IntersysConsulting,https://www.intersysconsulting.com/,"Austin, TX","$5,000+",$100 - $149 / hr,50 - 249,20%,Austin,TX,USA,Informado,Informado,249,50 - 249,Empresa mediana/ SME,SMB,AI Service complementary, Empresa diversificada que ofrece IA como una línea de servicio complementaria,América del Norte,2,North America,USA,USA,917
GatewayDigitalUK,http://www.gatewaydigital.eu,"London, United Kingdom",Undisclosed,$25 - $49 / hr,"1,000 - 9,999",10%,London,,United Kingdom,No informado,Informado,9999,1000 - 9999,Empresa grande /fuera SM,Enterprise,AI Service residual,Empresa diversificada cuya participación de IA es limitada o residual,Europa,1,Europe,United Kingdom,GBR,304
YonghongTech,http://en.yonghongtech.com/,"Beijing, China","$1,000+",$25 - $49 / hr,50 - 249,20%,Beijing,,China,Informado,Informado,249,50 - 249,Empresa mediana/ SME,SMB,AI Service complementary, Empresa diversificada que ofrece IA como una línea de servicio complementaria,Asia,2,Asia,China,China,87
VexSoluciones,https://www.vexsoluciones.com/,"Lima, Peru","$5,000+",$25 - $49 / hr,50 - 249,20%,Lima,,Peru,Informado,Informado,249,50 - 249,Empresa mediana/ SME,SMB,AI Service complementary, Empresa diversificada que ofrece IA como una línea de servicio complementaria,América del Sur,2,South America,Peru,PER,7
EnaxisConsulting,http://www.enaxisconsulting.com/,"Houston, TX",Undisclosed,Undisclosed,50 - 249,20%,Houston,TX,USA,No informado,No informado,249,50 - 249,Empresa mediana/ SME,SMB,AI Service complementary, Empresa diversificada que ofrece IA como una línea de servicio complementaria,América del Norte,0,North America,USA,USA,917
ZilkerTechnologyLLC.,https://ztech.io/,"Austin, TX",Undisclosed,Undisclosed,50 - 249,20%,Austin,TX,USA,No informado,No informado,249,50 - 249,Empresa mediana/ SME,SMB,AI Service complementary, Empresa diversificada que ofrece IA como una línea de servicio complementaria,América del Norte,0,North America,USA,USA,917
SunSmartTechnologiesPrivateLtd,https://www.sunsmart.co.in,"Chennai, India","$10,000+",$150 - $199 / hr,50 - 249,20%,Chennai,,India,Informado,Informado,249,50 - 249,Empresa mediana/ SME,SMB,AI Service complementary, Empresa diversificada que ofrece IA como una línea de servicio complementaria,Asia,2,Asia,India,IND,441
DataCaptureSystemsCoLLC,http://www.dcsme.com,"Dubai, United Arab Emirates","$10,000+",$100 - $149 / hr,50 - 249,20%,Dubai,,United Arab Emirates,Informado,Informado,249,50 - 249,Empresa mediana/ SME,SMB,AI Service complementary, Empresa diversificada que ofrece IA como una línea de servicio complementaria,Oriente Medio,2,Middle East,United Arab Emirates,ARE,39
RecursoConfiable,https://corp.recursoconfiable.com/,"Tlalnepantla de Baz, Mexico",Undisclosed,Undisclosed,50 - 249,20%,Tlalnepantla de Baz,,Mexico,No informado,No informado,249,50 - 249,Empresa mediana/ SME,SMB,AI Service complementary, Empresa diversificada que ofrece IA como una línea de servicio complementaria,América del Norte,0,North America,Mexico,MEX,31
ElevenStrategy,https://eleven-strategy.fr/,"Paris, France",Undisclosed,Undisclosed,50 - 249,20%,Paris,,France,No informado,No informado,249,50 - 249,Empresa mediana/ SME,SMB,AI Service complementary, Empresa diversificada que ofrece IA como una línea de servicio complementaria,Europa,0,Europe,France,FRA,14
Omni212,https://www.omni212.com/,"Bellevue, WA","$1,000+",$100 - $149 / hr,10 - 49,25%,Bellevue,WA,USA,Informado,Informado,49,10 - 49,Empresa pequeña ,SMB,AI Service complementary, Empresa diversificada que ofrece IA como una línea de servicio complementaria,América del Norte,2,North America,USA,USA,917
ZombieSoup,https://zombiesoup.com/,"Pristina, ","$5,000+",$25 - $49 / hr,10 - 49,25%,Pristina,,Kosovo,Informado,Informado,49,10 - 49,Empresa pequeña ,SMB,AI Service complementary, Empresa diversificada que ofrece IA como una línea de servicio complementaria,Europa,2,Europe,Kosovo,XKX,2
ConnectedSpaceLtd,https://sauronsecurity.com/,"London, United Kingdom",Undisclosed,Undisclosed,10 - 49,25%,London,,United Kingdom,No informado,No informado,49,10 - 49,Empresa pequeña ,SMB,AI Service complementary, Empresa diversificada que ofrece IA como una línea de servicio complementaria,Europa,0,Europe,United Kingdom,GBR,304
RiViConsultingGroupL.L.C,http://rivigroup.com/,"Alpharetta, GA",Undisclosed,Undisclosed,10 - 49,25%,Alpharetta,GA,USA,No informado,No informado,49,10 - 49,Empresa pequeña ,SMB,AI Service complementary, Empresa diversificada que ofrece IA como una línea de servicio complementaria,América del Norte,0,North America,USA,USA,917
VaizvaInc,https://www.vaizva.com/,"Alpharetta, GA",Undisclosed,Undisclosed,10 - 49,25%,Alpharetta,GA,USA,No informado,No informado,49,10 - 49,Empresa pequeña ,SMB,AI Service complementary, Empresa diversificada que ofrece IA como una línea de servicio complementaria,América del Norte,0,North America,USA,USA,917
Morris&Opazo,https://www.morrisopazo.com/en/aws-consulting/,"Las Condes, Chile",Undisclosed,Undisclosed,10 - 49,25%,Las Condes,,Chile,No informado,No informado,49,10 - 49,Empresa pequeña ,SMB,AI Service complementary, Empresa diversificada que ofrece IA como una línea de servicio complementaria,América del Sur,0,South America,Chile,CHL,13
Kieli,https://www.kieli.co.uk,"SOUTHAMPTON, United Kingdom","$1,000+",$50 - $99 / hr,2 - 9,40%,SOUTHAMPTON,,United Kingdom,Informado,Informado,9,2 - 9,Micro Empresa,SMB,AI Service complementary, Empresa diversificada que ofrece IA como una línea de servicio complementaria,Europa,2,Europe,United Kingdom,GBR,304
DigitalArtefacts,https://www.digitalartefacts.com/,"Iowa City, IA",Undisclosed,Undisclosed,10 - 49,25%,Iowa City,IA,USA,No informado,No informado,49,10 - 49,Empresa pequeña ,SMB,AI Service complementary, Empresa diversificada que ofrece IA como una línea de servicio complementaria,América del Norte,0,North America,USA,USA,917
FracsysInc,http://fracsys.com/,"Leesburg, VA",Undisclosed,Undisclosed,10 - 49,25%,Leesburg,VA,USA,No informado,No informado,49,10 - 49,Empresa pequeña ,SMB,AI Service complementary, Empresa diversificada que ofrece IA como una línea de servicio complementaria,América del Norte,0,North America,USA,USA,917
SoftvaloresS.A.,http://www.softvalores.com/,"Bogotá, Colombia",Undisclosed,Undisclosed,10 - 49,25%,Bogotá,,Colombia,No informado,No informado,49,10 - 49,Empresa pequeña ,SMB,AI Service complementary, Empresa diversificada que ofrece IA como una línea de servicio complementaria,América del Sur,0,South America,Colombia,COL,43
Whale&Jaguar,http://whaleandjaguar.co/,"Bogota, Colombia",Undisclosed,Undisclosed,10 - 49,25%,Bogota,,Colombia,No informado,No informado,49,10 - 49,Empresa pequeña ,SMB,AI Service complementary, Empresa diversificada que ofrece IA como una línea de servicio complementaria,América del Sur,0,South America,Colombia,COL,43
RobotICT,https://www.robotict.com,"Prague, Czech Republic",Undisclosed,Undisclosed,10 - 49,25%,Prague,,Czech Republic,No informado,No informado,49,10 - 49,Empresa pequeña ,SMB,AI Service complementary, Empresa diversificada que ofrece IA como una línea de servicio complementaria,Europa,0,Europe,Czech Republic,CZE,24
ITBX-SmartTelephonyforBusinesses,https://www.itbx.co/,"Bogotá, Colombia",Undisclosed,Undisclosed,10 - 49,25%,Bogotá,,Colombia,No informado,No informado,49,10 - 49,Empresa pequeña ,SMB,AI Service complementary, Empresa diversificada que ofrece IA como una línea de servicio complementaria,América del Sur,0,South America,Colombia,COL,43
DeliTech,https://www.dailitech.com/,"Bangkok, Thailand",Undisclosed,Undisclosed,10 - 49,25%,Bangkok,,Thailand,No informado,No informado,49,10 - 49,Empresa pequeña ,SMB,AI Service complementary, Empresa diversificada que ofrece IA como una línea de servicio complementaria,Asia,0,Asia,Thailand,THA,5
ChainosSolution,https://www.chainos.vn/,"Hanoi, Vietnam","$10,000+",$25 - $49 / hr,50 - 249,20%,Hanoi,,Vietnam,Informado,Informado,249,50 - 249,Empresa mediana/ SME,SMB,AI Service complementary, Empresa diversificada que ofrece IA como una línea de servicio complementaria,Asia,2,Asia,Vietnam,VNM,29
ARSDATA,http://www.arsdata.io,"Kyiv, Ukraine","$5,000+",$50 - $99 / hr,2 - 9,30%,Kyiv,,Ukraine,Informado,Informado,9,2 - 9,Micro Empresa,SMB,AI Service complementary, Empresa diversificada que ofrece IA como una línea de servicio complementaria,Europa,2,Europe,Ukraine,UKR,92
VigilantTechnologies,https://www.vigilant1.com,"Tempe, AZ","$5,000+",$50 - $99 / hr,10 - 49,20%,Tempe,AZ,USA,Informado,Informado,49,10 - 49,Empresa pequeña ,SMB,AI Service complementary, Empresa diversificada que ofrece IA como una línea de servicio complementaria,América del Norte,2,North America,USA,USA,917
Daminion,https://daminion.net,"Richmond, Canada","$10,000+",$100 - $149 / hr,10 - 49,20%,Richmond,,Canada,Informado,Informado,49,10 - 49,Empresa pequeña ,SMB,AI Service complementary, Empresa diversificada que ofrece IA como una línea de servicio complementaria,América del Norte,2,North America,Canada,CAN,126
eMudhra,https://www.emudhra.com,"Bengaluru, India",Undisclosed,Undisclosed,250 - 999,10%,Bengaluru,,India,No informado,No informado,999,250 - 999,Empresa grande/fuera SME,Mid-market,AI Service residual,Empresa diversificada cuya participación de IA es limitada o residual,Asia,0,Asia,India,IND,441
RedskySoftwareWLL,https://redskysoftware.net/,"Sanabis, Bahrain",Undisclosed,Undisclosed,50 - 249,20%,Sanabis,,Bahrain,No informado,No informado,249,50 - 249,Empresa mediana/ SME,SMB,AI Service complementary, Empresa diversificada que ofrece IA como una línea de servicio complementaria,Oriente Medio,0,Middle East,Bahrain,BHR,1
NexGenSystemsInc,https://nexgensm.com/,"New York, NY","$1,000+",$25 - $49 / hr,10 - 49,20%,New York,NY,USA,Informado,Informado,49,10 - 49,Empresa pequeña ,SMB,AI Service complementary, Empresa diversificada que ofrece IA como una línea de servicio complementaria,América del Norte,2,North America,USA,USA,917
QymatixSolutionsGmbH,https://qymatix.de/en/,"Karlsruhe, Germany","$10,000+",$150 - $199 / hr,10 - 49,20%,Karlsruhe,,Germany,Informado,Informado,49,10 - 49,Empresa pequeña ,SMB,AI Service complementary, Empresa diversificada que ofrece IA como una línea de servicio complementaria,Europa,2,Europe,Germany,DEU,47
ThinkFutureTechnologies,https://www.tftus.com/,"New York, NY","$1,000+",< $25 / hr,250 - 999,10%,New York,NY,USA,Informado,Informado,999,250 - 999,Empresa grande/fuera SME,Mid-market,AI Service residual,Empresa diversificada cuya participación de IA es limitada o residual,América del Norte,2,North America,USA,USA,917
Kronometrix,https://www.kronometrix.com,"Helsinki, Finland",Undisclosed,$100 - $149 / hr,10 - 49,25%,Helsinki,,Finland,No informado,Informado,49,10 - 49,Empresa pequeña ,SMB,AI Service complementary, Empresa diversificada que ofrece IA como una línea de servicio complementaria,Europa,1,Europe,Finland,FIN,7
NSimTechnologies,https://nsimtech.com/,"Québec, Canada",Undisclosed,Undisclosed,2 - 9,30%,Québec,,Canada,No informado,No informado,9,2 - 9,Micro Empresa,SMB,AI Service complementary, Empresa diversificada que ofrece IA como una línea de servicio complementaria,América del Norte,0,North America,Canada,CAN,126
ArchetecBusinessSolutions,http://archetec.com,"Vancouver, Canada",Undisclosed,Undisclosed,2 - 9,30%,Vancouver,,Canada,No informado,No informado,9,2 - 9,Micro Empresa,SMB,AI Service complementary, Empresa diversificada que ofrece IA como una línea de servicio complementaria,América del Norte,0,North America,Canada,CAN,126
TokenMill,https://www.tokenmill.ai,"Vilnius, Lithuania","$10,000+",$50 - $99 / hr,2 - 9,30%,Lithuania,,Lithuania,Informado,Informado,9,2 - 9,Micro Empresa,SMB,AI Service complementary, Empresa diversificada que ofrece IA como una línea de servicio complementaria,Europa,2,Europe,Lithuania,LTU,12
NinusDesign&TechnologyS.A.S,http://ninus.co,"Cali, Colombia","$5,000+",$25 - $49 / hr,2 - 9,30%,Cali,,Colombia,Informado,Informado,9,2 - 9,Micro Empresa,SMB,AI Service complementary, Empresa diversificada que ofrece IA como una línea de servicio complementaria,América del Sur,2,South America,Colombia,COL,43
RevnomixSolutions,https://www.revnomix.com/,"Mumbai, India","$1,000+",Undisclosed,10 - 49,25%,Mumbai,,India,Informado,No informado,49,10 - 49,Empresa pequeña ,SMB,AI Service complementary, Empresa diversificada que ofrece IA como una línea de servicio complementaria,Asia,1,Asia,India,IND,441
FactoryWorx,https://www.factoryworx.com.au/,"Wantirna South, Australia","$5,000+",$25 - $49 / hr,10 - 49,25%,Wantirna South,,Australia,Informado,Informado,49,10 - 49,Empresa pequeña ,SMB,AI Service complementary, Empresa diversificada que ofrece IA como una línea de servicio complementaria,Oceanía,2,Oceania,Australia,AUS,96
"GlenbrookPartners,LLC",http://www.glenbrook.com/,"San Mateo, CA",Undisclosed,Undisclosed,10 - 49,20%,San Mateo,CA,USA,No informado,No informado,49,10 - 49,Empresa pequeña ,SMB,AI Service complementary, Empresa diversificada que ofrece IA como una línea de servicio complementaria,América del Norte,0,North America,USA,USA,917
ArchybilitySoftwareDevelopment,https://software.archybility.com,"Belgrade, Serbia","$1,000+",$25 - $49 / hr,2 - 9,30%,Belgrade,,Serbia,Informado,Informado,9,2 - 9,Micro Empresa,SMB,AI Service complementary, Empresa diversificada que ofrece IA como una línea de servicio complementaria,Europa,2,Europe,Serbia,SRB,13
SwissPostSolutionsVietnam,https://www.swisspostsolutions.com/en/microsite/sps-vietnam,"Ho Chi Minh, Vietnam","$10,000+",< $25 / hr,250 - 999,10%,Ho Chi Minh,,Vietnam,Informado,Informado,999,250 - 999,Empresa grande/fuera SME,Mid-market,AI Service residual,Empresa diversificada cuya participación de IA es limitada o residual,Asia,2,Asia,Vietnam,VNM,29
WebUnify,https://client.webunify.net/,"San Salvador, El Salvador","$1,000+",$100 - $149 / hr,10 - 49,12%,San Salvador,,El Salvador,Informado,Informado,49,10 - 49,Empresa pequeña ,SMB,AI Service residual,Empresa diversificada cuya participación de IA es limitada o residual,Centroamérica,2,Central America,El Salvador,El Salvador,5
Keepler,https://keepler.io/,"Frankfurt am Main, Germany","$50,000+",$50 - $99 / hr,50 - 249,20%,Frankfurt am Main,,Germany,Informado,Informado,249,50 - 249,Empresa mediana/ SME,SMB,AI Service complementary, Empresa diversificada que ofrece IA como una línea de servicio complementaria,Europa,2,Europe,Germany,DEU,47
VLTKualaLumpur,https://wearevlt.com/,"Petaling Jaya, Malaysia","$5,000+",$100 - $149 / hr,50 - 249,20%,Petaling Jaya,,Malaysia,Informado,Informado,249,50 - 249,Empresa mediana/ SME,SMB,AI Service complementary, Empresa diversificada que ofrece IA como una línea de servicio complementaria,Asia,2,Asia,Malaysia,MYS,8
IntermediaSoftware,http://intermediasoftware.com/#,"Montevideo, Uruguay",Undisclosed,Undisclosed,50 - 249,20%,Montevideo,,Uruguay,No informado,No informado,249,50 - 249,Empresa mediana/ SME,SMB,AI Service complementary, Empresa diversificada que ofrece IA como una línea de servicio complementaria,América del Sur,0,South America,Uruguay,URY,22
AugustaHitech,https://www.augustahitech.com/,"Boca Raton, FL",Undisclosed,Undisclosed,50 - 249,20%,Boca Raton,FL,USA,No informado,No informado,249,50 - 249,Empresa mediana/ SME,SMB,AI Service complementary, Empresa diversificada que ofrece IA como una línea de servicio complementaria,América del Norte,0,North America,USA,USA,917
ConsensusGroup,http://www.consensusgroup.net/,"ACM, Argentina",Undisclosed,Undisclosed,50 - 249,20%,ACM,,Argentina,No informado,No informado,249,50 - 249,Empresa mediana/ SME,SMB,AI Service complementary, Empresa diversificada que ofrece IA como una línea de servicio complementaria,América del Sur,0,South America,Argentina,ARG,29
InfoperceptConsultingPvtLtd,https://infopercept.com/,"Ahmedabad, India","$5,000+",$100 - $149 / hr,50 - 249,20%,Ahmedabad,,India,Informado,Informado,249,50 - 249,Empresa mediana/ SME,SMB,AI Service complementary, Empresa diversificada que ofrece IA como una línea de servicio complementaria,Asia,2,Asia,India,IND,441
iTechnolabsInc,https://www.itechnolabs.ca/,"Markham, Canada","$1,000+",< $25 / hr,50 - 249,20%,Markham,,Canada,Informado,Informado,249,50 - 249,Empresa mediana/ SME,SMB,AI Service complementary, Empresa diversificada que ofrece IA como una línea de servicio complementaria,América del Norte,2,North America,Canada,CAN,126
3iDataScraping,http://www.3idatascraping.com,"Houston, TX","$1,000+",< $25 / hr,50 - 249,20%,Houston,TX,USA,Informado,Informado,249,50 - 249,Empresa mediana/ SME,SMB,AI Service complementary, Empresa diversificada que ofrece IA como una línea de servicio complementaria,América del Norte,2,North America,USA,USA,917
TQISolutionsInc.,http://www.tqiinc.com,"Norfolk, VA",Undisclosed,Undisclosed,50 - 249,20%,Norfolk,VA,USA,No informado,No informado,249,50 - 249,Empresa mediana/ SME,SMB,AI Service complementary, Empresa diversificada que ofrece IA como una línea de servicio complementaria,América del Norte,0,North America,USA,USA,917
MagicFinServ,https://www.magicfinserv.com/,"New York, NY","$5,000+",Undisclosed,50 - 249,20%,New York,NY,USA,Informado,No informado,249,50 - 249,Empresa mediana/ SME,SMB,AI Service complementary, Empresa diversificada que ofrece IA como una línea de servicio complementaria,América del Norte,1,North America,USA,USA,917
Innover,https://innoverdigital.com,"Alpharetta, GA",Undisclosed,Undisclosed,"1,000 - 9,999",10%,Alpharetta,GA,USA,No informado,No informado,9999,1000 - 9999,Empresa grande /fuera SM,Enterprise,AI Service residual,Empresa diversificada cuya participación de IA es limitada o residual,América del Norte,0,North America,USA,USA,917
IntegratedGlobalSolutionsLimited,http://www.igsl-group.com/,"Kowloon, Hong Kong",Undisclosed,Undisclosed,50 - 249,20%,Kowloon,,Hong Kong,No informado,No informado,249,50 - 249,Empresa mediana/ SME,SMB,AI Service complementary, Empresa diversificada que ofrece IA como una línea de servicio complementaria,Asia,0,Asia,Hong Kong,HKG,12
Appmena,https://appmena.co/,"Ras Al-Khaimah, United Arab Emirates","$1,000+",Undisclosed,50 - 249,20%,Ras Al-Khaimah,,United Arab Emirates,Informado,No informado,249,50 - 249,Empresa mediana/ SME,SMB,AI Service complementary, Empresa diversificada que ofrece IA como una línea de servicio complementaria,Oriente Medio,1,Middle East,United Arab Emirates,ARE,39
WorldServicesLLCofVirginia,http://www.world-servicesllc.com/,"Alexandria, VA",Undisclosed,Undisclosed,50 - 249,20%,Alexandria,VA,USA,No informado,No informado,249,50 - 249,Empresa mediana/ SME,SMB,AI Service complementary, Empresa diversificada que ofrece IA como una línea de servicio complementaria,América del Norte,0,North America,USA,USA,917
ThoughtfulAutomation,https://www.thoughtfulautomation.com/,"Chicago, IL",Undisclosed,Undisclosed,50 - 249,20%,Chicago,IL,USA,No informado,No informado,249,50 - 249,Empresa mediana/ SME,SMB,AI Service complementary, Empresa diversificada que ofrece IA como una línea de servicio complementaria,América del Norte,0,North America,USA,USA,917
rSTARTechnologies,https://rstartec.com/,"Westmont, IL","$25,000+",$50 - $99 / hr,50 - 249,20%,Westmont,IL,USA,Informado,Informado,249,50 - 249,Empresa mediana/ SME,SMB,AI Service complementary, Empresa diversificada que ofrece IA como una línea de servicio complementaria,América del Norte,2,North America,USA,USA,917
TBFILES,https://tbfiles.com/en/,"Leça da Palmeira, Portugal",Undisclosed,Undisclosed,50 - 249,20%,Leça da Palmeira,,Portugal,No informado,No informado,249,50 - 249,Empresa mediana/ SME,SMB,AI Service complementary, Empresa diversificada que ofrece IA como una línea de servicio complementaria,Europa,0,Europe,Portugal,PRT,9
Emerton,http://www.emerton.co/,"New York, NY",Undisclosed,Undisclosed,50 - 249,20%,New York,NY,USA,No informado,No informado,249,50 - 249,Empresa mediana/ SME,SMB,AI Service complementary, Empresa diversificada que ofrece IA como una línea de servicio complementaria,América del Norte,0,North America,USA,USA,917
IndiVillageTechSolutions,https://www.indivillage.com/,"Bengaluru, India",Undisclosed,Undisclosed,50 - 249,20%,Bengaluru,,India,No informado,No informado,249,50 - 249,Empresa mediana/ SME,SMB,AI Service complementary, Empresa diversificada que ofrece IA como una línea de servicio complementaria,Asia,0,Asia,India,IND,441
Emergya,https://www.emergya.com/en,"Sevilla, Spain",Undisclosed,Undisclosed,250 - 999,10%,Sevilla,,Spain,No informado,No informado,999,250 - 999,Empresa grande/fuera SME,Mid-market,AI Service residual,Empresa diversificada cuya participación de IA es limitada o residual,Europa,0,Europe,Spain,ESP,29
AcruxСyberServices,https://www.acruxcs.com,"Vilnius, Lithuania","$10,000+",$50 - $99 / hr,10 - 49,35%,Lithuania,,Lithuania,Informado,Informado,49,10 - 49,Empresa pequeña ,SMB,AI Service complementary, Empresa diversificada que ofrece IA como una línea de servicio complementaria,Europa,2,Europe,Lithuania,LTU,12
"WorkMagic,LLC",https://workmagic.com,"Coral Gables, FL","$10,000+",$200 - $300 / hr,2 - 9,25%,Coral Gables,FL,USA,Informado,Informado,9,2 - 9,Micro Empresa,SMB,AI Service complementary, Empresa diversificada que ofrece IA como una línea de servicio complementaria,América del Norte,2,North America,USA,USA,917
RoboRobo,http://roborobo.tech,"Szeged, Hungary","$25,000+",$50 - $99 / hr,2 - 9,25%,Szeged,,Hungary,Informado,Informado,9,2 - 9,Micro Empresa,SMB,AI Service complementary, Empresa diversificada que ofrece IA como una línea de servicio complementaria,Europa,2,Europe,Hungary,HUN,6
TIZBI,https://tizbi.com,"Raleigh, NC","$50,000+",$25 - $49 / hr,50 - 249,15%,Raleigh,NC,USA,Informado,Informado,249,50 - 249,Empresa mediana/ SME,SMB,AI Service residual,Empresa diversificada cuya participación de IA es limitada o residual,América del Norte,2,North America,USA,USA,917
TakamulSmartTechnology,http://www.takamul.net.sa,"الخبر, Saudi Arabia","$5,000+",$100 - $149 / hr,10 - 49,25%,الخبر,,Saudi Arabia,Informado,Informado,49,10 - 49,Empresa pequeña ,SMB,AI Service complementary, Empresa diversificada que ofrece IA como una línea de servicio complementaria,Oriente Medio,2,Middle East,Saudi Arabia,SAU,5
ErdosTechnologies,https://www.erdostechnologies.com,"New York, NY","$5,000+",Undisclosed,10 - 49,25%,New York,NY,USA,Informado,No informado,49,10 - 49,Empresa pequeña ,SMB,AI Service complementary, Empresa diversificada que ofrece IA como una línea de servicio complementaria,América del Norte,1,North America,USA,USA,917
ITSolution,https://itsolution.co/,"lahore, Pakistan","$250,000+",< $25 / hr,10 - 49,25%,lahore,,Pakistan,Informado,Informado,49,10 - 49,Empresa pequeña ,SMB,AI Service complementary, Empresa diversificada que ofrece IA como una línea de servicio complementaria,Asia,2,Asia,Pakistan,PAK,61
GoPomelo,https://www.gopomelo.com/,"Bangkok, Thailand",Undisclosed,Undisclosed,10 - 49,25%,Bangkok,,Thailand,No informado,No informado,49,10 - 49,Empresa pequeña ,SMB,AI Service complementary, Empresa diversificada que ofrece IA como una línea de servicio complementaria,Asia,0,Asia,Thailand,THA,5
Sipher,https://sipher.co/,"Toronto, Canada",Undisclosed,Undisclosed,10 - 49,25%,Toronto,,Canada,No informado,No informado,49,10 - 49,Empresa pequeña ,SMB,AI Service complementary, Empresa diversificada que ofrece IA como una línea de servicio complementaria,América del Norte,0,North America,Canada,CAN,126
CalcunTechnlogies,https://www.calcun.com/,"Gurugram, India","$1,000+",$25 - $49 / hr,10 - 49,25%,Gurugram,,India,Informado,Informado,49,10 - 49,Empresa pequeña ,SMB,AI Service complementary, Empresa diversificada que ofrece IA como una línea de servicio complementaria,Asia,2,Asia,India,IND,441
EthosMediaLab,https://ethosmedialab.com/,"Rancho Cucamonga, CA",Undisclosed,Undisclosed,10 - 49,25%,Rancho Cucamonga,CA,USA,No informado,No informado,49,10 - 49,Empresa pequeña ,SMB,AI Service complementary, Empresa diversificada que ofrece IA como una línea de servicio complementaria,América del Norte,0,North America,USA,USA,917
W3LifeAgency,https://www.w3life.net/,"Lewisville, TX",Undisclosed,Undisclosed,10 - 49,25%,Lewisville,TX,USA,No informado,No informado,49,10 - 49,Empresa pequeña ,SMB,AI Service complementary, Empresa diversificada que ofrece IA como una línea de servicio complementaria,América del Norte,0,North America,USA,USA,917
Scigility,https://scigility.com/,"Zürich, Switzerland","$5,000+",Undisclosed,10 - 49,25%,Zürich,,Switzerland,Informado,No informado,49,10 - 49,Empresa pequeña ,SMB,AI Service complementary, Empresa diversificada que ofrece IA como una línea de servicio complementaria,Europa,1,Europe,Switzerland,CHE,21
"BarrowWiseConsulting,LLC",https://www.barrowwise.com/,"Rockville, MD",Undisclosed,Undisclosed,10 - 49,25%,Rockville,MD,USA,No informado,No informado,49,10 - 49,Empresa pequeña ,SMB,AI Service complementary, Empresa diversificada que ofrece IA como una línea de servicio complementaria,América del Norte,0,North America,USA,USA,917
Golabs,https://golabstech.com/,"Quesada, Costa Rica",Undisclosed,Undisclosed,10 - 49,25%,Quesada,,Costa Rica,No informado,No informado,49,10 - 49,Empresa pequeña ,SMB,AI Service complementary, Empresa diversificada que ofrece IA como una línea de servicio complementaria,Centroamérica,0,Central America,Costa Rica,Costa Rica,9
APPLISYS,http://applisys.com.pe/,"La Molina, Peru",Undisclosed,Undisclosed,10 - 49,25%,La Molina,,Peru,No informado,No informado,49,10 - 49,Empresa pequeña ,SMB,AI Service complementary, Empresa diversificada que ofrece IA como una línea de servicio complementaria,América del Sur,0,South America,Peru,PER,7
GestaLabs.,http://www.gestalabs.com/,"Monterrey, Mexico",Undisclosed,Undisclosed,10 - 49,25%,Monterrey,,Mexico,No informado,No informado,49,10 - 49,Empresa pequeña ,SMB,AI Service complementary, Empresa diversificada que ofrece IA como una línea de servicio complementaria,América del Norte,0,North America,Mexico,MEX,31
Revnue,https://revnue.com,"West Covina, CA",Undisclosed,Undisclosed,10 - 49,25%,West Covina,CA,USA,No informado,No informado,49,10 - 49,Empresa pequeña ,SMB,AI Service complementary, Empresa diversificada que ofrece IA como una línea de servicio complementaria,América del Norte,0,North America,USA,USA,917
WisdomWorks,https://wisdom.tech,"London, United Kingdom","$25,000+",$200 - $300 / hr,10 - 49,25%,London,,United Kingdom,Informado,Informado,49,10 - 49,Empresa pequeña ,SMB,AI Service complementary, Empresa diversificada que ofrece IA como una línea de servicio complementaria,Europa,2,Europe,United Kingdom,GBR,304
TheAstralConsultingGroup,https://www.astralconsultinggroup.com/,"Raleigh, NC","$5,000+",Undisclosed,10 - 49,25%,Raleigh,NC,USA,Informado,No informado,49,10 - 49,Empresa pequeña ,SMB,AI Service complementary, Empresa diversificada que ofrece IA como una línea de servicio complementaria,América del Norte,1,North America,USA,USA,917
FcodeLabs,https://www.fcodelabs.com,"Nugegoda, Sri Lanka","$10,000+",< $25 / hr,10 - 49,25%,Nugegoda,,Sri Lanka,Informado,Informado,49,10 - 49,Empresa pequeña ,SMB,AI Service complementary, Empresa diversificada que ofrece IA como una línea de servicio complementaria,Asia,2,Asia,Sri Lanka,LKA,15
PanashiFZCO,https://panashi.ae/,"Dubai, United Arab Emirates","$1,000+",$25 - $49 / hr,10 - 49,25%,Dubai,,United Arab Emirates,Informado,Informado,49,10 - 49,Empresa pequeña ,SMB,AI Service complementary, Empresa diversificada que ofrece IA como una línea de servicio complementaria,Oriente Medio,2,Middle East,United Arab Emirates,ARE,39
Ekohe,https://ekohe.com/contact,"New York, NY","$10,000+",$150 - $199 / hr,10 - 49,20%,New York,NY,USA,Informado,Informado,49,10 - 49,Empresa pequeña ,SMB,AI Service complementary, Empresa diversificada que ofrece IA como una línea de servicio complementaria,América del Norte,2,North America,USA,USA,917
iotecGlobal,https://www.iotecglobal.com/,"London, United Kingdom",Undisclosed,Undisclosed,10 - 49,20%,London,,United Kingdom,No informado,No informado,49,10 - 49,Empresa pequeña ,SMB,AI Service complementary, Empresa diversificada que ofrece IA como una línea de servicio complementaria,Europa,0,Europe,United Kingdom,GBR,304
RedNinjaStudios,http://www.redninja.co.uk/,"Liverpool, United Kingdom",Undisclosed,Undisclosed,10 - 49,20%,Liverpool,,United Kingdom,No informado,No informado,49,10 - 49,Empresa pequeña ,SMB,AI Service complementary, Empresa diversificada que ofrece IA como una línea de servicio complementaria,Europa,0,Europe,United Kingdom,GBR,304
"iClickInteractive(Beijing)DataTechnologyCo.,Ltd.",http://www.i-click.com/,"Beijing, China",Undisclosed,Undisclosed,10 - 49,20%,Beijing,,China,No informado,No informado,49,10 - 49,Empresa pequeña ,SMB,AI Service complementary, Empresa diversificada que ofrece IA como una línea de servicio complementaria,Asia,0,Asia,China,China,87
BIInnovations,http://www.bi-innovations.com/,"Nur-Sultan, Kazakhstan",Undisclosed,$25 - $49 / hr,250 - 999,20%,Nur-Sultan,,Kazakhstan,No informado,Informado,999,250 - 999,Empresa grande/fuera SME,Mid-market,AI Service complementary, Empresa diversificada que ofrece IA como una línea de servicio complementaria,Asia,1,Asia,Kazakhstan,KAZ,3
Distancematrix.ai,https://distancematrix.ai/,"Kharkiv, Ukraine",Undisclosed,Undisclosed,2 - 9,30%,Kharkiv,,Ukraine,No informado,No informado,9,2 - 9,Micro Empresa,SMB,AI Service complementary, Empresa diversificada que ofrece IA como una línea de servicio complementaria,Europa,0,Europe,Ukraine,UKR,92
InnovationIncubator,https://www.innovationincubator.com/,"New York, NY","$5,000+",< $25 / hr,250 - 999,10%,New York,NY,USA,Informado,Informado,999,250 - 999,Empresa grande/fuera SME,Mid-market,AI Service residual,Empresa diversificada cuya participación de IA es limitada o residual,América del Norte,2,North America,USA,USA,917
CrewMachine,https://www.crewmachine.com/,"Redwood City, CA",Undisclosed,Undisclosed,2 - 9,25%,Redwood City,CA,USA,No informado,No informado,9,2 - 9,Micro Empresa,SMB,AI Service complementary, Empresa diversificada que ofrece IA como una línea de servicio complementaria,América del Norte,0,North America,USA,USA,917
ROBTechnologiesAG,https://rob-technologies.com/,"Zürich, Switzerland",Undisclosed,Undisclosed,2 - 9,25%,Zürich,,Switzerland,No informado,No informado,9,2 - 9,Micro Empresa,SMB,AI Service complementary, Empresa diversificada que ofrece IA como una línea de servicio complementaria,Europa,0,Europe,Switzerland,CHE,21
Shoothill,https://www.shoothill.com,"Shrewsbury, United Kingdom","$5,000+",$100 - $149 / hr,10 - 49,15%,Shrewsbury,,United Kingdom,Informado,Informado,49,10 - 49,Empresa pequeña ,SMB,AI Service residual,Empresa diversificada cuya participación de IA es limitada o residual,Europa,2,Europe,United Kingdom,GBR,304
WolvenHall,https://www.wolvenhall.com/,"Centro, Mexico",Undisclosed,Undisclosed,50 - 249,30%,Centro,,Mexico,No informado,No informado,249,50 - 249,Empresa mediana/ SME,SMB,AI Service complementary, Empresa diversificada que ofrece IA como una línea de servicio complementaria,América del Norte,0,North America,Mexico,MEX,31
"BeijingSobotTechnologiesCo.,Ltd",https://www.sobot.com/,"Beijing, China",Undisclosed,Undisclosed,50 - 249,30%,Beijing,,China,No informado,No informado,249,50 - 249,Empresa mediana/ SME,SMB,AI Service complementary, Empresa diversificada que ofrece IA como una línea de servicio complementaria,Asia,0,Asia,China,China,87
PublicisSapientShanghai,http://publicissapient.com/,"Shanghai, China",Undisclosed,Undisclosed,50 - 249,15%,Shanghai,,China,No informado,No informado,249,50 - 249,Empresa mediana/ SME,SMB,AI Service residual,Empresa diversificada cuya participación de IA es limitada o residual,Asia,0,Asia,China,China,87
"ChengduICTInformationTechnologyCo.,Ltd.",https://www.xtoneict.com/,"Cheng Du Shi, China",Undisclosed,Undisclosed,50 - 249,30%,Cheng Du Shi,,China,No informado,No informado,249,50 - 249,Empresa mediana/ SME,SMB,AI Service complementary, Empresa diversificada que ofrece IA como una línea de servicio complementaria,Asia,0,Asia,China,China,87
QualitasGlobal,https://www.qualitasglobal.com/,"New York, NY","$1,000+",< $25 / hr,250 - 999,10%,New York,NY,USA,Informado,Informado,999,250 - 999,Empresa grande/fuera SME,Mid-market,AI Service residual,Empresa diversificada cuya participación de IA es limitada o residual,América del Norte,2,North America,USA,USA,917
Trifork,https://trifork.com/,"Amsterdam, Namibia",Undisclosed,Undisclosed,250 - 999,10%,Amsterdam,,Namibia,No informado,No informado,999,250 - 999,Empresa grande/fuera SME,Mid-market,AI Service residual,Empresa diversificada cuya participación de IA es limitada o residual,África,0,Africa,Namibia,NAM,1
FromScratchCo.,https://f-scratch.co.jp,"Shinjuku City, Japan","$5,000+",$100 - $149 / hr,10 - 49,20%,Shinjuku City,,Japan,Informado,Informado,49,10 - 49,Empresa pequeña ,SMB,AI Service complementary, Empresa diversificada que ofrece IA como una línea de servicio complementaria,Asia,2,Asia,Japan,Japan,8
FirstPrinciples,http://firstprinciples.tech/,"Bengaluru, India","$10,000+",$50 - $99 / hr,2 - 9,40%,Bengaluru,,India,Informado,Informado,9,2 - 9,Micro Empresa,SMB,AI Service complementary, Empresa diversificada que ofrece IA como una línea de servicio complementaria,Asia,2,Asia,India,IND,441
Radicalbit,https://radicalbit.io/contacts/,"Milano, Italy","$100,000+",$150 - $199 / hr,10 - 49,24%,Milano,,Italy,Informado,Informado,49,10 - 49,Empresa pequeña ,SMB,AI Service complementary, Empresa diversificada que ofrece IA como una línea de servicio complementaria,Europa,2,Europe,Italy,ITA,18
Soft-inSRL,https://www.soft-in.com/,"Beinasco, Italy","$10,000+",$100 - $149 / hr,50 - 249,20%,Beinasco,,Italy,Informado,Informado,249,50 - 249,Empresa mediana/ SME,SMB,AI Service complementary, Empresa diversificada que ofrece IA como una línea de servicio complementaria,Europa,2,Europe,Italy,ITA,18
Bestweby,https://www.bestweby.com/,"Dhaka, Bangladesh",Undisclosed,Undisclosed,50 - 249,20%,Dhaka,,Bangladesh,No informado,No informado,249,50 - 249,Empresa mediana/ SME,SMB,AI Service complementary, Empresa diversificada que ofrece IA como una línea de servicio complementaria,Asia,0,Asia,Bangladesh,BGD,19
Velti,http://www.velti.co.uk/,"Marousi, Greece",Undisclosed,Undisclosed,50 - 249,20%,Greece,,Greece,No informado,No informado,249,50 - 249,Empresa mediana/ SME,SMB,AI Service complementary, Empresa diversificada que ofrece IA como una línea de servicio complementaria,Europa,0,Europe,Greece,GRC,2
MEMOSSoftware,https://memos-software.com/,"Prague, Czech Republic","$5,000+",$50 - $99 / hr,50 - 249,20%,Prague,,Czech Republic,Informado,Informado,249,50 - 249,Empresa mediana/ SME,SMB,AI Service complementary, Empresa diversificada que ofrece IA como una línea de servicio complementaria,Europa,2,Europe,Czech Republic,CZE,24
WhiteCloudUK,http://www.whitecloudipl.co.uk/,"Millbank, United Kingdom","$1,000+",$25 - $49 / hr,50 - 249,20%,Millbank,,United Kingdom,Informado,Informado,249,50 - 249,Empresa mediana/ SME,SMB,AI Service complementary, Empresa diversificada que ofrece IA como una línea de servicio complementaria,Europa,2,Europe,United Kingdom,GBR,304
TrivialworksSolutionsPvtLtd,https://trivialworks.com/,"Lucknow, India",Undisclosed,Undisclosed,50 - 249,20%,Lucknow,,India,No informado,No informado,249,50 - 249,Empresa mediana/ SME,SMB,AI Service complementary, Empresa diversificada que ofrece IA como una línea de servicio complementaria,Asia,0,Asia,India,IND,441
H&D,https://www.h-d-gmbh.de/,"München, Germany",Undisclosed,Undisclosed,50 - 249,20%,München,,Germany,No informado,No informado,249,50 - 249,Empresa mediana/ SME,SMB,AI Service complementary, Empresa diversificada que ofrece IA como una línea de servicio complementaria,Europa,0,Europe,Germany,DEU,47
LoodosTechnology,https://www.loodos.com,"İstanbul, Turkey","$25,000+",$50 - $99 / hr,50 - 249,20%,İstanbul,,Turkey,Informado,Informado,249,50 - 249,Empresa mediana/ SME,SMB,AI Service complementary, Empresa diversificada que ofrece IA como una línea de servicio complementaria,Asia,2,Asia,Turkey,TUR,18
EnnobleFirstGovernmentSolutions,http://www.ennoblefirst.com/,"Chantilly, VA",Undisclosed,Undisclosed,50 - 249,20%,Chantilly,VA,USA,No informado,No informado,249,50 - 249,Empresa mediana/ SME,SMB,AI Service complementary, Empresa diversificada que ofrece IA como una línea de servicio complementaria,América del Norte,0,North America,USA,USA,917
ALMServicesTechnologyGroup,https://almservices.tech,"Warszawa, Poland",Undisclosed,Undisclosed,50 - 249,20%,Warszawa,,Poland,No informado,No informado,249,50 - 249,Empresa mediana/ SME,SMB,AI Service complementary, Empresa diversificada que ofrece IA como una línea de servicio complementaria,Europa,0,Europe,Poland,POL,147
SmiddleInternational,https://smiddle.com/,"Tallinn, Estonia",Undisclosed,Undisclosed,50 - 249,20%,Tallinn,,Estonia,No informado,No informado,249,50 - 249,Empresa mediana/ SME,SMB,AI Service complementary, Empresa diversificada que ofrece IA como una línea de servicio complementaria,Europa,0,Europe,Estonia,EST,17
GloriousInsightPvtLtd,https://glorinz.com/,"Noida, India","$5,000+",$25 - $49 / hr,50 - 249,20%,Noida,,India,Informado,Informado,249,50 - 249,Empresa mediana/ SME,SMB,AI Service complementary, Empresa diversificada que ofrece IA como una línea de servicio complementaria,Asia,2,Asia,India,IND,441
LanwareSolutions,https://websitenew.lanwaresolutions.com/,"Des Moines, IA","$10,000+",< $25 / hr,50 - 249,20%,Des Moines,IA,USA,Informado,Informado,249,50 - 249,Empresa mediana/ SME,SMB,AI Service complementary, Empresa diversificada que ofrece IA como una línea de servicio complementaria,América del Norte,2,North America,USA,USA,917
TaligentSA,https://www.taligent.com.ar/,"Ciudad Autonoma de Buenos Aires, Argentina","$1,000+",$25 - $49 / hr,50 - 249,20%,Ciudad Autonoma de Buenos Aires,,Argentina,Informado,Informado,249,50 - 249,Empresa mediana/ SME,SMB,AI Service complementary, Empresa diversificada que ofrece IA como una línea de servicio complementaria,América del Sur,2,South America,Argentina,ARG,29
FIRMINIQ,http://www.firminiq.com/,"Plano, TX",Undisclosed,Undisclosed,50 - 249,20%,Plano,TX,USA,No informado,No informado,249,50 - 249,Empresa mediana/ SME,SMB,AI Service complementary, Empresa diversificada que ofrece IA como una línea de servicio complementaria,América del Norte,0,North America,USA,USA,917
S4Support,https://www.s4s.in/,"Mumbai, India","$1,000+",< $25 / hr,"1,000 - 9,999",10%,Mumbai,,India,Informado,Informado,9999,1000 - 9999,Empresa grande /fuera SM,Enterprise,AI Service residual,Empresa diversificada cuya participación de IA es limitada o residual,Asia,2,Asia,India,IND,441
MinterLtd.,https://minter.ltd,"London, United Kingdom","$10,000+",$150 - $199 / hr,2 - 9,35%,London,,United Kingdom,Informado,Informado,9,2 - 9,Micro Empresa,SMB,AI Service complementary, Empresa diversificada que ofrece IA como una línea de servicio complementaria,Europa,2,Europe,United Kingdom,GBR,304
OfficeInteractiveInc,https://www.officeinteractive.com/home.html,"New York, NY","$10,000+",$50 - $99 / hr,2 - 9,25%,New York,NY,USA,Informado,Informado,9,2 - 9,Micro Empresa,SMB,AI Service complementary, Empresa diversificada que ofrece IA como una línea de servicio complementaria,América del Norte,2,North America,USA,USA,917
SoteriaNetworks,http://soterianetworks.com,"Natick, MA",Undisclosed,Undisclosed,2 - 9,30%,Natick,MA,USA,No informado,No informado,9,2 - 9,Micro Empresa,SMB,AI Service complementary, Empresa diversificada que ofrece IA como una línea de servicio complementaria,América del Norte,0,North America,USA,USA,917
FullThrottleLabs,https://fullthrottlelabs.com,"Bengaluru, India",Undisclosed,Undisclosed,2 - 9,30%,Bengaluru,,India,No informado,No informado,9,2 - 9,Micro Empresa,SMB,AI Service complementary, Empresa diversificada que ofrece IA como una línea de servicio complementaria,Asia,0,Asia,India,IND,441
RedMarlinLogistics,http://www.redmarlin.com,"Charlotte, NC",Undisclosed,Undisclosed,2 - 9,30%,Charlotte,NC,USA,No informado,No informado,9,2 - 9,Micro Empresa,SMB,AI Service complementary, Empresa diversificada que ofrece IA como una línea de servicio complementaria,América del Norte,0,North America,USA,USA,917
Cardus,http://cardusinc.com,"Farmington Hills, MI",Undisclosed,Undisclosed,2 - 9,30%,Farmington Hills,MI,USA,No informado,No informado,9,2 - 9,Micro Empresa,SMB,AI Service complementary, Empresa diversificada que ofrece IA como una línea de servicio complementaria,América del Norte,0,North America,USA,USA,917
VelocityWorks,http://www.velocityworks.io,"Pittsburgh, PA","$10,000+",$200 - $300 / hr,2 - 9,30%,Pittsburgh,PA,USA,Informado,Informado,9,2 - 9,Micro Empresa,SMB,AI Service complementary, Empresa diversificada que ofrece IA como una línea de servicio complementaria,América del Norte,2,North America,USA,USA,917
BitplexPtyLtd,https://www.bitplex.com.au/,"Rockhampton, Australia",Undisclosed,Undisclosed,2 - 9,30%,Rockhampton,,Australia,No informado,No informado,9,2 - 9,Micro Empresa,SMB,AI Service complementary, Empresa diversificada que ofrece IA como una línea de servicio complementaria,Oceanía,0,Oceania,Australia,AUS,96
VortexInnovationLabs,https://vortexinnovationlabs.com/,"Dublin, CA","$10,000+",$150 - $199 / hr,2 - 9,30%,Dublin,CA,USA,Informado,Informado,9,2 - 9,Micro Empresa,SMB,AI Service complementary, Empresa diversificada que ofrece IA como una línea de servicio complementaria,América del Norte,2,North America,USA,USA,917
Solstice,https://www.solstice.com/,"Chicago, IL","$100,000+",Undisclosed,250 - 999,10%,Chicago,IL,USA,Informado,No informado,999,250 - 999,Empresa grande/fuera SME,Mid-market,AI Service residual,Empresa diversificada cuya participación de IA es limitada o residual,América del Norte,1,North America,USA,USA,917
UOLDIVEO,https://www.uoldiveo.com.br/index.html,"São Paulo, Brazil",Undisclosed,Undisclosed,250 - 999,10%,São Paulo,,Brazil,No informado,No informado,999,250 - 999,Empresa grande/fuera SME,Mid-market,AI Service residual,Empresa diversificada cuya participación de IA es limitada o residual,América del Sur,0,South America,Brazil,BRA,21
Nimbletank,https://www.nimbletank.com/,"London, United Kingdom","$10,000+",$100 - $149 / hr,10 - 49,20%,London,,United Kingdom,Informado,Informado,49,10 - 49,Empresa pequeña ,SMB,AI Service complementary, Empresa diversificada que ofrece IA como una línea de servicio complementaria,Europa,2,Europe,United Kingdom,GBR,304
Decentrix,https://www.decentrix.net/,"Denver, CO","$5,000+",$100 - $149 / hr,10 - 49,20%,Denver,CO,USA,Informado,Informado,49,10 - 49,Empresa pequeña ,SMB,AI Service complementary, Empresa diversificada que ofrece IA como una línea de servicio complementaria,América del Norte,2,North America,USA,USA,917
FIXER,https://www.fixer.co.jp/en-us/,"Minato City, Japan","$5,000+",$100 - $149 / hr,10 - 49,20%,Minato City,,Japan,Informado,Informado,49,10 - 49,Empresa pequeña ,SMB,AI Service complementary, Empresa diversificada que ofrece IA como una línea de servicio complementaria,Asia,2,Asia,Japan,Japan,8
DEEPHi,http://www.deephi.com/,"Beijing, China","$5,000+",$50 - $99 / hr,10 - 49,20%,Beijing,,China,Informado,Informado,49,10 - 49,Empresa pequeña ,SMB,AI Service complementary, Empresa diversificada que ofrece IA como una línea de servicio complementaria,Asia,2,Asia,China,China,87
AdroitInfosystem,http://www.adroitinfosystem.com,"Boca Raton, FL","$1,000+",$25 - $49 / hr,10 - 49,20%,Boca Raton,FL,USA,Informado,Informado,49,10 - 49,Empresa pequeña ,SMB,AI Service complementary, Empresa diversificada que ofrece IA como una línea de servicio complementaria,América del Norte,2,North America,USA,USA,917
WaqartechLtd,http://www.waqartech.com/,"Birmingham, United Kingdom",Undisclosed,Undisclosed,10 - 49,20%,Birmingham,,United Kingdom,No informado,No informado,49,10 - 49,Empresa pequeña ,SMB,AI Service complementary, Empresa diversificada que ofrece IA como una línea de servicio complementaria,Europa,0,Europe,United Kingdom,GBR,304
InternetArchitects,https://www.internetarchitects.be/,"Antwerpen, Belgium",Undisclosed,Undisclosed,10 - 49,20%,Antwerpen,,Belgium,No informado,No informado,49,10 - 49,Empresa pequeña ,SMB,AI Service complementary, Empresa diversificada que ofrece IA como una línea de servicio complementaria,Europa,0,Europe,Belgium,BEL,5
aFrogleap,https://afrogleap.com/,"Amsterdam, Netherlands",Undisclosed,Undisclosed,10 - 49,20%,Amsterdam,,Netherlands,No informado,No informado,49,10 - 49,Empresa pequeña ,SMB,AI Service complementary, Empresa diversificada que ofrece IA como una línea de servicio complementaria,Europa,0,Europe,Netherlands,NLD,26
Datalytyx,http://www.datalytyx.com,"London, United Kingdom","$10,000+",$150 - $199 / hr,10 - 49,20%,London,,United Kingdom,Informado,Informado,49,10 - 49,Empresa pequeña ,SMB,AI Service complementary, Empresa diversificada que ofrece IA como una línea de servicio complementaria,Europa,2,Europe,United Kingdom,GBR,304
MSS,http://www.mss.es/,"Barcelona, Spain",Undisclosed,Undisclosed,10 - 49,20%,Barcelona,,Spain,No informado,No informado,49,10 - 49,Empresa pequeña ,SMB,AI Service complementary, Empresa diversificada que ofrece IA como una línea de servicio complementaria,Europa,0,Europe,Spain,ESP,29
SenpaiAcademy,https://www.senpaiacademy.com/,"Montevideo, Uruguay",Undisclosed,Undisclosed,10 - 49,20%,Montevideo,,Uruguay,No informado,No informado,49,10 - 49,Empresa pequeña ,SMB,AI Service complementary, Empresa diversificada que ofrece IA como una línea de servicio complementaria,América del Sur,0,South America,Uruguay,URY,22
CrowdMItaly,https://www.crowdm.com/,"Milano, Italy",Undisclosed,Undisclosed,10 - 49,20%,Milano,,Italy,No informado,No informado,49,10 - 49,Empresa pequeña ,SMB,AI Service complementary, Empresa diversificada que ofrece IA como una línea de servicio complementaria,Europa,0,Europe,Italy,ITA,18
BlueEyeSoftCorp,https://www.blueyesoft.com/,"Greer, SC",Undisclosed,Undisclosed,10 - 49,20%,Greer,SC,USA,No informado,No informado,49,10 - 49,Empresa pequeña ,SMB,AI Service complementary, Empresa diversificada que ofrece IA como una línea de servicio complementaria,América del Norte,0,North America,USA,USA,917
MAGESInstitute,https://mages.edu.sg,"Singapore, Singapore",Undisclosed,Undisclosed,10 - 49,20%,Singapore,,Singapore,No informado,No informado,49,10 - 49,Empresa pequeña ,SMB,AI Service complementary, Empresa diversificada que ofrece IA como una línea de servicio complementaria,Asia,0,Asia,Singapore,SGP,24
ICanInfotechPvt.Ltd,https://icaninfotech.com/,"Ahmedabad, India","$1,000+",$25 - $49 / hr,10 - 49,20%,Ahmedabad,,India,Informado,Informado,49,10 - 49,Empresa pequeña ,SMB,AI Service complementary, Empresa diversificada que ofrece IA como una línea de servicio complementaria,Asia,2,Asia,India,IND,441
MountainiseInc,https://www.mountainise.com/,"Newark, DE","$5,000+",$150 - $199 / hr,10 - 49,20%,Newark,DE,USA,Informado,Informado,49,10 - 49,Empresa pequeña ,SMB,AI Service complementary, Empresa diversificada que ofrece IA como una línea de servicio complementaria,América del Norte,2,North America,USA,USA,917
Zelkaa,https://zelkaa.com/,"Amsterdam, Netherlands","$1,000+",Undisclosed,10 - 49,20%,Amsterdam,,Netherlands,Informado,No informado,49,10 - 49,Empresa pequeña ,SMB,AI Service complementary, Empresa diversificada que ofrece IA como una línea de servicio complementaria,Europa,1,Europe,Netherlands,NLD,26
Ambush,http://getambush.com,"Austin, TX","$75,000+",$100 - $149 / hr,50 - 249,20%,Austin,TX,USA,Informado,Informado,249,50 - 249,Empresa mediana/ SME,SMB,AI Service complementary, Empresa diversificada que ofrece IA como una línea de servicio complementaria,América del Norte,2,North America,USA,USA,917
Innohub,https://innohubgroup.com/,"Al Ain, United Arab Emirates","$10,000+",$25 - $49 / hr,50 - 249,20%,Al Ain,,United Arab Emirates,Informado,Informado,249,50 - 249,Empresa mediana/ SME,SMB,AI Service complementary, Empresa diversificada que ofrece IA como una línea de servicio complementaria,Oriente Medio,2,Middle East,United Arab Emirates,ARE,39
Rheobot,https://rheo.bot/,"Ahmedabad, India",Undisclosed,Undisclosed,50 - 249,20%,Ahmedabad,,India,No informado,No informado,249,50 - 249,Empresa mediana/ SME,SMB,AI Service complementary, Empresa diversificada que ofrece IA como una línea de servicio complementaria,Asia,0,Asia,India,IND,441
DucenIT,https://www.ducenit.com/,"Boca Raton, FL","$25,000+",$50 - $99 / hr,250 - 999,10%,Boca Raton,FL,USA,Informado,Informado,999,250 - 999,Empresa grande/fuera SME,Mid-market,AI Service residual,Empresa diversificada cuya participación de IA es limitada o residual,América del Norte,2,North America,USA,USA,917
block9systems,http://block9systems.com,"Bengaluru, India","$5,000+",$25 - $49 / hr,10 - 49,25%,Bengaluru,,India,Informado,Informado,49,10 - 49,Empresa pequeña ,SMB,AI Service complementary, Empresa diversificada que ofrece IA como una línea de servicio complementaria,Asia,2,Asia,India,IND,441
CodeNomad,http://codenomad.net/,"Sahibzada Ajit Singh Nagar, India","$1,000+",< $25 / hr,10 - 49,25%,Sahibzada Ajit Singh Nagar,,India,Informado,Informado,49,10 - 49,Empresa pequeña ,SMB,AI Service complementary, Empresa diversificada que ofrece IA como una línea de servicio complementaria,Asia,2,Asia,India,IND,441
BridgeBusinessConsulting,http://www.bridge.consulting/,"Sydney, Australia",Undisclosed,Undisclosed,10 - 49,25%,Sydney,,Australia,No informado,No informado,49,10 - 49,Empresa pequeña ,SMB,AI Service complementary, Empresa diversificada que ofrece IA como una línea de servicio complementaria,Oceanía,0,Oceania,Australia,AUS,96
SolGenie,https://www.solgenie.com/,"Berkeley Lake, GA",Undisclosed,Undisclosed,10 - 49,25%,Berkeley Lake,GA,USA,No informado,No informado,49,10 - 49,Empresa pequeña ,SMB,AI Service complementary, Empresa diversificada que ofrece IA como una línea de servicio complementaria,América del Norte,0,North America,USA,USA,917
CognishiftTechnologies,http://cognishift.com.au,"Cairns City, Australia","$10,000+",Undisclosed,10 - 49,25%,Cairns City,,Australia,Informado,No informado,49,10 - 49,Empresa pequeña ,SMB,AI Service complementary, Empresa diversificada que ofrece IA como una línea de servicio complementaria,Oceanía,1,Oceania,Australia,AUS,96
[emailprotected]INC,https://www.equationsinc.com/,"San Francisco, CA",Undisclosed,Undisclosed,10 - 49,25%,San Francisco,CA,USA,No informado,No informado,49,10 - 49,Empresa pequeña ,SMB,AI Service complementary, Empresa diversificada que ofrece IA como una línea de servicio complementaria,América del Norte,0,North America,USA,USA,917
Eydean,https://eydean.com,"Kathmandu, Nepal","$5,000+",$50 - $99 / hr,10 - 49,25%,Kathmandu,,Nepal,Informado,Informado,49,10 - 49,Empresa pequeña ,SMB,AI Service complementary, Empresa diversificada que ofrece IA como una línea de servicio complementaria,Asia,2,Asia,Nepal,NPL,3
AdmiralDigitalconsulting,https://www.admiral.ma,"Casablanca, Morocco",Undisclosed,Undisclosed,10 - 49,25%,Casablanca,,Morocco,No informado,No informado,49,10 - 49,Empresa pequeña ,SMB,AI Service complementary, Empresa diversificada que ofrece IA como una línea de servicio complementaria,África,0,Africa,Morocco,MAR,3
OKORUMTECHNOLOGIESS.A.S,https://okorum.com/,"Medellín, Colombia",Undisclosed,Undisclosed,10 - 49,25%,Medellín,,Colombia,No informado,No informado,49,10 - 49,Empresa pequeña ,SMB,AI Service complementary, Empresa diversificada que ofrece IA como una línea de servicio complementaria,América del Sur,0,South America,Colombia,COL,43
SkizzleTechnolabsIndiaPrivateLtd,http://skizzle.tech/,"Kochi, India","$100,000+",< $25 / hr,10 - 49,25%,Kochi,,India,Informado,Informado,49,10 - 49,Empresa pequeña ,SMB,AI Service complementary, Empresa diversificada que ofrece IA como una línea de servicio complementaria,Asia,2,Asia,India,IND,441
Braidr,https://braidr.ai,"London, United Kingdom","$5,000+",Undisclosed,10 - 49,25%,London,,United Kingdom,Informado,No informado,49,10 - 49,Empresa pequeña ,SMB,AI Service complementary, Empresa diversificada que ofrece IA como una línea de servicio complementaria,Europa,1,Europe,United Kingdom,GBR,304
YaelAcceptic,https://www.acceptic.com,"Kharkiv, Ukraine",Undisclosed,Undisclosed,50 - 249,17%,Kharkiv,,Ukraine,No informado,No informado,249,50 - 249,Empresa mediana/ SME,SMB,AI Service residual,Empresa diversificada cuya participación de IA es limitada o residual,Europa,0,Europe,Ukraine,UKR,92
ChatmineTechnologies,http://chatmine.com,"Wayland, MA",Undisclosed,Undisclosed,2 - 9,25%,Wayland,MA,USA,No informado,No informado,9,2 - 9,Micro Empresa,SMB,AI Service complementary, Empresa diversificada que ofrece IA como una línea de servicio complementaria,América del Norte,0,North America,USA,USA,917
ThizTechnologyGroupLimitedShanghai,http://thizgroup.com/,"Shanghai, China",Undisclosed,Undisclosed,2 - 9,25%,Shanghai,,China,No informado,No informado,9,2 - 9,Micro Empresa,SMB,AI Service complementary, Empresa diversificada que ofrece IA como una línea de servicio complementaria,Asia,0,Asia,China,China,87
J29Inc.,https://www.j29inc.com/,"Millersville, MD",Undisclosed,Undisclosed,2 - 9,25%,Millersville,MD,USA,No informado,No informado,9,2 - 9,Micro Empresa,SMB,AI Service complementary, Empresa diversificada que ofrece IA como una línea de servicio complementaria,América del Norte,0,North America,USA,USA,917
"ITegrity,Inc.",https://www.itegrityinc.com/,"Silver Spring, MD",Undisclosed,Undisclosed,2 - 9,25%,Silver Spring,MD,USA,No informado,No informado,9,2 - 9,Micro Empresa,SMB,AI Service complementary, Empresa diversificada que ofrece IA como una línea de servicio complementaria,América del Norte,0,North America,USA,USA,917
ASquareGroup,https://a2-g.com/,"Catonsville, MD",Undisclosed,Undisclosed,2 - 9,25%,Catonsville,MD,USA,No informado,No informado,9,2 - 9,Micro Empresa,SMB,AI Service complementary, Empresa diversificada que ofrece IA como una línea de servicio complementaria,América del Norte,0,North America,USA,USA,917
VectorialAI,http://www.vectorial.ai,"Montevideo, Uruguay","$1,000+",$25 - $49 / hr,2 - 9,40%,Montevideo,,Uruguay,Informado,Informado,9,2 - 9,Micro Empresa,SMB,AI Service complementary, Empresa diversificada que ofrece IA como una línea de servicio complementaria,América del Sur,2,South America,Uruguay,URY,22
RPALab,https://rpalab.net/,"L'viv, Ukraine","$1,000+",< $25 / hr,2 - 9,40%,L'viv,,Ukraine,Informado,Informado,9,2 - 9,Micro Empresa,SMB,AI Service complementary, Empresa diversificada que ofrece IA como una línea de servicio complementaria,Europa,2,Europe,Ukraine,UKR,92
NuronSurge-A.I,https://nuronsurge.com/,"Mechanicsburg, PA","$1,000+",$50 - $99 / hr,2 - 9,40%,Mechanicsburg,PA,USA,Informado,Informado,9,2 - 9,Micro Empresa,SMB,AI Service complementary, Empresa diversificada que ofrece IA como una línea de servicio complementaria,América del Norte,2,North America,USA,USA,917
"O3,Inc.",https://www.o3apps.com/,"Concord, CA, CA",Undisclosed,Undisclosed,2 - 9,40%,Concord,CA,USA,No informado,No informado,9,2 - 9,Micro Empresa,SMB,AI Service complementary, Empresa diversificada que ofrece IA como una línea de servicio complementaria,América del Norte,0,North America,USA,USA,917
Cordnex.AI,https://www.cordnex.ai/,"Pune, India",Undisclosed,$25 - $49 / hr,2 - 9,40%,Pune,,India,No informado,Informado,9,2 - 9,Micro Empresa,SMB,AI Service complementary, Empresa diversificada que ofrece IA como una línea de servicio complementaria,Asia,1,Asia,India,IND,441
JadexStrategicGroup,https://jadexstrategic.com/,"Spring Lake, MI, MI",Undisclosed,Undisclosed,2 - 9,40%,Spring Lake,MI,USA,No informado,No informado,9,2 - 9,Micro Empresa,SMB,AI Service complementary, Empresa diversificada que ofrece IA como una línea de servicio complementaria,América del Norte,0,North America,USA,USA,917
"GovCXP,LLC",https://www.govcxp.com,"Washington, DC",Undisclosed,Undisclosed,2 - 9,40%,Washington,,USA,No informado,No informado,9,2 - 9,Micro Empresa,SMB,AI Service complementary, Empresa diversificada que ofrece IA como una línea de servicio complementaria,América del Norte,0,North America,USA,USA,917
SystemizeConsulting,https://systemizeconsulting.com.au,"Melbourne, Australia","$50,000+",$100 - $149 / hr,2 - 9,40%,Melbourne,,Australia,Informado,Informado,9,2 - 9,Micro Empresa,SMB,AI Service complementary, Empresa diversificada que ofrece IA como una línea de servicio complementaria,Oceanía,2,Oceania,Australia,AUS,96
BanglaPuzzleLimited,https://www.banglapuzzle.com,"Dhaka, Bangladesh","$1,000+",$25 - $49 / hr,10 - 49,20%,Dhaka,,Bangladesh,Informado,Informado,49,10 - 49,Empresa pequeña ,SMB,AI Service complementary, Empresa diversificada que ofrece IA como una línea de servicio complementaria,Asia,2,Asia,Bangladesh,BGD,19
DataPilot,https://data-pilot.com/,"Lahore, Pakistan",Undisclosed,Undisclosed,2 - 9,25%,Lahore,,Pakistan,No informado,No informado,9,2 - 9,Micro Empresa,SMB,AI Service complementary, Empresa diversificada que ofrece IA como una línea de servicio complementaria,Asia,0,Asia,Pakistan,PAK,61
WikQik,https://www.wikqik.com,"Noida, India","$1,000+",$25 - $49 / hr,50 - 249,20%,Noida,,India,Informado,Informado,249,50 - 249,Empresa mediana/ SME,SMB,AI Service complementary, Empresa diversificada que ofrece IA como una línea de servicio complementaria,Asia,2,Asia,India,IND,441
DeliverMedia,http://www.delivermedia.com,"Tampa, FL","$5,000+",$100 - $149 / hr,10 - 49,20%,Tampa,FL,USA,Informado,Informado,49,10 - 49,Empresa pequeña ,SMB,AI Service complementary, Empresa diversificada que ofrece IA como una línea de servicio complementaria,América del Norte,2,North America,USA,USA,917
ScalentInfotechPvt.Ltd.,https://www.scalent.io,"Pune, India",Undisclosed,Undisclosed,10 - 49,20%,Pune,,India,No informado,No informado,49,10 - 49,Empresa pequeña ,SMB,AI Service complementary, Empresa diversificada que ofrece IA como una línea de servicio complementaria,Asia,0,Asia,India,IND,441
MandtMedia,https://www.mandt.com/,"Los Angeles, CA","$10,000+",$100 - $149 / hr,10 - 49,20%,Los Angeles,CA,USA,Informado,Informado,49,10 - 49,Empresa pequeña ,SMB,AI Service complementary, Empresa diversificada que ofrece IA como una línea de servicio complementaria,América del Norte,2,North America,USA,USA,917
Acellere,http://www.acellere.com/,"Frankfurt am Main, Germany","$5,000+",$100 - $149 / hr,10 - 49,20%,Frankfurt am Main,,Germany,Informado,Informado,49,10 - 49,Empresa pequeña ,SMB,AI Service complementary, Empresa diversificada que ofrece IA como una línea de servicio complementaria,Europa,2,Europe,Germany,DEU,47
EtellectLtd,http://www.etellect.com/,"Glasgow, United Kingdom",Undisclosed,Undisclosed,10 - 49,20%,Glasgow,,United Kingdom,No informado,No informado,49,10 - 49,Empresa pequeña ,SMB,AI Service complementary, Empresa diversificada que ofrece IA como una línea de servicio complementaria,Europa,0,Europe,United Kingdom,GBR,304
upUgo,https://upugo.com/,"Bristol, United Kingdom",Undisclosed,Undisclosed,10 - 49,20%,Bristol,,United Kingdom,No informado,No informado,49,10 - 49,Empresa pequeña ,SMB,AI Service complementary, Empresa diversificada que ofrece IA como una línea de servicio complementaria,Europa,0,Europe,United Kingdom,GBR,304
Lateral-Australia,https://www.lateral.com.au/,"Subiaco, Australia",Undisclosed,Undisclosed,10 - 49,20%,Subiaco,,Australia,No informado,No informado,49,10 - 49,Empresa pequeña ,SMB,AI Service complementary, Empresa diversificada que ofrece IA como una línea de servicio complementaria,Oceanía,0,Oceania,Australia,AUS,96
SURGO,https://surgogroup.com/,"New York, NY",Undisclosed,Undisclosed,10 - 49,20%,New York,NY,USA,No informado,No informado,49,10 - 49,Empresa pequeña ,SMB,AI Service complementary, Empresa diversificada que ofrece IA como una línea de servicio complementaria,América del Norte,0,North America,USA,USA,917
"NylaTechnologySolutions,Inc.",https://nylatechnologysolutions.com/,"Baltimore, MD",Undisclosed,Undisclosed,10 - 49,20%,Baltimore,MD,USA,No informado,No informado,49,10 - 49,Empresa pequeña ,SMB,AI Service complementary, Empresa diversificada que ofrece IA como una línea de servicio complementaria,América del Norte,0,North America,USA,USA,917
AdvanceDigitalSystemsInc.,http://www.advancedigitalsys.com,"Fairfax, VA",Undisclosed,Undisclosed,10 - 49,20%,Fairfax,VA,USA,No informado,No informado,49,10 - 49,Empresa pequeña ,SMB,AI Service complementary, Empresa diversificada que ofrece IA como una línea de servicio complementaria,América del Norte,0,North America,USA,USA,917
BitSpace,https://www.bitspace.com/,"Oslo, Norway",Undisclosed,Undisclosed,10 - 49,20%,Oslo,,Norway,No informado,No informado,49,10 - 49,Empresa pequeña ,SMB,AI Service complementary, Empresa diversificada que ofrece IA como una línea de servicio complementaria,Europa,0,Europe,Norway,NOR,3
https://bastion.clutch.co/profile/nxtp-ventures,http://www.space4good.com/,"Den Haag, Netherlands",Undisclosed,Undisclosed,10 - 49,20%,Den Haag,,Netherlands,No informado,No informado,49,10 - 49,Empresa pequeña ,SMB,AI Service complementary, Empresa diversificada que ofrece IA como una línea de servicio complementaria,Europa,0,Europe,Netherlands,NLD,26
Digiture,http://www.digiture.com,"Southlake, TX","$10,000+",$25 - $49 / hr,10 - 49,15%,Southlake,TX,USA,Informado,Informado,49,10 - 49,Empresa pequeña ,SMB,AI Service residual,Empresa diversificada cuya participación de IA es limitada o residual,América del Norte,2,North America,USA,USA,917
Branditorial,http://branditorial.hu/,"Budapest, Hungary",Undisclosed,Undisclosed,10 - 49,20%,Budapest,,Hungary,No informado,No informado,49,10 - 49,Empresa pequeña ,SMB,AI Service complementary, Empresa diversificada que ofrece IA como una línea de servicio complementaria,Europa,0,Europe,Hungary,HUN,6
ProductiveEdge,http://www.ProductiveEdge.com,"Chicago, IL","$50,000+",Undisclosed,250 - 999,10%,Chicago,IL,USA,Informado,No informado,999,250 - 999,Empresa grande/fuera SME,Mid-market,AI Service residual,Empresa diversificada cuya participación de IA es limitada o residual,América del Norte,1,North America,USA,USA,917
PureSoftware,http://puresoftware.com/,"Noida, India",Undisclosed,Undisclosed,250 - 999,10%,Noida,,India,No informado,No informado,999,250 - 999,Empresa grande/fuera SME,Mid-market,AI Service residual,Empresa diversificada cuya participación de IA es limitada o residual,Asia,0,Asia,India,IND,441
Techlogix,http://techlogix.com,"Lahore, Pakistan","$10,000+",$25 - $49 / hr,250 - 999,10%,Lahore,,Pakistan,Informado,Informado,999,250 - 999,Empresa grande/fuera SME,Mid-market,AI Service residual,Empresa diversificada cuya participación de IA es limitada o residual,Asia,2,Asia,Pakistan,PAK,61
KinglandSystems,https://www.kingland.com/,"Clear Lake, IA",Undisclosed,Undisclosed,250 - 999,10%,Clear Lake,IA,USA,No informado,No informado,999,250 - 999,Empresa grande/fuera SME,Mid-market,AI Service residual,Empresa diversificada cuya participación de IA es limitada o residual,América del Norte,0,North America,USA,USA,917
Qualysoft,https://www.qualysoft.com/en,"München, Germany","$25,000+",$25 - $49 / hr,250 - 999,10%,München,,Germany,Informado,Informado,999,250 - 999,Empresa grande/fuera SME,Mid-market,AI Service residual,Empresa diversificada cuya participación de IA es limitada o residual,Europa,2,Europe,Germany,DEU,47
SYONE,https://www.syone.com/,"Amadora, Portugal","$10,000+",$50 - $99 / hr,250 - 999,10%,Amadora,,Portugal,Informado,Informado,999,250 - 999,Empresa grande/fuera SME,Mid-market,AI Service residual,Empresa diversificada cuya participación de IA es limitada o residual,Europa,2,Europe,Portugal,PRT,9
ARTIN,https://www.artin.cz,"Brno, Czech Republic","$10,000+",$50 - $99 / hr,250 - 999,10%,Brno,,Czech Republic,Informado,Informado,999,250 - 999,Empresa grande/fuera SME,Mid-market,AI Service residual,Empresa diversificada cuya participación de IA es limitada o residual,Europa,2,Europe,Czech Republic,CZE,24
TADigital,https://www.tadigital.com/home#featured,"Newark, CA",Undisclosed,Undisclosed,250 - 999,10%,Newark,CA,USA,No informado,No informado,999,250 - 999,Empresa grande/fuera SME,Mid-market,AI Service residual,Empresa diversificada cuya participación de IA es limitada o residual,América del Norte,0,North America,USA,USA,917
FuturismTechnologies,https://www.futurismtechnologies.com/,"Piscataway, NJ","$10,000+",$25 - $49 / hr,50 - 249,15%,Piscataway,NJ,USA,Informado,Informado,249,50 - 249,Empresa mediana/ SME,SMB,AI Service residual,Empresa diversificada cuya participación de IA es limitada o residual,América del Norte,2,North America,USA,USA,917
OutstaffingAS,https://outstaffing.no/,"Oslo, Norway","$10,000+",$50 - $99 / hr,50 - 249,15%,Oslo,,Norway,Informado,Informado,249,50 - 249,Empresa mediana/ SME,SMB,AI Service residual,Empresa diversificada cuya participación de IA es limitada o residual,Europa,2,Europe,Norway,NOR,3
INCNTechnology,https://www.incntech.cn/,"Guangzhou Shi, China","$1,000+",< $25 / hr,50 - 249,20%,Guangzhou Shi,,China,Informado,Informado,249,50 - 249,Empresa mediana/ SME,SMB,AI Service complementary, Empresa diversificada que ofrece IA como una línea de servicio complementaria,Asia,2,Asia,China,China,87
Timeline,https://timeline.ae,"Dubai, United Arab Emirates","$50,000+",Undisclosed,50 - 249,20%,Dubai,,United Arab Emirates,Informado,No informado,249,50 - 249,Empresa mediana/ SME,SMB,AI Service complementary, Empresa diversificada que ofrece IA como una línea de servicio complementaria,Oriente Medio,1,Middle East,United Arab Emirates,ARE,39
TrackDfect,http://trackdfect.com/,"Chennai, India",Undisclosed,Undisclosed,50 - 249,20%,Chennai,,India,No informado,No informado,249,50 - 249,Empresa mediana/ SME,SMB,AI Service complementary, Empresa diversificada que ofrece IA como una línea de servicio complementaria,Asia,0,Asia,India,IND,441
PirimidFintech,https://pirimidtech.com/,"Ahmedabad, India",Undisclosed,Undisclosed,50 - 249,20%,Ahmedabad,,India,No informado,No informado,249,50 - 249,Empresa mediana/ SME,SMB,AI Service complementary, Empresa diversificada que ofrece IA como una línea de servicio complementaria,Asia,0,Asia,India,IND,441
Bupartech,http://bupartech.com/,"Quito, Ecuador",Undisclosed,Undisclosed,50 - 249,20%,Quito,,Ecuador,No informado,No informado,249,50 - 249,Empresa mediana/ SME,SMB,AI Service complementary, Empresa diversificada que ofrece IA como una línea de servicio complementaria,América del Sur,0,South America,Ecuador,ECU,6
DreamCodeSoftware,https://www.dreamcodesoft.com/,"Cali, Colombia",Undisclosed,Undisclosed,50 - 249,20%,Cali,,Colombia,No informado,No informado,249,50 - 249,Empresa mediana/ SME,SMB,AI Service complementary, Empresa diversificada que ofrece IA como una línea de servicio complementaria,América del Sur,0,South America,Colombia,COL,43
PetrelAI,https://petrel.ai/,"Almaty, Kazakhstan","$50,000+",$25 - $49 / hr,50 - 249,20%,Almaty,,Kazakhstan,Informado,Informado,249,50 - 249,Empresa mediana/ SME,SMB,AI Service complementary, Empresa diversificada que ofrece IA como una línea de servicio complementaria,Asia,2,Asia,Kazakhstan,KAZ,3
DataQraft,https://www.dataqraft.com/,"Dubai, United Arab Emirates",Undisclosed,Undisclosed,50 - 249,20%,Dubai,,United Arab Emirates,No informado,No informado,249,50 - 249,Empresa mediana/ SME,SMB,AI Service complementary, Empresa diversificada que ofrece IA como una línea de servicio complementaria,Oriente Medio,0,Middle East,United Arab Emirates,ARE,39
TSS,https://tss.black,"Warszawa, Poland","$10,000+",$50 - $99 / hr,50 - 249,20%,Warszawa,,Poland,Informado,Informado,249,50 - 249,Empresa mediana/ SME,SMB,AI Service complementary, Empresa diversificada que ofrece IA como una línea de servicio complementaria,Europa,2,Europe,Poland,POL,147
AforAnalytics,https://aforanalytic.com/,"Chennai, India",Undisclosed,< $25 / hr,50 - 249,20%,Chennai,,India,No informado,Informado,249,50 - 249,Empresa mediana/ SME,SMB,AI Service complementary, Empresa diversificada que ofrece IA como una línea de servicio complementaria,Asia,1,Asia,India,IND,441
EliteCrestTechnologies,http://www.elitecrest.com,"Seattle, WA","$25,000+",$150 - $199 / hr,10 - 49,20%,Seattle,WA,USA,Informado,Informado,49,10 - 49,Empresa pequeña ,SMB,AI Service complementary, Empresa diversificada que ofrece IA como una línea de servicio complementaria,América del Norte,2,North America,USA,USA,917
NenosSoftware,http://www.nenos-software.ro,"Galați, Romania","$50,000+",$25 - $49 / hr,10 - 49,20%,Galați,,Romania,Informado,Informado,49,10 - 49,Empresa pequeña ,SMB,AI Service complementary, Empresa diversificada que ofrece IA como una línea de servicio complementaria,Europa,2,Europe,Romania,ROU,27
AlgofocusTechnologiesPrivateLimited,http://algofocus.com/,"Gurugram, India",Undisclosed,Undisclosed,10 - 49,20%,Gurugram,,India,No informado,No informado,49,10 - 49,Empresa pequeña ,SMB,AI Service complementary, Empresa diversificada que ofrece IA como una línea de servicio complementaria,Asia,0,Asia,India,IND,441
Quosphere–ATechnologyCompany,http://www.quosphere.com,"Amersfoort, Netherlands","$5,000+",$25 - $49 / hr,50 - 249,15%,Amersfoort,,Netherlands,Informado,Informado,249,50 - 249,Empresa mediana/ SME,SMB,AI Service residual,Empresa diversificada cuya participación de IA es limitada o residual,Europa,2,Europe,Netherlands,NLD,26
DOING.,http://www.doing.com/,"Roma, Italy","$5,000+",$100 - $149 / hr,250 - 999,10%,Roma,,Italy,Informado,Informado,999,250 - 999,Empresa grande/fuera SME,Mid-market,AI Service residual,Empresa diversificada cuya participación de IA es limitada o residual,Europa,2,Europe,Italy,ITA,18
OpteamixLLC,http://www.opteamix.com,"Highlands Ranch, CO","$5,000+",$25 - $49 / hr,250 - 999,10%,Highlands Ranch,CO,USA,Informado,Informado,999,250 - 999,Empresa grande/fuera SME,Mid-market,AI Service residual,Empresa diversificada cuya participación de IA es limitada o residual,América del Norte,2,North America,USA,USA,917
HexaviewTechnologies,https://hexaviewtech.com/,"East Brunswick, NJ","$10,000+",$25 - $49 / hr,250 - 999,10%,East Brunswick,NJ,USA,Informado,Informado,999,250 - 999,Empresa grande/fuera SME,Mid-market,AI Service residual,Empresa diversificada cuya participación de IA es limitada o residual,América del Norte,2,North America,USA,USA,917
ThumbStackTechnologiesPrivateLimited,http://thumbstack.in,"Mumbai, India","$1,000+",Undisclosed,10 - 49,20%,Mumbai,,India,Informado,No informado,49,10 - 49,Empresa pequeña ,SMB,AI Service complementary, Empresa diversificada que ofrece IA como una línea de servicio complementaria,Asia,1,Asia,India,IND,441
Avantrio,https://avantrio.xyz/,"Colombo, Sri Lanka","$5,000+",$25 - $49 / hr,10 - 49,20%,Colombo,,Sri Lanka,Informado,Informado,49,10 - 49,Empresa pequeña ,SMB,AI Service complementary, Empresa diversificada que ofrece IA como una línea de servicio complementaria,Asia,2,Asia,Sri Lanka,LKA,15
WPLACE.TECH,http://wplace.tech,"Tallinn, Estonia","$50,000+",$50 - $99 / hr,10 - 49,30%,Tallinn,,Estonia,Informado,Informado,49,10 - 49,Empresa pequeña ,SMB,AI Service complementary, Empresa diversificada que ofrece IA como una línea de servicio complementaria,Europa,2,Europe,Estonia,EST,17
EminentGeeks,https://eminentgeeks.com/,"Rajkot, India","$1,000+",< $25 / hr,10 - 49,30%,Rajkot,,India,Informado,Informado,49,10 - 49,Empresa pequeña ,SMB,AI Service complementary, Empresa diversificada que ofrece IA como una línea de servicio complementaria,Asia,2,Asia,India,IND,441
GSIX,https://gsix.me,"Denver, CO","$10,000+",$100 - $149 / hr,10 - 49,20%,Denver,CO,USA,Informado,Informado,49,10 - 49,Empresa pequeña ,SMB,AI Service complementary, Empresa diversificada que ofrece IA como una línea de servicio complementaria,América del Norte,2,North America,USA,USA,917
MelcherStudios,http://www.melcher.ca/,"Regina, Canada","$25,000+",$25 - $49 / hr,10 - 49,20%,Regina,,Canada,Informado,Informado,49,10 - 49,Empresa pequeña ,SMB,AI Service complementary, Empresa diversificada que ofrece IA como una línea de servicio complementaria,América del Norte,2,North America,Canada,CAN,126
KriyaTecITSystems,http://kriyatec.com/,"Chennai, India",Undisclosed,Undisclosed,10 - 49,20%,Chennai,,India,No informado,No informado,49,10 - 49,Empresa pequeña ,SMB,AI Service complementary, Empresa diversificada que ofrece IA como una línea de servicio complementaria,Asia,0,Asia,India,IND,441
BMPTechnologies,https://www.bmptechnologies.com.au/,"Barangaroo, Australia",Undisclosed,Undisclosed,10 - 49,20%,Barangaroo,,Australia,No informado,No informado,49,10 - 49,Empresa pequeña ,SMB,AI Service complementary, Empresa diversificada que ofrece IA como una línea de servicio complementaria,Oceanía,0,Oceania,Australia,AUS,96
Auroinfo-Hawthorne,https://www.auroinfo.com/,"Hawthorne, CA",Undisclosed,Undisclosed,10 - 49,20%,Hawthorne,CA,USA,No informado,No informado,49,10 - 49,Empresa pequeña ,SMB,AI Service complementary, Empresa diversificada que ofrece IA como una línea de servicio complementaria,América del Norte,0,North America,USA,USA,917
BrightAppsLLC,https://brightappsllc.com/,"Walnut Creek, CA",Undisclosed,Undisclosed,10 - 49,20%,Walnut Creek,CA,USA,No informado,No informado,49,10 - 49,Empresa pequeña ,SMB,AI Service complementary, Empresa diversificada que ofrece IA como una línea de servicio complementaria,América del Norte,0,North America,USA,USA,917
GBSNResearch,https://www.gbsnresearch.com/,"Lisboa, Portugal","$1,000+",< $25 / hr,10 - 49,20%,Lisboa,,Portugal,Informado,Informado,49,10 - 49,Empresa pequeña ,SMB,AI Service complementary, Empresa diversificada que ofrece IA como una línea de servicio complementaria,Europa,2,Europe,Portugal,PRT,9
"Covintus,Inc.",https://covintus.com/,"Henrico, VA","$5,000+",Undisclosed,10 - 49,20%,Henrico,VA,USA,Informado,No informado,49,10 - 49,Empresa pequeña ,SMB,AI Service complementary, Empresa diversificada que ofrece IA como una línea de servicio complementaria,América del Norte,1,North America,USA,USA,917
AnalyticalWizards,http://www.analyticalwizards.com,"Edison, NJ",Undisclosed,Undisclosed,10 - 49,20%,Edison,NJ,USA,No informado,No informado,49,10 - 49,Empresa pequeña ,SMB,AI Service complementary, Empresa diversificada que ofrece IA como una línea de servicio complementaria,América del Norte,0,North America,USA,USA,917
SequoiaAppliedTechnologies,http://www.sequoiaat.com,"Santa Clara, CA","$25,000+",$25 - $49 / hr,10 - 49,20%,Santa Clara,CA,USA,Informado,Informado,49,10 - 49,Empresa pequeña ,SMB,AI Service complementary, Empresa diversificada que ofrece IA como una línea de servicio complementaria,América del Norte,2,North America,USA,USA,917
"Mindboard,Inc.",http://www.mindboard.com/,"Sterling, VA",Undisclosed,Undisclosed,10 - 49,20%,Sterling,VA,USA,No informado,No informado,49,10 - 49,Empresa pequeña ,SMB,AI Service complementary, Empresa diversificada que ofrece IA como una línea de servicio complementaria,América del Norte,0,North America,USA,USA,917
LightCode,https://lightcode.eu,"Wrocław, Poland","$1,000+",$25 - $49 / hr,10 - 49,20%,Wrocław,,Poland,Informado,Informado,49,10 - 49,Empresa pequeña ,SMB,AI Service complementary, Empresa diversificada que ofrece IA como una línea de servicio complementaria,Europa,2,Europe,Poland,POL,147
FuturistiQSolutions,https://futuristiqsolutions.com/,"Sharjah, United Arab Emirates","$10,000+",$25 - $49 / hr,10 - 49,20%,Sharjah,,United Arab Emirates,Informado,Informado,49,10 - 49,Empresa pequeña ,SMB,AI Service complementary, Empresa diversificada que ofrece IA como una línea de servicio complementaria,Oriente Medio,2,Middle East,United Arab Emirates,ARE,39
CloudStakesTechnologyPvt.Ltd.,https://cloudstakes.com/,"Ahmedabad, India","$1,000+",$25 - $49 / hr,10 - 49,20%,Ahmedabad,,India,Informado,Informado,49,10 - 49,Empresa pequeña ,SMB,AI Service complementary, Empresa diversificada que ofrece IA como una línea de servicio complementaria,Asia,2,Asia,India,IND,441
SoftPointConsultoresS.L.,http://www.softpoint.es/en/,"Madrid, Spain",Undisclosed,Undisclosed,10 - 49,20%,Madrid,,Spain,No informado,No informado,49,10 - 49,Empresa pequeña ,SMB,AI Service complementary, Empresa diversificada que ofrece IA como una línea de servicio complementaria,Europa,0,Europe,Spain,ESP,29
DuaConsulting,https://www.duaconsulting.com/,"New Delhi, India",Undisclosed,Undisclosed,10 - 49,20%,New Delhi,,India,No informado,No informado,49,10 - 49,Empresa pequeña ,SMB,AI Service complementary, Empresa diversificada que ofrece IA como una línea de servicio complementaria,Asia,0,Asia,India,IND,441
BlinkTechnologies,https://www.blinktech.sg/,"Singapore, Singapore",Undisclosed,Undisclosed,2 - 9,25%,Singapore,,Singapore,No informado,No informado,9,2 - 9,Micro Empresa,SMB,AI Service complementary, Empresa diversificada que ofrece IA como una línea de servicio complementaria,Asia,0,Asia,Singapore,SGP,24
TransylvaniaHighTech,https://www.tht.ro/,"Timișoara, Romania",Undisclosed,Undisclosed,2 - 9,25%,Timișoara,,Romania,No informado,No informado,9,2 - 9,Micro Empresa,SMB,AI Service complementary, Empresa diversificada que ofrece IA como una línea de servicio complementaria,Europa,0,Europe,Romania,ROU,27
ReqResLLC,http://www.reqres.com/,"Marietta, GA",Undisclosed,Undisclosed,2 - 9,25%,Marietta,GA,USA,No informado,No informado,9,2 - 9,Micro Empresa,SMB,AI Service complementary, Empresa diversificada que ofrece IA como una línea de servicio complementaria,América del Norte,0,North America,USA,USA,917
Vu360Solutions,http://www.vu360solutions.com/,"Naperville, IL",Undisclosed,Undisclosed,2 - 9,25%,Naperville,IL,USA,No informado,No informado,9,2 - 9,Micro Empresa,SMB,AI Service complementary, Empresa diversificada que ofrece IA como una línea de servicio complementaria,América del Norte,0,North America,USA,USA,917
ScientistTechnologies,https://www.scientisttechnologies.com/,"Bengaluru, India","$5,000+",$50 - $99 / hr,2 - 9,25%,Bengaluru,,India,Informado,Informado,9,2 - 9,Micro Empresa,SMB,AI Service complementary, Empresa diversificada que ofrece IA como una línea de servicio complementaria,Asia,2,Asia,India,IND,441
AAI,http://www.aaionline.us/,"Norcross, GA",Undisclosed,Undisclosed,2 - 9,25%,Norcross,GA,USA,No informado,No informado,9,2 - 9,Micro Empresa,SMB,AI Service complementary, Empresa diversificada que ofrece IA como una línea de servicio complementaria,América del Norte,0,North America,USA,USA,917
"ANETServices,LLC",https://www.anetsvc.com/,"Fairfax, VA",Undisclosed,Undisclosed,2 - 9,25%,Fairfax,VA,USA,No informado,No informado,9,2 - 9,Micro Empresa,SMB,AI Service complementary, Empresa diversificada que ofrece IA como una línea de servicio complementaria,América del Norte,0,North America,USA,USA,917
NoahData,http://www.noahdatatech.com/,"Atlanta, GA","$5,000+",< $25 / hr,50 - 249,15%,Atlanta,GA,USA,Informado,Informado,249,50 - 249,Empresa mediana/ SME,SMB,AI Service residual,Empresa diversificada cuya participación de IA es limitada o residual,América del Norte,2,North America,USA,USA,917
AlobhaTechnologiesPvt.Ltd.,https://alobhatechnologies.com/,"Noida, India","$1,000+",< $25 / hr,10 - 49,20%,Noida,,India,Informado,Informado,49,10 - 49,Empresa pequeña ,SMB,AI Service complementary, Empresa diversificada que ofrece IA como una línea de servicio complementaria,Asia,2,Asia,India,IND,441
DevIQ,https://deviq.io/,"Denver, CO","$50,000+",$150 - $199 / hr,10 - 49,20%,Denver,CO,USA,Informado,Informado,49,10 - 49,Empresa pequeña ,SMB,AI Service complementary, Empresa diversificada que ofrece IA como una línea de servicio complementaria,América del Norte,2,North America,USA,USA,917
HfSResearch,https://www.hfsresearch.com/,"Cambridge, United Kingdom","$1,000+",< $25 / hr,10 - 49,15%,Cambridge,,United Kingdom,Informado,Informado,49,10 - 49,Empresa pequeña ,SMB,AI Service residual,Empresa diversificada cuya participación de IA es limitada o residual,Europa,2,Europe,United Kingdom,GBR,304
S.T.A.R.SPvtLtd.,https://thestarsco.com/,"Lahore, Pakistan","$1,000+",$50 - $99 / hr,10 - 49,10%,Lahore,,Pakistan,Informado,Informado,49,10 - 49,Empresa pequeña ,SMB,AI Service residual,Empresa diversificada cuya participación de IA es limitada o residual,Asia,2,Asia,Pakistan,PAK,61
WEB-TECH,https://webtech.com.pl,"Kraków, Poland","$1,000+",$25 - $49 / hr,2 - 9,20%,Kraków,,Poland,Informado,Informado,9,2 - 9,Micro Empresa,SMB,AI Service complementary, Empresa diversificada que ofrece IA como una línea de servicio complementaria,Europa,2,Europe,Poland,POL,147
evdelo,http://www.evdelo.com,"București, Romania","$1,000+",$25 - $49 / hr,2 - 9,20%,București,,Romania,Informado,Informado,9,2 - 9,Micro Empresa,SMB,AI Service complementary, Empresa diversificada que ofrece IA como una línea de servicio complementaria,Europa,2,Europe,Romania,ROU,27
JITSolutions,https://www.jitsolutions.pl,"Gdynia, Poland","$10,000+",$50 - $99 / hr,250 - 999,10%,Gdynia,,Poland,Informado,Informado,999,250 - 999,Empresa grande/fuera SME,Mid-market,AI Service residual,Empresa diversificada cuya participación de IA es limitada o residual,Europa,2,Europe,Poland,POL,147
CyberSWIFT,http://www.cyberswift.com,"Kolkata, India","$25,000+",$25 - $49 / hr,250 - 999,10%,Kolkata,,India,Informado,Informado,999,250 - 999,Empresa grande/fuera SME,Mid-market,AI Service residual,Empresa diversificada cuya participación de IA es limitada o residual,Asia,2,Asia,India,IND,441
NTQSOLUTION,https://ntq.com.vn/,"Hanoi, Vietnam","$25,000+",< $25 / hr,250 - 999,10%,Hanoi,,Vietnam,Informado,Informado,999,250 - 999,Empresa grande/fuera SME,Mid-market,AI Service residual,Empresa diversificada cuya participación de IA es limitada o residual,Asia,2,Asia,Vietnam,VNM,29
WissenTechnology,http://www.wissen.com,"Bengaluru, India","$50,000+",$25 - $49 / hr,250 - 999,10%,Bengaluru,,India,Informado,Informado,999,250 - 999,Empresa grande/fuera SME,Mid-market,AI Service residual,Empresa diversificada cuya participación de IA es limitada o residual,Asia,2,Asia,India,IND,441
Centelon,https://centelon.com/,"Melbourne, Australia",Undisclosed,Undisclosed,250 - 999,10%,Melbourne,,Australia,No informado,No informado,999,250 - 999,Empresa grande/fuera SME,Mid-market,AI Service residual,Empresa diversificada cuya participación de IA es limitada o residual,Oceanía,0,Oceania,Australia,AUS,96
vTechSolutionInc,https://vtechsolution.com/,"Washington, DC","$50,000+",Undisclosed,250 - 999,10%,Washington,,USA,Informado,No informado,999,250 - 999,Empresa grande/fuera SME,Mid-market,AI Service residual,Empresa diversificada cuya participación de IA es limitada o residual,América del Norte,1,North America,USA,USA,917
ZUCISYSTEMS(INDIA)PRIVATELIMITED,https://www.zucisystems.com/,"Thoraipakkam, India","$1,000+",$50 - $99 / hr,50 - 249,16%,Thoraipakkam,,India,Informado,Informado,249,50 - 249,Empresa mediana/ SME,SMB,AI Service residual,Empresa diversificada cuya participación de IA es limitada o residual,Asia,2,Asia,India,IND,441
Soft2Run,https://soft2run.com/,"Bałsza, Bulgaria","$10,000+",$25 - $49 / hr,10 - 49,20%,Bałsza,,Bulgaria,Informado,Informado,49,10 - 49,Empresa pequeña ,SMB,AI Service complementary, Empresa diversificada que ofrece IA como una línea de servicio complementaria,Europa,2,Europe,Bulgaria,BGR,20
Rocketloop,http://rocketloop.de/,"Frankfurt am Main, Germany","$100,000+",Undisclosed,10 - 49,20%,Frankfurt am Main,,Germany,Informado,No informado,49,10 - 49,Empresa pequeña ,SMB,AI Service complementary, Empresa diversificada que ofrece IA como una línea de servicio complementaria,Europa,1,Europe,Germany,DEU,47
WIDNETDOOSkopje,http://www.widnet.mk,"Skopje, North Macedonia","$50,000+",$25 - $49 / hr,10 - 49,20%,Skopje,,North Macedonia,Informado,Informado,49,10 - 49,Empresa pequeña ,SMB,AI Service complementary, Empresa diversificada que ofrece IA como una línea de servicio complementaria,Europa,2,Europe,North Macedonia,MKD,7
SURFnCODE,http://www.surfncode.io,"Matosinhos, Portugal","$5,000+",$100 - $149 / hr,2 - 9,20%,Matosinhos,,Portugal,Informado,Informado,9,2 - 9,Micro Empresa,SMB,AI Service complementary, Empresa diversificada que ofrece IA como una línea de servicio complementaria,Europa,2,Europe,Portugal,PRT,9
Tellius,https://www.tellius.com,"Reston, VA",Undisclosed,Undisclosed,2 - 9,20%,Reston,VA,USA,No informado,No informado,9,2 - 9,Micro Empresa,SMB,AI Service complementary, Empresa diversificada que ofrece IA como una línea de servicio complementaria,América del Norte,0,North America,USA,USA,917
Hexoskin,https://www.hexoskin.com/,"Montreal, Canada",Undisclosed,Undisclosed,10 - 49,15%,Montreal,,Canada,No informado,No informado,49,10 - 49,Empresa pequeña ,SMB,AI Service residual,Empresa diversificada cuya participación de IA es limitada o residual,América del Norte,0,North America,Canada,CAN,126
WebisdomManagementServicesPvt.Ltd.,http://www.webisdom.com/,"New Delhi, India","$10,000+",$150 - $199 / hr,50 - 249,15%,New Delhi,,India,Informado,Informado,249,50 - 249,Empresa mediana/ SME,SMB,AI Service residual,Empresa diversificada cuya participación de IA es limitada o residual,Asia,2,Asia,India,IND,441
"StoneSoupTechSolutions,LLC",http://www.stonesouptech.com,"Griffin, GA","$10,000+",$100 - $149 / hr,50 - 249,10%,Griffin,GA,USA,Informado,Informado,249,50 - 249,Empresa mediana/ SME,SMB,AI Service residual,Empresa diversificada cuya participación de IA es limitada o residual,América del Norte,2,North America,USA,USA,917
AdactinGroupPty.Ltd.,https://www.adactin.com/,"Parramatta, Australia",Undisclosed,Undisclosed,50 - 249,15%,Parramatta,,Australia,No informado,No informado,249,50 - 249,Empresa mediana/ SME,SMB,AI Service residual,Empresa diversificada cuya participación de IA es limitada o residual,Oceanía,0,Oceania,Australia,AUS,96
SofbangLLC,https://www.sofbang.com/,"Westmont, IL","$25,000+",$25 - $49 / hr,50 - 249,15%,Westmont,IL,USA,Informado,Informado,249,50 - 249,Empresa mediana/ SME,SMB,AI Service residual,Empresa diversificada cuya participación de IA es limitada o residual,América del Norte,2,North America,USA,USA,917
ZeptoSystemsLtd,http://zeptosystems.com/,"لاہور, Pakistan","$25,000+",$25 - $49 / hr,50 - 249,10%,لاہور,,Pakistan,Informado,Informado,249,50 - 249,Empresa mediana/ SME,SMB,AI Service residual,Empresa diversificada cuya participación de IA es limitada o residual,Asia,2,Asia,Pakistan,PAK,61
RBCGroup,https://www.rbcgrp.com/en/,"Potters Bar, United Kingdom","$5,000+",$50 - $99 / hr,50 - 249,10%,Potters Bar,,United Kingdom,Informado,Informado,249,50 - 249,Empresa mediana/ SME,SMB,AI Service residual,Empresa diversificada cuya participación de IA es limitada o residual,Europa,2,Europe,United Kingdom,GBR,304
FaneeshTechnologies,https://faneesh.com/,"Noida, India","$5,000+",$25 - $49 / hr,10 - 49,30%,Noida,,India,Informado,Informado,49,10 - 49,Empresa pequeña ,SMB,AI Service complementary, Empresa diversificada que ofrece IA como una línea de servicio complementaria,Asia,2,Asia,India,IND,441
Absidy,https://www.AbsidyLLC.com/,"München, Germany","$1,000+",$25 - $49 / hr,2 - 9,37%,München,,Germany,Informado,Informado,9,2 - 9,Micro Empresa,SMB,AI Service complementary, Empresa diversificada que ofrece IA como una línea de servicio complementaria,Europa,2,Europe,Germany,DEU,47
AppCodeTechnologies,https://www.appcodeindia.com/,"San Jose, CA","$5,000+",< $25 / hr,10 - 49,15%,San Jose,CA,USA,Informado,Informado,49,10 - 49,Empresa pequeña ,SMB,AI Service residual,Empresa diversificada cuya participación de IA es limitada o residual,América del Norte,2,North America,USA,USA,917
Intelivix,http://intelivix.com/,"Recife, Brazil","$10,000+",$150 - $199 / hr,10 - 49,20%,Recife,,Brazil,Informado,Informado,49,10 - 49,Empresa pequeña ,SMB,AI Service complementary, Empresa diversificada que ofrece IA como una línea de servicio complementaria,América del Sur,2,South America,Brazil,BRA,21
"Indielabs,LLC.",http://www.indielabs.sa,"Khobar, ",Undisclosed,Undisclosed,10 - 49,20%,Khobar,,Saudi Arabia,No informado,No informado,49,10 - 49,Empresa pequeña ,SMB,AI Service complementary, Empresa diversificada que ofrece IA como una línea de servicio complementaria,Oriente Medio,0,Middle East,Saudi Arabia,SAU,5
DataGranny,https://datagranny.com/,"Pune, India",Undisclosed,Undisclosed,10 - 49,20%,Pune,,India,No informado,No informado,49,10 - 49,Empresa pequeña ,SMB,AI Service complementary, Empresa diversificada que ofrece IA como una línea de servicio complementaria,Asia,0,Asia,India,IND,441
OpusTechnologyLimited,http://www.opus-bd.com/,"Dhaka, Bangladesh",Undisclosed,Undisclosed,10 - 49,20%,Dhaka,,Bangladesh,No informado,No informado,49,10 - 49,Empresa pequeña ,SMB,AI Service complementary, Empresa diversificada que ofrece IA como una línea de servicio complementaria,Asia,0,Asia,Bangladesh,BGD,19
SysgSoftSolutions,https://www.sysgsoft.com/,"Cochin, India",Undisclosed,Undisclosed,10 - 49,20%,Cochin,,India,No informado,No informado,49,10 - 49,Empresa pequeña ,SMB,AI Service complementary, Empresa diversificada que ofrece IA como una línea de servicio complementaria,Asia,0,Asia,India,IND,441
BrandXR,https://brandxr.io,"Orlando, FL","$25,000+",$100 - $149 / hr,10 - 49,20%,Orlando,FL,USA,Informado,Informado,49,10 - 49,Empresa pequeña ,SMB,AI Service complementary, Empresa diversificada que ofrece IA como una línea de servicio complementaria,América del Norte,2,North America,USA,USA,917
NebraskaAppliedResearchInstitute,https://nari-cyber.com/,"Omaha, NE",Undisclosed,Undisclosed,10 - 49,20%,Omaha,NE,USA,No informado,No informado,49,10 - 49,Empresa pequeña ,SMB,AI Service complementary, Empresa diversificada que ofrece IA como una línea de servicio complementaria,América del Norte,0,North America,USA,USA,917
Archonic,https://archonic.com,"New York, NY","$5,000+",< $25 / hr,10 - 49,20%,New York,NY,USA,Informado,Informado,49,10 - 49,Empresa pequeña ,SMB,AI Service complementary, Empresa diversificada que ofrece IA como una línea de servicio complementaria,América del Norte,2,North America,USA,USA,917
NeolineInfoSolutions&LLP,https://neoline.in/,"Kochi, India","$1,000+",$25 - $49 / hr,10 - 49,20%,Kochi,,India,Informado,Informado,49,10 - 49,Empresa pequeña ,SMB,AI Service complementary, Empresa diversificada que ofrece IA como una línea de servicio complementaria,Asia,2,Asia,India,IND,441
TechcloudDevelopmentSolutionsPrivateLimited,https://www.techcloud.global,"Kakkanad, India","$1,000+",< $25 / hr,10 - 49,20%,Kakkanad,,India,Informado,Informado,49,10 - 49,Empresa pequeña ,SMB,AI Service complementary, Empresa diversificada que ofrece IA como una línea de servicio complementaria,Asia,2,Asia,India,IND,441
BluecastTechnologies,https://bluecast.tech,"Dubai, United Arab Emirates","$10,000+",$25 - $49 / hr,10 - 49,20%,Dubai,,United Arab Emirates,Informado,Informado,49,10 - 49,Empresa pequeña ,SMB,AI Service complementary, Empresa diversificada que ofrece IA como una línea de servicio complementaria,Oriente Medio,2,Middle East,United Arab Emirates,ARE,39
DataVizz,https://www.datavizz.in,"Ahmedabad, India","$5,000+",$25 - $49 / hr,10 - 49,20%,Ahmedabad,,India,Informado,Informado,49,10 - 49,Empresa pequeña ,SMB,AI Service complementary, Empresa diversificada que ofrece IA como una línea de servicio complementaria,Asia,2,Asia,India,IND,441
Tridenia,https://www.tridenia.com/,"Barcelona, Spain",Undisclosed,Undisclosed,10 - 49,20%,Barcelona,,Spain,No informado,No informado,49,10 - 49,Empresa pequeña ,SMB,AI Service complementary, Empresa diversificada que ofrece IA como una línea de servicio complementaria,Europa,0,Europe,Spain,ESP,29
CarbonoMX,http://carbono.mx/,"Ciudad de México, Mexico",Undisclosed,Undisclosed,10 - 49,20%,Ciudad de México,,Mexico,No informado,No informado,49,10 - 49,Empresa pequeña ,SMB,AI Service complementary, Empresa diversificada que ofrece IA como una línea de servicio complementaria,América del Norte,0,North America,Mexico,MEX,31
Elie,http://elie.io,"Berlin, Germany","$50,000+",$100 - $149 / hr,10 - 49,20%,Berlin,,Germany,Informado,Informado,49,10 - 49,Empresa pequeña ,SMB,AI Service complementary, Empresa diversificada que ofrece IA como una línea de servicio complementaria,Europa,2,Europe,Germany,DEU,47
WizardryLabs,https://wizardrylabs.io,"Vancouver, Canada","$10,000+",$100 - $149 / hr,10 - 49,20%,Vancouver,,Canada,Informado,Informado,49,10 - 49,Empresa pequeña ,SMB,AI Service complementary, Empresa diversificada que ofrece IA como una línea de servicio complementaria,América del Norte,2,North America,Canada,CAN,126
Techsolvo,https://techsolvo.com/,"Indore, India","$1,000+",< $25 / hr,10 - 49,20%,Indore,,India,Informado,Informado,49,10 - 49,Empresa pequeña ,SMB,AI Service complementary, Empresa diversificada que ofrece IA como una línea de servicio complementaria,Asia,2,Asia,India,IND,441
ECSMELLC,http://www.ecsme.ae,"Dubai, United Arab Emirates",Undisclosed,Undisclosed,10 - 49,20%,Dubai,,United Arab Emirates,No informado,No informado,49,10 - 49,Empresa pequeña ,SMB,AI Service complementary, Empresa diversificada que ofrece IA como una línea de servicio complementaria,Oriente Medio,0,Middle East,United Arab Emirates,ARE,39
ChengduTanmer,http://www.tanmer.com/,"Chengdu, China",Undisclosed,Undisclosed,10 - 49,20%,Chengdu,,China,No informado,No informado,49,10 - 49,Empresa pequeña ,SMB,AI Service complementary, Empresa diversificada que ofrece IA como una línea de servicio complementaria,Asia,0,Asia,China,China,87
BuddoBotInc.,http://www.BuddoBot.com,"Fairfax, VA",Undisclosed,Undisclosed,10 - 49,20%,Fairfax,VA,USA,No informado,No informado,49,10 - 49,Empresa pequeña ,SMB,AI Service complementary, Empresa diversificada que ofrece IA como una línea de servicio complementaria,América del Norte,0,North America,USA,USA,917
VivsoftTechnologiesLLC,https://www.vivsoft.io/,"Brambleton, VA",Undisclosed,Undisclosed,10 - 49,20%,Brambleton,VA,USA,No informado,No informado,49,10 - 49,Empresa pequeña ,SMB,AI Service complementary, Empresa diversificada que ofrece IA como una línea de servicio complementaria,América del Norte,0,North America,USA,USA,917
SnAConsulting,http://www.sna-consult.com,"Istanbul, Turkey",Undisclosed,Undisclosed,10 - 49,20%,Istanbul,,Turkey,No informado,No informado,49,10 - 49,Empresa pequeña ,SMB,AI Service complementary, Empresa diversificada que ofrece IA como una línea de servicio complementaria,Asia,0,Asia,Turkey,TUR,18
Speire,https://speire.ie/,"Cork, Ireland","$5,000+",$50 - $99 / hr,10 - 49,20%,Cork,,Ireland,Informado,Informado,49,10 - 49,Empresa pequeña ,SMB,AI Service complementary, Empresa diversificada que ofrece IA como una línea de servicio complementaria,Europa,2,Europe,Ireland,IRL,8
ThinkTransportation,https://thinktransportation.net/,"Karachi, Pakistan","$1,000+",$25 - $49 / hr,10 - 49,20%,Karachi,,Pakistan,Informado,Informado,49,10 - 49,Empresa pequeña ,SMB,AI Service complementary, Empresa diversificada que ofrece IA como una línea de servicio complementaria,Asia,2,Asia,Pakistan,PAK,61
IdyaTechnology,https://www.idya.com.au/augmented-reality/,"Heathwood, Australia","$5,000+",< $25 / hr,10 - 49,20%,Heathwood,,Australia,Informado,Informado,49,10 - 49,Empresa pequeña ,SMB,AI Service complementary, Empresa diversificada que ofrece IA como una línea de servicio complementaria,Oceanía,2,Oceania,Australia,AUS,96
RootcodeLabs,https://rootcodelabs.com/,"Colombo, Sri Lanka",Undisclosed,Undisclosed,10 - 49,20%,Colombo,,Sri Lanka,No informado,No informado,49,10 - 49,Empresa pequeña ,SMB,AI Service complementary, Empresa diversificada que ofrece IA como una línea de servicio complementaria,Asia,0,Asia,Sri Lanka,LKA,15
Alfatechnologies,http://alfatechnologies.com,"Las Condes, Chile",Undisclosed,Undisclosed,10 - 49,20%,Las Condes,,Chile,No informado,No informado,49,10 - 49,Empresa pequeña ,SMB,AI Service complementary, Empresa diversificada que ofrece IA como una línea de servicio complementaria,América del Sur,0,South America,Chile,CHL,13
MetaBytes,https://www.metabytes.se/,"Laholm, Sweden",Undisclosed,$100 - $149 / hr,10 - 49,20%,Laholm,,Sweden,No informado,Informado,49,10 - 49,Empresa pequeña ,SMB,AI Service complementary, Empresa diversificada que ofrece IA como una línea de servicio complementaria,Europa,1,Europe,Sweden,SWE,7
HEXRFACTORYIMMERSIVETECHPVTLTD,https://hexrfactory.com/,"Chennai, India","$5,000+",$25 - $49 / hr,10 - 49,20%,Chennai,,India,Informado,Informado,49,10 - 49,Empresa pequeña ,SMB,AI Service complementary, Empresa diversificada que ofrece IA como una línea de servicio complementaria,Asia,2,Asia,India,IND,441
InfiniSys,https://infinisys.co/,"New York, NY",Undisclosed,$25 - $49 / hr,10 - 49,20%,New York,NY,USA,No informado,Informado,49,10 - 49,Empresa pequeña ,SMB,AI Service complementary, Empresa diversificada que ofrece IA como una línea de servicio complementaria,América del Norte,1,North America,USA,USA,917
Blockaitech,https://blockaitech.com,"Mumbai, India","$5,000+",$25 - $49 / hr,10 - 49,20%,Mumbai,,India,Informado,Informado,49,10 - 49,Empresa pequeña ,SMB,AI Service complementary, Empresa diversificada que ofrece IA como una línea de servicio complementaria,Asia,2,Asia,India,IND,441
HaptoTech,https://www.haptotech.com/,"Gurugram, India","$5,000+",< $25 / hr,10 - 49,30%,Gurugram,,India,Informado,Informado,49,10 - 49,Empresa pequeña ,SMB,AI Service complementary, Empresa diversificada que ofrece IA como una línea de servicio complementaria,Asia,2,Asia,India,IND,441
QuixasTechnologies,https://quixasit.com/,"Islamabad, Pakistan","$5,000+",$50 - $99 / hr,10 - 49,30%,Islamabad,,Pakistan,Informado,Informado,49,10 - 49,Empresa pequeña ,SMB,AI Service complementary, Empresa diversificada que ofrece IA como una línea de servicio complementaria,Asia,2,Asia,Pakistan,PAK,61
ZeroBulb,https://www.zerobulb.com/,"Kochi, India",Undisclosed,Undisclosed,2 - 9,20%,Kochi,,India,No informado,No informado,9,2 - 9,Micro Empresa,SMB,AI Service complementary, Empresa diversificada que ofrece IA como una línea de servicio complementaria,Asia,0,Asia,India,IND,441
KalibroidaTechnologySolutions,https://kalibroida.com/,"Sunnyvale, CA",Undisclosed,Undisclosed,2 - 9,20%,Sunnyvale,CA,USA,No informado,No informado,9,2 - 9,Micro Empresa,SMB,AI Service complementary, Empresa diversificada que ofrece IA como una línea de servicio complementaria,América del Norte,0,North America,USA,USA,917
ISVWorld,https://www.isvworld.com/,"Amsterdam, Netherlands",Undisclosed,Undisclosed,2 - 9,20%,Amsterdam,,Netherlands,No informado,No informado,9,2 - 9,Micro Empresa,SMB,AI Service complementary, Empresa diversificada que ofrece IA como una línea de servicio complementaria,Europa,0,Europe,Netherlands,NLD,26
BlueTurtle,https://blueturtle.co.za/,"Midrand, South Africa","$1,000+",$50 - $99 / hr,10 - 49,15%,Midrand,,South Africa,Informado,Informado,49,10 - 49,Empresa pequeña ,SMB,AI Service residual,Empresa diversificada cuya participación de IA es limitada o residual,África,2,Africa,South Africa,ZAF,7
FolderIT,https://www.folderit.net,"Miramar, FL","$25,000+",$25 - $49 / hr,250 - 999,10%,Miramar,FL,USA,Informado,Informado,999,250 - 999,Empresa grande/fuera SME,Mid-market,AI Service residual,Empresa diversificada cuya participación de IA es limitada o residual,América del Norte,2,North America,USA,USA,917
XekeraSystemsInc.,https://www.xekera.com/,"Santa Clara, CA",Undisclosed,Undisclosed,250 - 999,10%,Santa Clara,CA,USA,No informado,No informado,999,250 - 999,Empresa grande/fuera SME,Mid-market,AI Service residual,Empresa diversificada cuya participación de IA es limitada o residual,América del Norte,0,North America,USA,USA,917
Counterpart,https://www.counterpart.biz/,"Fishers, IN",Undisclosed,Undisclosed,10 - 49,15%,Fishers,IN,USA,No informado,No informado,49,10 - 49,Empresa pequeña ,SMB,AI Service residual,Empresa diversificada cuya participación de IA es limitada o residual,América del Norte,0,North America,USA,USA,917
DivensiInc,http://www.divensi.com,"Redmond, WA","$5,000+",< $25 / hr,50 - 249,15%,Redmond,WA,USA,Informado,Informado,249,50 - 249,Empresa mediana/ SME,SMB,AI Service residual,Empresa diversificada cuya participación de IA es limitada o residual,América del Norte,2,North America,USA,USA,917
Treinetic(Pvt)Ltd,https://www.treinetic.com,"Battaramulla, Sri Lanka","$5,000+",$25 - $49 / hr,50 - 249,15%,Battaramulla,,Sri Lanka,Informado,Informado,249,50 - 249,Empresa mediana/ SME,SMB,AI Service residual,Empresa diversificada cuya participación de IA es limitada o residual,Asia,2,Asia,Sri Lanka,LKA,15
DigitalTechnologyPoland,https://www.dtpoland.com/,"Zielona Góra, Poland","$25,000+",$50 - $99 / hr,50 - 249,15%,Zielona Góra,,Poland,Informado,Informado,249,50 - 249,Empresa mediana/ SME,SMB,AI Service residual,Empresa diversificada cuya participación de IA es limitada o residual,Europa,2,Europe,Poland,POL,147
SplendorNetTechnologies,https://splendornet.com/,"Pune, India","$5,000+",$25 - $49 / hr,50 - 249,15%,Pune,,India,Informado,Informado,249,50 - 249,Empresa mediana/ SME,SMB,AI Service residual,Empresa diversificada cuya participación de IA es limitada o residual,Asia,2,Asia,India,IND,441
TechspianServices,https://www.techspian.com/,"Pune, India","$1,000+",$50 - $99 / hr,50 - 249,15%,Pune,,India,Informado,Informado,249,50 - 249,Empresa mediana/ SME,SMB,AI Service residual,Empresa diversificada cuya participación de IA es limitada o residual,Asia,2,Asia,India,IND,441
LogicSimplified,https://logicsimplified.com/newgames/,"Dehradun, India","$5,000+",< $25 / hr,10 - 49,10%,Dehradun,,India,Informado,Informado,49,10 - 49,Empresa pequeña ,SMB,AI Service residual,Empresa diversificada cuya participación de IA es limitada o residual,Asia,2,Asia,India,IND,441
FiniteSum,https://finitesum.com,"London, United Kingdom","$10,000+",Undisclosed,2 - 9,25%,London,,United Kingdom,Informado,No informado,9,2 - 9,Micro Empresa,SMB,AI Service complementary, Empresa diversificada que ofrece IA como una línea de servicio complementaria,Europa,1,Europe,United Kingdom,GBR,304
C3InsightGroupInc.,http://c3-inc.com,"Toronto, Canada",Undisclosed,Undisclosed,2 - 9,25%,Toronto,,Canada,No informado,No informado,9,2 - 9,Micro Empresa,SMB,AI Service complementary, Empresa diversificada que ofrece IA como una línea de servicio complementaria,América del Norte,0,North America,Canada,CAN,126
BitontopTechnologiesInc.,https://www.bitontop.com/,"Richmond, Canada",Undisclosed,Undisclosed,2 - 9,25%,Richmond,,Canada,No informado,No informado,9,2 - 9,Micro Empresa,SMB,AI Service complementary, Empresa diversificada que ofrece IA como una línea de servicio complementaria,América del Norte,0,North America,Canada,CAN,126
DaisX,https://dais-x.com/,"Greensboro, NC",Undisclosed,Undisclosed,2 - 9,25%,Greensboro,NC,USA,No informado,No informado,9,2 - 9,Micro Empresa,SMB,AI Service complementary, Empresa diversificada que ofrece IA como una línea de servicio complementaria,América del Norte,0,North America,USA,USA,917
Pagarba,https://pagarba.io/,"Marietta, GA",Undisclosed,Undisclosed,2 - 9,25%,Marietta,GA,USA,No informado,No informado,9,2 - 9,Micro Empresa,SMB,AI Service complementary, Empresa diversificada que ofrece IA como una línea de servicio complementaria,América del Norte,0,North America,USA,USA,917
FintalkSoftwareLabsPvt.Ltd.,https://fintalklabs.com,"Pune, India","$1,000+",< $25 / hr,2 - 9,25%,Pune,,India,Informado,Informado,9,2 - 9,Micro Empresa,SMB,AI Service complementary, Empresa diversificada que ofrece IA como una línea de servicio complementaria,Asia,2,Asia,India,IND,441
TresFactorial,https://www.tresfactorial.com/,"León, Mexico",Undisclosed,Undisclosed,2 - 9,25%,León,,Mexico,No informado,No informado,9,2 - 9,Micro Empresa,SMB,AI Service complementary, Empresa diversificada que ofrece IA como una línea de servicio complementaria,América del Norte,0,North America,Mexico,MEX,31
"HealthcareBusinessReps,LLC",https://www.HBRops.com,"Leland, NC",Undisclosed,Undisclosed,2 - 9,25%,Leland,NC,USA,No informado,No informado,9,2 - 9,Micro Empresa,SMB,AI Service complementary, Empresa diversificada que ofrece IA como una línea de servicio complementaria,América del Norte,0,North America,USA,USA,917
IBrandTechnologies,https://ibrandtech.com/,"Pune, India","$1,000+",< $25 / hr,250 - 999,15%,Pune,,India,Informado,Informado,999,250 - 999,Empresa grande/fuera SME,Mid-market,AI Service residual,Empresa diversificada cuya participación de IA es limitada o residual,Asia,2,Asia,India,IND,441
PersonalSoft,https://www.personalsoft.us,"Medellín, Colombia","$50,000+",$25 - $49 / hr,250 - 999,15%,Medellín,,Colombia,Informado,Informado,999,250 - 999,Empresa grande/fuera SME,Mid-market,AI Service residual,Empresa diversificada cuya participación de IA es limitada o residual,América del Sur,2,South America,Colombia,COL,43
O&DS,http://www.oeds.it,"Milano, Italy","$10,000+",$25 - $49 / hr,10 - 49,15%,Milano,,Italy,Informado,Informado,49,10 - 49,Empresa pequeña ,SMB,AI Service residual,Empresa diversificada cuya participación de IA es limitada o residual,Europa,2,Europe,Italy,ITA,18
Apifonica,https://www.apifonica.com/,"Tallinn, Estonia","$1,000+",$50 - $99 / hr,50 - 249,10%,Tallinn,,Estonia,Informado,Informado,249,50 - 249,Empresa mediana/ SME,SMB,AI Service residual,Empresa diversificada cuya participación de IA es limitada o residual,Europa,2,Europe,Estonia,EST,17
SmooperLabs,https://www.smooper.com/labs,"Bengaluru, India","$1,000+",$25 - $49 / hr,2 - 9,20%,Bengaluru,,India,Informado,Informado,9,2 - 9,Micro Empresa,SMB,AI Service complementary, Empresa diversificada que ofrece IA como una línea de servicio complementaria,Asia,2,Asia,India,IND,441
SensigoTechnologies,https://sensigotech.com/,"Chennai, India","$10,000+",$25 - $49 / hr,10 - 49,20%,Chennai,,India,Informado,Informado,49,10 - 49,Empresa pequeña ,SMB,AI Service complementary, Empresa diversificada que ofrece IA como una línea de servicio complementaria,Asia,2,Asia,India,IND,441
Cronumax,https://cronumax.com/,"Hong Kong, Hong Kong","$1,000+",$300+ / hr,10 - 49,30%,Hong Kong,,Hong Kong,Informado,Informado,49,10 - 49,Empresa pequeña ,SMB,AI Service complementary, Empresa diversificada que ofrece IA como una línea de servicio complementaria,Asia,2,Asia,Hong Kong,HKG,12
COALdev,http://coaldev.com/,"Lahore, Pakistan","$10,000+",$100 - $149 / hr,10 - 49,30%,Lahore,,Pakistan,Informado,Informado,49,10 - 49,Empresa pequeña ,SMB,AI Service complementary, Empresa diversificada que ofrece IA como una línea de servicio complementaria,Asia,2,Asia,Pakistan,PAK,61
ITWIXTechnologies,https://itwixtechnologies.com,"Nagpur, India","$1,000+",< $25 / hr,50 - 249,25%,Nagpur,,India,Informado,Informado,249,50 - 249,Empresa mediana/ SME,SMB,AI Service complementary, Empresa diversificada que ofrece IA como una línea de servicio complementaria,Asia,2,Asia,India,IND,441
HESFintech,https://hesfintech.com,"Vilnius, Lithuania","$50,000+",$50 - $99 / hr,50 - 249,10%,Lithuania,,Lithuania,Informado,Informado,249,50 - 249,Empresa mediana/ SME,SMB,AI Service residual,Empresa diversificada cuya participación de IA es limitada o residual,Europa,2,Europe,Lithuania,LTU,12
NellInfotech,https://www.nellinfotech.com/,"Pune, India","$1,000+",< $25 / hr,10 - 49,25%,Pune,,India,Informado,Informado,49,10 - 49,Empresa pequeña ,SMB,AI Service complementary, Empresa diversificada que ofrece IA como una línea de servicio complementaria,Asia,2,Asia,India,IND,441
TacnikTechnologyPvtLtd,http://www.tacnik.com,"Bengaluru, India","$1,000+",$25 - $49 / hr,10 - 49,10%,Bengaluru,,India,Informado,Informado,49,10 - 49,Empresa pequeña ,SMB,AI Service residual,Empresa diversificada cuya participación de IA es limitada o residual,Asia,2,Asia,India,IND,441
BowRiverSolutionsInc.,http://www.BowRiverSolutions.com,"Calgary, Canada","$1,000+",$50 - $99 / hr,2 - 9,20%,Calgary,,Canada,Informado,Informado,9,2 - 9,Micro Empresa,SMB,AI Service complementary, Empresa diversificada que ofrece IA como una línea de servicio complementaria,América del Norte,2,North America,Canada,CAN,126
Klivolks™PrivateLimited,https://klivolks.com,"Kazhakkoottam, India",Undisclosed,< $25 / hr,2 - 9,20%,Kazhakkoottam,,India,No informado,Informado,9,2 - 9,Micro Empresa,SMB,AI Service complementary, Empresa diversificada que ofrece IA como una línea de servicio complementaria,Asia,1,Asia,India,IND,441
SiteWhere,https://www.sitewhere.com/,"Atlanta, GA",Undisclosed,Undisclosed,2 - 9,20%,Atlanta,GA,USA,No informado,No informado,9,2 - 9,Micro Empresa,SMB,AI Service complementary, Empresa diversificada que ofrece IA como una línea de servicio complementaria,América del Norte,0,North America,USA,USA,917
Dogan.AI,https://www.dogan.ai,"Old Saybrook, CT","$5,000+",$100 - $149 / hr,2 - 9,20%,Old Saybrook,CT,USA,Informado,Informado,9,2 - 9,Micro Empresa,SMB,AI Service complementary, Empresa diversificada que ofrece IA como una línea de servicio complementaria,América del Norte,2,North America,USA,USA,917
HPCNow!,https://hpcnow.com/,"Barcelona, Spain",Undisclosed,Undisclosed,2 - 9,20%,Barcelona,,Spain,No informado,No informado,9,2 - 9,Micro Empresa,SMB,AI Service complementary, Empresa diversificada que ofrece IA como una línea de servicio complementaria,Europa,0,Europe,Spain,ESP,29
"OrsaTechnologies,LLC",https://orsa.co/,"Phoenix, AZ",Undisclosed,Undisclosed,2 - 9,20%,Phoenix,AZ,USA,No informado,No informado,9,2 - 9,Micro Empresa,SMB,AI Service complementary, Empresa diversificada que ofrece IA como una línea de servicio complementaria,América del Norte,0,North America,USA,USA,917
OutSecureInc,http://www.outsecure.com,"Shelton, CT",Undisclosed,Undisclosed,2 - 9,20%,Shelton,CT,USA,No informado,No informado,9,2 - 9,Micro Empresa,SMB,AI Service complementary, Empresa diversificada que ofrece IA como una línea de servicio complementaria,América del Norte,0,North America,USA,USA,917
AtemonTechnologyConsultantsLLP,https://www.atemon.com/,"Alappuzha, India","$1,000+",$25 - $49 / hr,2 - 9,20%,Alappuzha,,India,Informado,Informado,9,2 - 9,Micro Empresa,SMB,AI Service complementary, Empresa diversificada que ofrece IA como una línea de servicio complementaria,Asia,2,Asia,India,IND,441
InfoProjects,http://www.info-projects.com/,"Bogotá, Colombia",Undisclosed,Undisclosed,2 - 9,20%,Bogotá,,Colombia,No informado,No informado,9,2 - 9,Micro Empresa,SMB,AI Service complementary, Empresa diversificada que ofrece IA como una línea de servicio complementaria,América del Sur,0,South America,Colombia,COL,43
Wallscope,https://www.wallscope.co.uk/,"Edinburgh, United Kingdom",Undisclosed,Undisclosed,2 - 9,20%,Edinburgh,,United Kingdom,No informado,No informado,9,2 - 9,Micro Empresa,SMB,AI Service complementary, Empresa diversificada que ofrece IA como una línea de servicio complementaria,Europa,0,Europe,United Kingdom,GBR,304
DivinityIndiaEnterprisesPvtLtd,https://www.techdivinity.com,"Pune, India","$50,000+",$100 - $149 / hr,10 - 49,20%,Pune,,India,Informado,Informado,49,10 - 49,Empresa pequeña ,SMB,AI Service complementary, Empresa diversificada que ofrece IA como una línea de servicio complementaria,Asia,2,Asia,India,IND,441
IndexLabs,http://indexlabs.co.tz/,"Dar es Salaam, Tanzania",Undisclosed,Undisclosed,2 - 9,35%,Dar es Salaam,,Tanzania,No informado,No informado,9,2 - 9,Micro Empresa,SMB,AI Service complementary, Empresa diversificada que ofrece IA como una línea de servicio complementaria,África,0,Africa,Tanzania,TZA,4
SOMETHINGTECHIE,https://www.somethingtechie.co/,"Catbalogan City, Philippines",Undisclosed,Undisclosed,2 - 9,35%,Catbalogan City,,Philippines,No informado,No informado,9,2 - 9,Micro Empresa,SMB,AI Service complementary, Empresa diversificada que ofrece IA como una línea de servicio complementaria,Asia,0,Asia,Philippines,PHL,6
BlockFactory,https://blockfactory.live/,"Panama City, Panama",Undisclosed,Undisclosed,2 - 9,35%,Panama,,Panama,No informado,No informado,9,2 - 9,Micro Empresa,SMB,AI Service complementary, Empresa diversificada que ofrece IA como una línea de servicio complementaria,Centroamérica,0,Central America,Panama,Panama,3
Function-AI,http://function-ai.com/,"Roswell, GA",Undisclosed,Undisclosed,2 - 9,35%,Roswell,GA,USA,No informado,No informado,9,2 - 9,Micro Empresa,SMB,AI Service complementary, Empresa diversificada que ofrece IA como una línea de servicio complementaria,América del Norte,0,North America,USA,USA,917
GrupoYaQuedóS.A.S.deC.V.,https://www.yaquedo.com.mx,"Ciudad de México, Mexico","$5,000+",$100 - $149 / hr,2 - 9,35%,Ciudad de México,,Mexico,Informado,Informado,9,2 - 9,Micro Empresa,SMB,AI Service complementary, Empresa diversificada que ofrece IA como una línea de servicio complementaria,América del Norte,2,North America,Mexico,MEX,31
IntelligentMachinesLimited,https://retail.ai/,"Dhaka, Bangladesh",Undisclosed,Undisclosed,10 - 49,30%,Dhaka,,Bangladesh,No informado,No informado,49,10 - 49,Empresa pequeña ,SMB,AI Service complementary, Empresa diversificada que ofrece IA como una línea de servicio complementaria,Asia,0,Asia,Bangladesh,BGD,19
Craftsmen,https://www.craftsmenltd.com/,"Dhaka, Bangladesh","$10,000+",Undisclosed,10 - 49,30%,Dhaka,,Bangladesh,Informado,No informado,49,10 - 49,Empresa pequeña ,SMB,AI Service complementary, Empresa diversificada que ofrece IA como una línea de servicio complementaria,Asia,1,Asia,Bangladesh,BGD,19
Brixlabs,https://www.brixlabs.ai,"Costa Mesa, CA","$25,000+",$100 - $149 / hr,10 - 49,30%,Costa Mesa,CA,USA,Informado,Informado,49,10 - 49,Empresa pequeña ,SMB,AI Service complementary, Empresa diversificada que ofrece IA como una línea de servicio complementaria,América del Norte,2,North America,USA,USA,917
SkylineTechnologyUSALLC.,https://www.skylinetech.ai/solutions,"Princeton, NJ",Undisclosed,Undisclosed,10 - 49,30%,Princeton,NJ,USA,No informado,No informado,49,10 - 49,Empresa pequeña ,SMB,AI Service complementary, Empresa diversificada que ofrece IA como una línea de servicio complementaria,América del Norte,0,North America,USA,USA,917
ArnowaIndia,https://arnowa.com/,"New Delhi, India","$5,000+",Undisclosed,10 - 49,30%,New Delhi,,India,Informado,No informado,49,10 - 49,Empresa pequeña ,SMB,AI Service complementary, Empresa diversificada que ofrece IA como una línea de servicio complementaria,Asia,1,Asia,India,IND,441
"InferSolutions,Inc",https://www.infersol.com/,"Princeton, NJ",Undisclosed,Undisclosed,10 - 49,30%,Princeton,NJ,USA,No informado,No informado,49,10 - 49,Empresa pequeña ,SMB,AI Service complementary, Empresa diversificada que ofrece IA como una línea de servicio complementaria,América del Norte,0,North America,USA,USA,917
Innovatics,http://www.teaminnovatics.com,"Ahmedabad, India","$10,000+",< $25 / hr,10 - 49,30%,Ahmedabad,,India,Informado,Informado,49,10 - 49,Empresa pequeña ,SMB,AI Service complementary, Empresa diversificada que ofrece IA como una línea de servicio complementaria,Asia,2,Asia,India,IND,441
ResonatingMindzIndiaPrivateLimited,https://www.resonatingmindz.com,"Pune, India","$5,000+",$50 - $99 / hr,10 - 49,30%,Pune,,India,Informado,Informado,49,10 - 49,Empresa pequeña ,SMB,AI Service complementary, Empresa diversificada que ofrece IA como una línea de servicio complementaria,Asia,2,Asia,India,IND,441
Pavo&TuskerInnovationsPvt.Ltd,https://pavo-tusker.com,"Chennai, India","$5,000+",$25 - $49 / hr,10 - 49,30%,Chennai,,India,Informado,Informado,49,10 - 49,Empresa pequeña ,SMB,AI Service complementary, Empresa diversificada que ofrece IA como una línea de servicio complementaria,Asia,2,Asia,India,IND,441
EkkelAI,https://ekkel.ai,"Lahore, Pakistan","$5,000+",$25 - $49 / hr,10 - 49,30%,Lahore,,Pakistan,Informado,Informado,49,10 - 49,Empresa pequeña ,SMB,AI Service complementary, Empresa diversificada que ofrece IA como una línea de servicio complementaria,Asia,2,Asia,Pakistan,PAK,61
TheComRatingsGroup,https://www.comratings.com/,"Nan Jing Shi, China",Undisclosed,Undisclosed,10 - 49,30%,Nan Jing Shi,,China,No informado,No informado,49,10 - 49,Empresa pequeña ,SMB,AI Service complementary, Empresa diversificada que ofrece IA como una línea de servicio complementaria,Asia,0,Asia,China,China,87
LUNARSOFTWARESAI,http://lunarsoftwaresai.com/,"Mumbai, India","$10,000+",$25 - $49 / hr,10 - 49,30%,Mumbai,,India,Informado,Informado,49,10 - 49,Empresa pequeña ,SMB,AI Service complementary, Empresa diversificada que ofrece IA como una línea de servicio complementaria,Asia,2,Asia,India,IND,441
ActionToActionRobotics,https://www.actiontoaction.ai/,"Dubai, United Arab Emirates","$5,000+",$100 - $149 / hr,10 - 49,30%,Dubai,,United Arab Emirates,Informado,Informado,49,10 - 49,Empresa pequeña ,SMB,AI Service complementary, Empresa diversificada que ofrece IA como una línea de servicio complementaria,Oriente Medio,2,Middle East,United Arab Emirates,ARE,39
KochaTechnologiesInc,https://www.kochatechnologies.com/,"Vancouver, Canada","$75,000+",$50 - $99 / hr,10 - 49,30%,Vancouver,,Canada,Informado,Informado,49,10 - 49,Empresa pequeña ,SMB,AI Service complementary, Empresa diversificada que ofrece IA como una línea de servicio complementaria,América del Norte,2,North America,Canada,CAN,126
OrioleWebInfotech,https://nageshbadgujar.wordpress.com/,"Nashik, India","$5,000+",< $25 / hr,Freelancer,50%,Nashik,,India,Informado,Informado,0,No informado,No aplica,Freelancer,AI Focus,"Empresa con especialización destacada en IA, representa más de la mitad de su actividad",Asia,2,Asia,India,IND,441
GoPsybernetic,https://www.go-psybernetic.com/,"Thames Ditton, United Kingdom","$1,000+",$50 - $99 / hr,Freelancer,50%,Thames Ditton,,United Kingdom,Informado,Informado,0,No informado,No aplica,Freelancer,AI Focus,"Empresa con especialización destacada en IA, representa más de la mitad de su actividad",Europa,2,Europe,United Kingdom,GBR,304
SquareCodex,https://www.squarecodex.com/,"Escazu, Costa Rica",Undisclosed,Undisclosed,50 - 249,25%,Escazu,,Costa Rica,No informado,No informado,249,50 - 249,Empresa mediana/ SME,SMB,AI Service complementary, Empresa diversificada que ofrece IA como una línea de servicio complementaria,Centroamérica,0,Central America,Costa Rica,Costa Rica,9
iTizziCustomSoftwareDevelopment,https://itizzi.com/,"Vinnytsia, Ukraine","$10,000+",$25 - $49 / hr,50 - 249,25%,Vinnytsia,,Ukraine,Informado,Informado,249,50 - 249,Empresa mediana/ SME,SMB,AI Service complementary, Empresa diversificada que ofrece IA como una línea de servicio complementaria,Europa,2,Europe,Ukraine,UKR,92
IBMdeMéxicoComercializaciónyServicios,https://www.ibm.com/mx-es/,"Ciudad de México, Mexico",Undisclosed,Undisclosed,50 - 249,10%,Ciudad de México,,Mexico,No informado,No informado,249,50 - 249,Empresa mediana/ SME,SMB,AI Service residual,Empresa diversificada cuya participación de IA es limitada o residual,América del Norte,0,North America,Mexico,MEX,31
Hook&Hold,https://hookhold.marketing,"Barcelona, Spain","$1,000+",Undisclosed,Freelancer,50%,Barcelona,,Spain,Informado,No informado,0,No informado,No aplica,Freelancer,AI Focus,"Empresa con especialización destacada en IA, representa más de la mitad de su actividad",Europa,1,Europe,Spain,ESP,29
"ZhengzhouZhengtuoComputerTechnologyCo.,Ltd.",https://ztuo.cn/,"Zhengzhou, China",Undisclosed,Undisclosed,50 - 249,25%,Zhengzhou,,China,No informado,No informado,249,50 - 249,Empresa mediana/ SME,SMB,AI Service complementary, Empresa diversificada que ofrece IA como una línea de servicio complementaria,Asia,0,Asia,China,China,87
ApparrantTechnologies,http://www.apparrant.com,"Noida, India","$5,000+",< $25 / hr,10 - 49,10%,Noida,,India,Informado,Informado,49,10 - 49,Empresa pequeña ,SMB,AI Service residual,Empresa diversificada cuya participación de IA es limitada o residual,Asia,2,Asia,India,IND,441
SuntistLabsPvtLtd,http://www.suntist.com,"New Delhi, India","$1,000+",< $25 / hr,10 - 49,10%,New Delhi,,India,Informado,Informado,49,10 - 49,Empresa pequeña ,SMB,AI Service residual,Empresa diversificada cuya participación de IA es limitada o residual,Asia,2,Asia,India,IND,441
NeuronicWorksInc.,https://neuronicworks.com/,"Toronto, Canada","$10,000+",Undisclosed,10 - 49,10%,Toronto,,Canada,Informado,No informado,49,10 - 49,Empresa pequeña ,SMB,AI Service residual,Empresa diversificada cuya participación de IA es limitada o residual,América del Norte,1,North America,Canada,CAN,126
HanlonCreative,https://www.hanloncreative.com/,"Harleysville, PA","$10,000+",$100 - $149 / hr,10 - 49,15%,Harleysville,PA,USA,Informado,Informado,49,10 - 49,Empresa pequeña ,SMB,AI Service residual,Empresa diversificada cuya participación de IA es limitada o residual,América del Norte,2,North America,USA,USA,917
AtlantisTechnology,https://www.atlantistech.com/,"Concord, MA","$50,000+",$150 - $199 / hr,10 - 49,15%,Concord,MA,USA,Informado,Informado,49,10 - 49,Empresa pequeña ,SMB,AI Service residual,Empresa diversificada cuya participación de IA es limitada o residual,América del Norte,2,North America,USA,USA,917
StudioVi,https://viamsterdam.com,"Amsterdam, Netherlands","$5,000+",$100 - $149 / hr,2 - 9,20%,Amsterdam,,Netherlands,Informado,Informado,9,2 - 9,Micro Empresa,SMB,AI Service complementary, Empresa diversificada que ofrece IA como una línea de servicio complementaria,Europa,2,Europe,Netherlands,NLD,26
ByteScout,https://bytescout.com/,"Wilmington, DE","$1,000+",$25 - $49 / hr,10 - 49,10%,Wilmington,DE,USA,Informado,Informado,49,10 - 49,Empresa pequeña ,SMB,AI Service residual,Empresa diversificada cuya participación de IA es limitada o residual,América del Norte,2,North America,USA,USA,917
VizworX,https://vizworx.com/,"Calgary, Canada",Undisclosed,Undisclosed,10 - 49,10%,Calgary,,Canada,No informado,No informado,49,10 - 49,Empresa pequeña ,SMB,AI Service residual,Empresa diversificada cuya participación de IA es limitada o residual,América del Norte,0,North America,Canada,CAN,126
ITPSOne,https://itps.one/en/,"Miami, FL","$5,000+",$25 - $49 / hr,250 - 999,10%,Miami,FL,USA,Informado,Informado,999,250 - 999,Empresa grande/fuera SME,Mid-market,AI Service residual,Empresa diversificada cuya participación de IA es limitada o residual,América del Norte,2,North America,USA,USA,917
RedBiteSolutionsLtd.,https://www.redbite.com/,"Milton, United Kingdom","$50,000+",Undisclosed,10 - 49,15%,Milton,,United Kingdom,Informado,No informado,49,10 - 49,Empresa pequeña ,SMB,AI Service residual,Empresa diversificada cuya participación de IA es limitada o residual,Europa,1,Europe,United Kingdom,GBR,304
Convedo,https://www.convedo.com/,"London, United Kingdom","$50,000+",Undisclosed,10 - 49,15%,London,,United Kingdom,Informado,No informado,49,10 - 49,Empresa pequeña ,SMB,AI Service residual,Empresa diversificada cuya participación de IA es limitada o residual,Europa,1,Europe,United Kingdom,GBR,304
MultiverseSoftwareIndiaPvtLtd,https://www.multiverseapp.com,"Toronto, Canada","$1,000+",$50 - $99 / hr,2 - 9,10%,Toronto,,Canada,Informado,Informado,9,2 - 9,Micro Empresa,SMB,AI Service residual,Empresa diversificada cuya participación de IA es limitada o residual,América del Norte,2,North America,Canada,CAN,126
Stembrand,https://www.auquall.com,"Gurugram, India","$10,000+",$25 - $49 / hr,10 - 49,15%,Gurugram,,India,Informado,Informado,49,10 - 49,Empresa pequeña ,SMB,AI Service residual,Empresa diversificada cuya participación de IA es limitada o residual,Asia,2,Asia,India,IND,441
Codeska,http://www.codeska.com,"Odesa, Ukraine","$10,000+",$25 - $49 / hr,10 - 49,15%,Odesa,,Ukraine,Informado,Informado,49,10 - 49,Empresa pequeña ,SMB,AI Service residual,Empresa diversificada cuya participación de IA es limitada o residual,Europa,2,Europe,Ukraine,UKR,92
VeniceConsultingGroup,http://www.veniceconsulting.com,"Austin, TX","$50,000+",$50 - $99 / hr,2 - 9,10%,Austin,TX,USA,Informado,Informado,9,2 - 9,Micro Empresa,SMB,AI Service residual,Empresa diversificada cuya participación de IA es limitada o residual,América del Norte,2,North America,USA,USA,917
ADEPTTALENTACQUISITION,http://www.adeptconsultants.com,"Irving, TX",Undisclosed,Undisclosed,50 - 249,15%,Irving,TX,USA,No informado,No informado,249,50 - 249,Empresa mediana/ SME,SMB,AI Service residual,Empresa diversificada cuya participación de IA es limitada o residual,América del Norte,0,North America,USA,USA,917
OptimizedSolutions,http://www.optimized.solutions,"Ahmedabad, India",Undisclosed,Undisclosed,50 - 249,15%,Ahmedabad,,India,No informado,No informado,249,50 - 249,Empresa mediana/ SME,SMB,AI Service residual,Empresa diversificada cuya participación de IA es limitada o residual,Asia,0,Asia,India,IND,441
Quercus|NewModelVendor,https://qrqs.eu,"Łódź, Poland","$5,000+",$25 - $49 / hr,50 - 249,15%,Łódź,,Poland,Informado,Informado,249,50 - 249,Empresa mediana/ SME,SMB,AI Service residual,Empresa diversificada cuya participación de IA es limitada o residual,Europa,2,Europe,Poland,POL,147
FutureCovenant,http://www.futurecovenant.com,"Bellingham, WA","$1,000+",$50 - $99 / hr,10 - 49,20%,Bellingham,WA,USA,Informado,Informado,49,10 - 49,Empresa pequeña ,SMB,AI Service complementary, Empresa diversificada que ofrece IA como una línea de servicio complementaria,América del Norte,2,North America,USA,USA,917
VentureSolutionsLtd.,http://venturesolutionsltd.com/,"Dhaka, Bangladesh",Undisclosed,Undisclosed,10 - 49,20%,Dhaka,,Bangladesh,No informado,No informado,49,10 - 49,Empresa pequeña ,SMB,AI Service complementary, Empresa diversificada que ofrece IA como una línea de servicio complementaria,Asia,0,Asia,Bangladesh,BGD,19
HeadBlocks,http://www.head-blocks.com/,"Dhaka, Bangladesh",Undisclosed,Undisclosed,10 - 49,20%,Dhaka,,Bangladesh,No informado,No informado,49,10 - 49,Empresa pequeña ,SMB,AI Service complementary, Empresa diversificada que ofrece IA como una línea de servicio complementaria,Asia,0,Asia,Bangladesh,BGD,19
Resolvestudio,http://resolvestudio.co/,"Bogota, Colombia","$5,000+",$25 - $49 / hr,10 - 49,20%,Bogota,,Colombia,Informado,Informado,49,10 - 49,Empresa pequeña ,SMB,AI Service complementary, Empresa diversificada que ofrece IA como una línea de servicio complementaria,América del Sur,2,South America,Colombia,COL,43
TalkBpo,http://www.talkbpo.net/,"Dublin, Ireland",Undisclosed,Undisclosed,10 - 49,20%,Dublin,,Ireland,No informado,No informado,49,10 - 49,Empresa pequeña ,SMB,AI Service complementary, Empresa diversificada que ofrece IA como una línea de servicio complementaria,Europa,0,Europe,Ireland,IRL,8
QubitAG,https://www.qubit.ag,"München, Germany","$1,000+",$25 - $49 / hr,10 - 49,20%,München,,Germany,Informado,Informado,49,10 - 49,Empresa pequeña ,SMB,AI Service complementary, Empresa diversificada que ofrece IA como una línea de servicio complementaria,Europa,2,Europe,Germany,DEU,47
LimenzyTechnologiesPvtLtd,http://limenzy.com/,"Kozhikode, India","$1,000+",$25 - $49 / hr,10 - 49,20%,Kozhikode,,India,Informado,Informado,49,10 - 49,Empresa pequeña ,SMB,AI Service complementary, Empresa diversificada que ofrece IA como una línea de servicio complementaria,Asia,2,Asia,India,IND,441
TheArcadiaGroupInc.,http://arcadia.agency,"Dallas, TX","$25,000+",$50 - $99 / hr,10 - 49,20%,Dallas,TX,USA,Informado,Informado,49,10 - 49,Empresa pequeña ,SMB,AI Service complementary, Empresa diversificada que ofrece IA como una línea de servicio complementaria,América del Norte,2,North America,USA,USA,917
ProxNtelliLabsPvtLtd,http://www.proxntelli.com,"Kakkanad, Kochi, Kerala, India","$1,000+",< $25 / hr,10 - 49,20%,Kakkanad,,India,Informado,Informado,49,10 - 49,Empresa pequeña ,SMB,AI Service complementary, Empresa diversificada que ofrece IA como una línea de servicio complementaria,Asia,2,Asia,India,IND,441
ConnectingDotsInfotech,https://connectingdotsinfotech.com/,"Pune, India","$5,000+",$25 - $49 / hr,10 - 49,20%,Pune,,India,Informado,Informado,49,10 - 49,Empresa pequeña ,SMB,AI Service complementary, Empresa diversificada que ofrece IA como una línea de servicio complementaria,Asia,2,Asia,India,IND,441
CluebixSoftwarePvt.Ltd.,https://www.cluebix.com/,"Nagpur, India","$5,000+",$25 - $49 / hr,10 - 49,20%,Nagpur,,India,Informado,Informado,49,10 - 49,Empresa pequeña ,SMB,AI Service complementary, Empresa diversificada que ofrece IA como una línea de servicio complementaria,Asia,2,Asia,India,IND,441
MagureInc,https://www.magureinc.com,"Chadds Ford, PA","$10,000+",$50 - $99 / hr,10 - 49,20%,Chadds Ford,PA,USA,Informado,Informado,49,10 - 49,Empresa pequeña ,SMB,AI Service complementary, Empresa diversificada que ofrece IA como una línea de servicio complementaria,América del Norte,2,North America,USA,USA,917
Evolt,http://www.evolt.dev,"Sarajevo, Bosnia and Herzegovina",Undisclosed,Undisclosed,10 - 49,20%,Sarajevo,,Bosnia and Herzegovina,No informado,No informado,49,10 - 49,Empresa pequeña ,SMB,AI Service complementary, Empresa diversificada que ofrece IA como una línea de servicio complementaria,Europa,0,Europe,Bosnia and Herzegovina,BIH,5
AssertiaSolutions,http://www.assertiasolutions.com/,"Miami, ",Undisclosed,Undisclosed,10 - 49,20%,Miami,,USA,No informado,No informado,49,10 - 49,Empresa pequeña ,SMB,AI Service complementary, Empresa diversificada que ofrece IA como una línea de servicio complementaria,América del Norte,0,North America,USA,USA,917
BartonRogersGroupLLC,https://bartonrogers.com/,"New York, NY",Undisclosed,Undisclosed,10 - 49,20%,New York,NY,USA,No informado,No informado,49,10 - 49,Empresa pequeña ,SMB,AI Service complementary, Empresa diversificada que ofrece IA como una línea de servicio complementaria,América del Norte,0,North America,USA,USA,917
"ProventusMetricsInc.,",https://proventusmetrics.com/,"Austin, TX",Undisclosed,Undisclosed,10 - 49,20%,Austin,TX,USA,No informado,No informado,49,10 - 49,Empresa pequeña ,SMB,AI Service complementary, Empresa diversificada que ofrece IA como una línea de servicio complementaria,América del Norte,0,North America,USA,USA,917
StandardWingsTechnologies,http://www.standardwings.com,"Nashik, India","$1,000+",< $25 / hr,10 - 49,20%,Nashik,,India,Informado,Informado,49,10 - 49,Empresa pequeña ,SMB,AI Service complementary, Empresa diversificada que ofrece IA como una línea de servicio complementaria,Asia,2,Asia,India,IND,441
AmlgoLabs,https://amlgolabs.com/,"Gurugram, India","$10,000+",$25 - $49 / hr,10 - 49,20%,Gurugram,,India,Informado,Informado,49,10 - 49,Empresa pequeña ,SMB,AI Service complementary, Empresa diversificada que ofrece IA como una línea de servicio complementaria,Asia,2,Asia,India,IND,441
Cloud303,https://www.cloud303.io,"Lakewood, CO",Undisclosed,Undisclosed,10 - 49,20%,Lakewood,CO,USA,No informado,No informado,49,10 - 49,Empresa pequeña ,SMB,AI Service complementary, Empresa diversificada que ofrece IA como una línea de servicio complementaria,América del Norte,0,North America,USA,USA,917
PenpennyInfotech,https://www.penpennyinfotech.com/,"Pune, India","$1,000+",$25 - $49 / hr,10 - 49,20%,Pune,,India,Informado,Informado,49,10 - 49,Empresa pequeña ,SMB,AI Service complementary, Empresa diversificada que ofrece IA como una línea de servicio complementaria,Asia,2,Asia,India,IND,441
Interlancompu,https://interlan.ai/,"Quito, Ecuador",Undisclosed,Undisclosed,10 - 49,20%,Quito,,Ecuador,No informado,No informado,49,10 - 49,Empresa pequeña ,SMB,AI Service complementary, Empresa diversificada que ofrece IA como una línea de servicio complementaria,América del Sur,0,South America,Ecuador,ECU,6
Datavid,https://datavid.co.uk/,"London, United Kingdom","$25,000+",$50 - $99 / hr,10 - 49,20%,London,,United Kingdom,Informado,Informado,49,10 - 49,Empresa pequeña ,SMB,AI Service complementary, Empresa diversificada que ofrece IA como una línea de servicio complementaria,Europa,2,Europe,United Kingdom,GBR,304
AabanSolutions,http://aabansolutions.com/,"Gurugram, India","$1,000+",< $25 / hr,10 - 49,20%,Gurugram,,India,Informado,Informado,49,10 - 49,Empresa pequeña ,SMB,AI Service complementary, Empresa diversificada que ofrece IA como una línea de servicio complementaria,Asia,2,Asia,India,IND,441
STELLIS,https://stellis.co,"Łódź, Poland","$5,000+",$50 - $99 / hr,10 - 49,20%,Łódź,,Poland,Informado,Informado,49,10 - 49,Empresa pequeña ,SMB,AI Service complementary, Empresa diversificada que ofrece IA como una línea de servicio complementaria,Europa,2,Europe,Poland,POL,147
"GuangzhouMRTInformationTechnologyCo.,Ltd.",http://www.mrxdtech.com/,"Guang Zhou Shi, China",Undisclosed,Undisclosed,10 - 49,20%,Guang Zhou Shi,,China,No informado,No informado,49,10 - 49,Empresa pequeña ,SMB,AI Service complementary, Empresa diversificada que ofrece IA como una línea de servicio complementaria,Asia,0,Asia,China,China,87
ZEPSTech,https://www.zepstech.co.uk/,"London, United Kingdom","$5,000+",$25 - $49 / hr,10 - 49,20%,London,,United Kingdom,Informado,Informado,49,10 - 49,Empresa pequeña ,SMB,AI Service complementary, Empresa diversificada que ofrece IA como una línea de servicio complementaria,Europa,2,Europe,United Kingdom,GBR,304
ExeliaTechnologies,https://www.exeliatech.com,"Egkomi, Cyprus","$5,000+",$50 - $99 / hr,10 - 49,20%,Egkomi,,Cyprus,Informado,Informado,49,10 - 49,Empresa pequeña ,SMB,AI Service complementary, Empresa diversificada que ofrece IA como una línea de servicio complementaria,Europa,2,Europe,Cyprus,CYP,5
Goodroid,https://www.goodroid.ro,"Cluj-Napoca, Romania","$5,000+",$50 - $99 / hr,10 - 49,20%,Cluj-Napoca,,Romania,Informado,Informado,49,10 - 49,Empresa pequeña ,SMB,AI Service complementary, Empresa diversificada que ofrece IA como una línea de servicio complementaria,Europa,2,Europe,Romania,ROU,27
VolvoxLabs,https://volvoxlabs.com/,"Brooklyn, NY","$100,000+",$150 - $199 / hr,10 - 49,10%,Brooklyn,NY,USA,Informado,Informado,49,10 - 49,Empresa pequeña ,SMB,AI Service residual,Empresa diversificada cuya participación de IA es limitada o residual,América del Norte,2,North America,USA,USA,917
FarRainbowS.R.L.,https://farrainbow.com/,"Lecco, Italy","$1,000+",$25 - $49 / hr,50 - 249,10%,Lecco,,Italy,Informado,Informado,249,50 - 249,Empresa mediana/ SME,SMB,AI Service residual,Empresa diversificada cuya participación de IA es limitada o residual,Europa,2,Europe,Italy,ITA,18
Robiquity,https://www.robiquity.com,"Manchester, United Kingdom","$50,000+",$300+ / hr,50 - 249,10%,Manchester,,United Kingdom,Informado,Informado,249,50 - 249,Empresa mediana/ SME,SMB,AI Service residual,Empresa diversificada cuya participación de IA es limitada o residual,Europa,2,Europe,United Kingdom,GBR,304
ChitChatAgency,https://www.chitchatagency.com/,"Leeds, United Kingdom","$5,000+",$100 - $149 / hr,2 - 9,20%,Leeds,,United Kingdom,Informado,Informado,9,2 - 9,Micro Empresa,SMB,AI Service complementary, Empresa diversificada que ofrece IA como una línea de servicio complementaria,Europa,2,Europe,United Kingdom,GBR,304
Techline,https://tline.pk/,"Lahore, Pakistan","$5,000+",$25 - $49 / hr,2 - 9,23%,Lahore,,Pakistan,Informado,Informado,9,2 - 9,Micro Empresa,SMB,AI Service complementary, Empresa diversificada que ofrece IA como una línea de servicio complementaria,Asia,2,Asia,Pakistan,PAK,61
OptimusFox,https://optimusfox.com/,"Carbondale, IL","$10,000+",$50 - $99 / hr,50 - 249,10%,Carbondale,IL,USA,Informado,Informado,249,50 - 249,Empresa mediana/ SME,SMB,AI Service residual,Empresa diversificada cuya participación de IA es limitada o residual,América del Norte,2,North America,USA,USA,917
Novatics,https://www.novatics.com.br/,"Brasília, Brazil",Undisclosed,Undisclosed,10 - 49,15%,Brasília,,Brazil,No informado,No informado,49,10 - 49,Empresa pequeña ,SMB,AI Service residual,Empresa diversificada cuya participación de IA es limitada o residual,América del Sur,0,South America,Brazil,BRA,21
AlienIntelligence,https://www.alienintelligence.com.au/,"Leederville, Australia",Undisclosed,Undisclosed,10 - 49,15%,Leederville,,Australia,No informado,No informado,49,10 - 49,Empresa pequeña ,SMB,AI Service residual,Empresa diversificada cuya participación de IA es limitada o residual,Oceanía,0,Oceania,Australia,AUS,96
2excel,http://www.2excel.com.au/,"Adelaide, Australia",Undisclosed,Undisclosed,10 - 49,15%,Adelaide,,Australia,No informado,No informado,49,10 - 49,Empresa pequeña ,SMB,AI Service residual,Empresa diversificada cuya participación de IA es limitada o residual,Oceanía,0,Oceania,Australia,AUS,96
Deutsch,http://www.deutschinc.com/,"Los Angeles, CA",Undisclosed,Undisclosed,50 - 249,10%,Los Angeles,CA,USA,No informado,No informado,249,50 - 249,Empresa mediana/ SME,SMB,AI Service residual,Empresa diversificada cuya participación de IA es limitada o residual,América del Norte,0,North America,USA,USA,917
LenaSoftware,http://www.lenasoftware.com,"Istanbul, Turkey","$25,000+",$50 - $99 / hr,10 - 49,10%,Istanbul,,Turkey,Informado,Informado,49,10 - 49,Empresa pequeña ,SMB,AI Service residual,Empresa diversificada cuya participación de IA es limitada o residual,Asia,2,Asia,Turkey,TUR,18
FuriousFoxLimited,https://furiousfox.co.uk/,"London, United Kingdom","$5,000+",$50 - $99 / hr,10 - 49,15%,London,,United Kingdom,Informado,Informado,49,10 - 49,Empresa pequeña ,SMB,AI Service residual,Empresa diversificada cuya participación de IA es limitada o residual,Europa,2,Europe,United Kingdom,GBR,304
SabertoothTechnologies,https://www.sabertoothtech.in/,"Nagpur, India","$10,000+",$25 - $49 / hr,10 - 49,10%,Nagpur,,India,Informado,Informado,49,10 - 49,Empresa pequeña ,SMB,AI Service residual,Empresa diversificada cuya participación de IA es limitada o residual,Asia,2,Asia,India,IND,441
EritheiaLabs,https://www.eritheialabs.com,"Lahore, Pakistan","$5,000+",$25 - $49 / hr,50 - 249,10%,Lahore,,Pakistan,Informado,Informado,249,50 - 249,Empresa mediana/ SME,SMB,AI Service residual,Empresa diversificada cuya participación de IA es limitada o residual,Asia,2,Asia,Pakistan,PAK,61
Pikkles,https://pikkles.com/en/,"Shibuya City, Japan",Undisclosed,Undisclosed,2 - 9,20%,Shibuya City,,Japan,No informado,No informado,9,2 - 9,Micro Empresa,SMB,AI Service complementary, Empresa diversificada que ofrece IA como una línea de servicio complementaria,Asia,0,Asia,Japan,Japan,8
TresorDigital,https://tresordigital.com,"Rochester, MN","$1,000+",$50 - $99 / hr,2 - 9,20%,Rochester,MN,USA,Informado,Informado,9,2 - 9,Micro Empresa,SMB,AI Service complementary, Empresa diversificada que ofrece IA como una línea de servicio complementaria,América del Norte,2,North America,USA,USA,917
Xoratom,http://xoratom.com/,"Guatemala City, Guatemala","$5,000+",$25 - $49 / hr,2 - 9,20%,Guatemala City,,Guatemala,Informado,Informado,9,2 - 9,Micro Empresa,SMB,AI Service complementary, Empresa diversificada que ofrece IA como una línea de servicio complementaria,Centroamérica,2,Central America,Guatemala,Guatemala,2
Hi.EndStudios,https://www.hiendstudios.com/,"Bogota, Colombia","$5,000+",$25 - $49 / hr,2 - 9,20%,Bogota,,Colombia,Informado,Informado,9,2 - 9,Micro Empresa,SMB,AI Service complementary, Empresa diversificada que ofrece IA como una línea de servicio complementaria,América del Sur,2,South America,Colombia,COL,43
SdotMedia,https://www.sdotmedia.com/,"Toronto, Canada",Undisclosed,Undisclosed,2 - 9,20%,Toronto,,Canada,No informado,No informado,9,2 - 9,Micro Empresa,SMB,AI Service complementary, Empresa diversificada que ofrece IA como una línea de servicio complementaria,América del Norte,0,North America,Canada,CAN,126
Teqsense,https://teqsense.com,"Hyderabad, India","$10,000+",< $25 / hr,2 - 9,20%,Hyderabad,,India,Informado,Informado,9,2 - 9,Micro Empresa,SMB,AI Service complementary, Empresa diversificada que ofrece IA como una línea de servicio complementaria,Asia,2,Asia,India,IND,441
InfinityLabs,https://infinitylab.world,"Fort Worth, TX","$5,000+",$50 - $99 / hr,2 - 9,20%,Fort Worth,TX,USA,Informado,Informado,9,2 - 9,Micro Empresa,SMB,AI Service complementary, Empresa diversificada que ofrece IA como una línea de servicio complementaria,América del Norte,2,North America,USA,USA,917
TrueParallel,http://www.trueparallel.com,"Raleigh, NC",Undisclosed,Undisclosed,2 - 9,20%,Raleigh,NC,USA,No informado,No informado,9,2 - 9,Micro Empresa,SMB,AI Service complementary, Empresa diversificada que ofrece IA como una línea de servicio complementaria,América del Norte,0,North America,USA,USA,917
"Celerens,LLC",http://www.celerens.com/,"Columbia, MD",Undisclosed,Undisclosed,2 - 9,20%,Columbia,MD,USA,No informado,No informado,9,2 - 9,Micro Empresa,SMB,AI Service complementary, Empresa diversificada que ofrece IA como una línea de servicio complementaria,América del Norte,0,North America,USA,USA,917
OnlineDimensions,https://online-dimensions.com/,"Al Jazirah Al Hamra, United Arab Emirates","$1,000+",$25 - $49 / hr,2 - 9,20%,Al Jazirah Al Hamra,,United Arab Emirates,Informado,Informado,9,2 - 9,Micro Empresa,SMB,AI Service complementary, Empresa diversificada que ofrece IA como una línea de servicio complementaria,Oriente Medio,2,Middle East,United Arab Emirates,ARE,39
FlynautLLC,https://flynaut.com/,"Charlotte, NC","$10,000+",$50 - $99 / hr,10 - 49,10%,Charlotte,NC,USA,Informado,Informado,49,10 - 49,Empresa pequeña ,SMB,AI Service residual,Empresa diversificada cuya participación de IA es limitada o residual,América del Norte,2,North America,USA,USA,917
SoftProdigy,https://www.softprodigy.com,"Sahibzada Ajit Singh Nagar, India","$5,000+",< $25 / hr,50 - 249,10%,Sahibzada Ajit Singh Nagar,,India,Informado,Informado,249,50 - 249,Empresa mediana/ SME,SMB,AI Service residual,Empresa diversificada cuya participación de IA es limitada o residual,Asia,2,Asia,India,IND,441
TrimantiumGrowthOps(formerly3wks),https://www.growthops.com.au/,"Melbourne, Australia","$25,000+",$100 - $149 / hr,50 - 249,10%,Melbourne,,Australia,Informado,Informado,249,50 - 249,Empresa mediana/ SME,SMB,AI Service residual,Empresa diversificada cuya participación de IA es limitada o residual,Oceanía,2,Oceania,Australia,AUS,96
MarkiTech,https://www.markitech.ai,"Toronto, Canada","$10,000+",$50 - $99 / hr,10 - 49,10%,Toronto,,Canada,Informado,Informado,49,10 - 49,Empresa pequeña ,SMB,AI Service residual,Empresa diversificada cuya participación de IA es limitada o residual,América del Norte,2,North America,Canada,CAN,126
AllianceSoftwarePtyLtd,https://www.alliancesoftware.com.au/,"Nunawading, Australia","$25,000+",Undisclosed,10 - 49,10%,Nunawading,,Australia,Informado,No informado,49,10 - 49,Empresa pequeña ,SMB,AI Service residual,Empresa diversificada cuya participación de IA es limitada o residual,Oceanía,1,Oceania,Australia,AUS,96
Botodata,https://botodata.com/,"Vinnytsia, Ukraine","$1,000+",< $25 / hr,2 - 9,80%,Vinnytsia,,Ukraine,Informado,Informado,9,2 - 9,Micro Empresa,SMB,AI Focus principal,Empresa que su negocio principal gira en torno a servicios AI,Europa,2,Europe,Ukraine,UKR,92
KineoGmbH,https://kineo.ai/,"Berlin, Germany","$5,000+",$100 - $149 / hr,10 - 49,80%,Berlin,,Germany,Informado,Informado,49,10 - 49,Empresa pequeña ,SMB,AI Focus principal,Empresa que su negocio principal gira en torno a servicios AI,Europa,2,Europe,Germany,DEU,47
Gargoyle,https://www.gargoyle.ltd/,"Kharkiv, Ukraine","$25,000+",$25 - $49 / hr,10 - 49,70%,Kharkiv,,Ukraine,Informado,Informado,49,10 - 49,Empresa pequeña ,SMB,AI Focus principal,Empresa que su negocio principal gira en torno a servicios AI,Europa,2,Europe,Ukraine,UKR,92
DataObrii,https://dataobrii.com/,"London, United Kingdom",Undisclosed,Undisclosed,10 - 49,70%,London,,United Kingdom,No informado,No informado,49,10 - 49,Empresa pequeña ,SMB,AI Focus principal,Empresa que su negocio principal gira en torno a servicios AI,Europa,0,Europe,United Kingdom,GBR,304
BeneathAnalytics,https://beneath.co.in,"Ahmedabad, India","$1,000+",$50 - $99 / hr,10 - 49,70%,Ahmedabad,,India,Informado,Informado,49,10 - 49,Empresa pequeña ,SMB,AI Focus principal,Empresa que su negocio principal gira en torno a servicios AI,Asia,2,Asia,India,IND,441
CognitiveMachines,https://cognitivemachines.in/,"Bengaluru, India","$25,000+",$25 - $49 / hr,10 - 49,70%,Bengaluru,,India,Informado,Informado,49,10 - 49,Empresa pequeña ,SMB,AI Focus principal,Empresa que su negocio principal gira en torno a servicios AI,Asia,2,Asia,India,IND,441
Cloud(X),https://www.cloudx.com,"Manalapan, Nueva Jersey, Estados Unidos","$5,000+",$50 - $99 / hr,50 - 249,40%,Manalapan,Nueva Jersey,USA,No informado,Informado,0,50 - 249,Empresa mediana/ SME,SMB,AI Service complementary, Empresa diversificada que ofrece IA como una línea de servicio complementaria,América del Norte,1,North America,USA,USA,917
PromptSoftech,https://www.promptsoftech.com,"Ahmedabad, India","$5,000+",$25 - $49 / hr,50 - 249,10%,Ahmedabad,,India,Informado,Informado,249,50 - 249,Empresa mediana/ SME,SMB,AI Service residual,Empresa diversificada cuya participación de IA es limitada o residual,Asia,2,Asia,India,IND,441
SciKitBrainTechnovativesolutions,http://www.scikitbrain.com,"Bengaluru, India","$1,000+",$25 - $49 / hr,250 - 999,75%,Bengaluru,,India,Informado,Informado,999,250 - 999,Empresa grande/fuera SME,Mid-market,AI Focus principal,Empresa que su negocio principal gira en torno a servicios AI,Asia,2,Asia,India,IND,441
ProlitusTechnologies,https://www.prolitus.com/,"New Delhi, India","$10,000+",$25 - $49 / hr,250 - 999,10%,New Delhi,,India,Informado,Informado,999,250 - 999,Empresa grande/fuera SME,Mid-market,AI Service residual,Empresa diversificada cuya participación de IA es limitada o residual,Asia,2,Asia,India,IND,441
UranCompany,http://urancompany.com/,"Дніпро́, Ukraine","$5,000+",$25 - $49 / hr,50 - 249,10%,Дніпро́,,Ukraine,Informado,Informado,249,50 - 249,Empresa mediana/ SME,SMB,AI Service residual,Empresa diversificada cuya participación de IA es limitada o residual,Europa,2,Europe,Ukraine,UKR,92
HeyMachineLearning,https://heyml.com/,"Kharkiv, Ukraine","$10,000+",$50 - $99 / hr,10 - 49,70%,Kharkiv,,Ukraine,Informado,Informado,49,10 - 49,Empresa pequeña ,SMB,AI Focus principal,Empresa que su negocio principal gira en torno a servicios AI,Europa,2,Europe,Ukraine,UKR,92
CartesianDataSciences,https://www.cartesiandatasciences.com/contact,"Tucson, AZ","$10,000+",Undisclosed,50 - 249,50%,Tucson,AZ,USA,Informado,No informado,249,50 - 249,Empresa mediana/ SME,SMB,AI Focus,"Empresa con especialización destacada en IA, representa más de la mitad de su actividad",América del Norte,1,North America,USA,USA,917
ManasAI,https://manas.ai/,"London, United Kingdom","$75,000+",Undisclosed,10 - 49,100%,London,,United Kingdom,Informado,No informado,49,10 - 49,Empresa pequeña ,SMB,AI Focus principal,Empresa que su negocio principal gira en torno a servicios AI,Europa,1,Europe,United Kingdom,GBR,304
HeavenSolutions,https://www.heavensolutions.com/,"Bensheim, Germany","$25,000+",$50 - $99 / hr,50 - 249,10%,Bensheim,,Germany,Informado,Informado,249,50 - 249,Empresa mediana/ SME,SMB,AI Service residual,Empresa diversificada cuya participación de IA es limitada o residual,Europa,2,Europe,Germany,DEU,47
Arionkoder,http://www.arionkoder.com,"Montevideo, Uruguay","$10,000+",$50 - $99 / hr,50 - 249,10%,Montevideo,,Uruguay,Informado,Informado,249,50 - 249,Empresa mediana/ SME,SMB,AI Service residual,Empresa diversificada cuya participación de IA es limitada o residual,América del Sur,2,South America,Uruguay,URY,22
RNDpoint,https://rndpoint.com/expertise/financial-software-solutions-by-rndpoint-2/,"London, United Kingdom","$25,000+",$50 - $99 / hr,50 - 249,10%,London,,United Kingdom,Informado,Informado,249,50 - 249,Empresa mediana/ SME,SMB,AI Service residual,Empresa diversificada cuya participación de IA es limitada o residual,Europa,2,Europe,United Kingdom,GBR,304
LifeElixir,https://www.life-elixir.com/,"Newport Beach, CA","$10,000+",$100 - $149 / hr,2 - 9,30%,Newport Beach,CA,USA,Informado,Informado,9,2 - 9,Micro Empresa,SMB,AI Service complementary, Empresa diversificada que ofrece IA como una línea de servicio complementaria,América del Norte,2,North America,USA,USA,917
MototechGroup,https://mototech.us/,"Oakton, VA","$50,000+",Undisclosed,50 - 249,45%,Oakton,VA,USA,Informado,No informado,249,50 - 249,Empresa mediana/ SME,SMB,AI Service complementary, Empresa diversificada que ofrece IA como una línea de servicio complementaria,América del Norte,1,North America,USA,USA,917
ScoreDigital,https://www.scoredigital.io/,"Kraków, Poland","$10,000+",$50 - $99 / hr,10 - 49,10%,Kraków,,Poland,Informado,Informado,49,10 - 49,Empresa pequeña ,SMB,AI Service residual,Empresa diversificada cuya participación de IA es limitada o residual,Europa,2,Europe,Poland,POL,147
ZenBitTech,https://zenbit.tech/,"Warszawa, Poland","$10,000+",$25 - $49 / hr,10 - 49,30%,Warszawa,,Poland,Informado,Informado,49,10 - 49,Empresa pequeña ,SMB,AI Service complementary, Empresa diversificada que ofrece IA como una línea de servicio complementaria,Europa,2,Europe,Poland,POL,147
MonoSoftware,https://mono.software,"Osijek, Croatia","$5,000+",$25 - $49 / hr,50 - 249,10%,Osijek,,Croatia,Informado,Informado,249,50 - 249,Empresa mediana/ SME,SMB,AI Service residual,Empresa diversificada cuya participación de IA es limitada o residual,Europa,2,Europe,Croatia,HRV,17
ThinkDignityInternational,http://www.thinkstudio.in,"Bharat Heavy Electrical Limited Ran, India","$10,000+",$100 - $149 / hr,10 - 49,50%,Bharat Heavy Electrical Limited Ran,,India,Informado,Informado,49,10 - 49,Empresa pequeña ,SMB,AI Focus,"Empresa con especialización destacada en IA, representa más de la mitad de su actividad",Asia,2,Asia,India,IND,441
ValueLogic,https://valuelogic.one/,"Wrocław, Poland","$10,000+",$50 - $99 / hr,50 - 249,10%,Wrocław,,Poland,Informado,Informado,249,50 - 249,Empresa mediana/ SME,SMB,AI Service residual,Empresa diversificada cuya participación de IA es limitada o residual,Europa,2,Europe,Poland,POL,147
DigiFutura,http://www.digifutura.com/,"Ho Chi Minh City, Vietnam","$10,000+",< $25 / hr,50 - 249,10%,Ho Chi Minh City,,Vietnam,Informado,Informado,249,50 - 249,Empresa mediana/ SME,SMB,AI Service residual,Empresa diversificada cuya participación de IA es limitada o residual,Asia,2,Asia,Vietnam,VNM,29
"VitalifyAsiaCo.,Ltd.",https://vitalify.asia/,"Ho Chi Minh City, Vietnam","$5,000+",$25 - $49 / hr,50 - 249,10%,Ho Chi Minh City,,Vietnam,Informado,Informado,249,50 - 249,Empresa mediana/ SME,SMB,AI Service residual,Empresa diversificada cuya participación de IA es limitada o residual,Asia,2,Asia,Vietnam,VNM,29
DividatoAISoftwareDevelopment,http://ai.dividato.com,"Córdoba, Argentina","$25,000+",$25 - $49 / hr,50 - 249,45%,Córdoba,,Argentina,Informado,Informado,249,50 - 249,Empresa mediana/ SME,SMB,AI Service complementary, Empresa diversificada que ofrece IA como una línea de servicio complementaria,América del Sur,2,South America,Argentina,ARG,29
"bromin7,Inc.",https://bromin7.com/,"New York, NY","$10,000+",$50 - $99 / hr,2 - 9,20%,New York,NY,USA,Informado,Informado,9,2 - 9,Micro Empresa,SMB,AI Service complementary, Empresa diversificada que ofrece IA como una línea de servicio complementaria,América del Norte,2,North America,USA,USA,917
BalticAmadeus,https://www.ba.lt/en/,"Vilnius, Lithuania","$50,000+",$50 - $99 / hr,50 - 249,10%,Lithuania,,Lithuania,Informado,Informado,249,50 - 249,Empresa mediana/ SME,SMB,AI Service residual,Empresa diversificada cuya participación de IA es limitada o residual,Europa,2,Europe,Lithuania,LTU,12
Adoriasoft,https://adoriasoft.com/,"Las Vegas, NV","$5,000+",$50 - $99 / hr,10 - 49,10%,Las Vegas,NV,USA,Informado,Informado,49,10 - 49,Empresa pequeña ,SMB,AI Service residual,Empresa diversificada cuya participación de IA es limitada o residual,América del Norte,2,North America,USA,USA,917
BohemianAI,https://bohemian.ai/,"Prague, Czech Republic","$10,000+",$50 - $99 / hr,2 - 9,100%,Prague,,Czech Republic,Informado,Informado,9,2 - 9,Micro Empresa,SMB,AI Focus principal,Empresa que su negocio principal gira en torno a servicios AI,Europa,2,Europe,Czech Republic,CZE,24
Hipo,http://hipolabs.com,"Toronto, Canada","$50,000+",$100 - $149 / hr,10 - 49,10%,Toronto,,Canada,Informado,Informado,49,10 - 49,Empresa pequeña ,SMB,AI Service residual,Empresa diversificada cuya participación de IA es limitada o residual,América del Norte,2,North America,Canada,CAN,126
DanielApps,https://danielapps.co/,"Barranquilla, Colombia","$10,000+",$25 - $49 / hr,2 - 9,20%,Barranquilla,,Colombia,Informado,Informado,9,2 - 9,Micro Empresa,SMB,AI Service complementary, Empresa diversificada que ofrece IA como una línea de servicio complementaria,América del Sur,2,South America,Colombia,COL,43
NGLogic,http://nglogic.com,"Austin, TX","$25,000+",$25 - $49 / hr,50 - 249,10%,Austin,TX,USA,Informado,Informado,249,50 - 249,Empresa mediana/ SME,SMB,AI Service residual,Empresa diversificada cuya participación de IA es limitada o residual,América del Norte,2,North America,USA,USA,917
QuarkWorks,https://www.quarkworks.co/,"San Francisco, CA","$25,000+",Undisclosed,10 - 49,10%,San Francisco,CA,USA,Informado,No informado,49,10 - 49,Empresa pequeña ,SMB,AI Service residual,Empresa diversificada cuya participación de IA es limitada o residual,América del Norte,1,North America,USA,USA,917
Intellica,http://intellicagroup.com,"Bratislava, Slovakia","$10,000+",$25 - $49 / hr,50 - 249,10%,Bratislava,,Slovakia,Informado,Informado,249,50 - 249,Empresa mediana/ SME,SMB,AI Service residual,Empresa diversificada cuya participación de IA es limitada o residual,Europa,2,Europe,Slovakia,SVK,5
AideticSoftwarePvt.Ltd.,http://www.aidetic.in,"Bengaluru, India","$10,000+",$25 - $49 / hr,10 - 49,50%,Bengaluru,,India,Informado,Informado,49,10 - 49,Empresa pequeña ,SMB,AI Focus,"Empresa con especialización destacada en IA, representa más de la mitad de su actividad",Asia,2,Asia,India,IND,441
SmartCat,https://www.smartcat.io/,"Novi Sad, Serbia","$50,000+",$50 - $99 / hr,50 - 249,40%,Novi Sad,,Serbia,Informado,Informado,249,50 - 249,Empresa mediana/ SME,SMB,AI Service complementary, Empresa diversificada que ofrece IA como una línea de servicio complementaria,Europa,2,Europe,Serbia,SRB,13
TheDayhuffGroup,http://www.dayhuffgroup.com/,"Worthington, OH",Undisclosed,$150 - $199 / hr,50 - 249,50%,Worthington,OH,USA,No informado,Informado,249,50 - 249,Empresa mediana/ SME,SMB,AI Focus,"Empresa con especialización destacada en IA, representa más de la mitad de su actividad",América del Norte,1,North America,USA,USA,917
OrNsoftCorporation,https://www.ornsoft.com,"Miami, FL",Undisclosed,$100 - $149 / hr,50 - 249,45%,Miami,FL,USA,No informado,Informado,249,50 - 249,Empresa mediana/ SME,SMB,AI Service complementary, Empresa diversificada que ofrece IA como una línea de servicio complementaria,América del Norte,1,North America,USA,USA,917
WWG,https://www.wwg.it,"Agrate Brianza, Italy","$50,000+",$50 - $99 / hr,50 - 249,10%,Agrate Brianza,,Italy,Informado,Informado,249,50 - 249,Empresa mediana/ SME,SMB,AI Service residual,Empresa diversificada cuya participación de IA es limitada o residual,Europa,2,Europe,Italy,ITA,18
InfistackTechnologiesPVTLTD,https://infistack.com/,"Ahmedabad, India","$5,000+",$25 - $49 / hr,10 - 49,10%,Ahmedabad,,India,Informado,Informado,49,10 - 49,Empresa pequeña ,SMB,AI Service residual,Empresa diversificada cuya participación de IA es limitada o residual,Asia,2,Asia,India,IND,441
CodeJunkie,https://www.codejunkie.co/,"Islamabad, Pakistan","$10,000+",$25 - $49 / hr,10 - 49,50%,Islamabad,,Pakistan,Informado,Informado,49,10 - 49,Empresa pequeña ,SMB,AI Focus,"Empresa con especialización destacada en IA, representa más de la mitad de su actividad",Asia,2,Asia,Pakistan,PAK,61
"Zymr,Inc.",http://www.zymr.com,"San Jose, CA","$25,000+",$25 - $49 / hr,50 - 249,10%,San Jose,CA,USA,Informado,Informado,249,50 - 249,Empresa mediana/ SME,SMB,AI Service residual,Empresa diversificada cuya participación de IA es limitada o residual,América del Norte,2,North America,USA,USA,917
M-ConnectSolutions,http://mconnectmedia.com,"Ahmedabad, India","$5,000+",$25 - $49 / hr,50 - 249,10%,Ahmedabad,,India,Informado,Informado,249,50 - 249,Empresa mediana/ SME,SMB,AI Service residual,Empresa diversificada cuya participación de IA es limitada o residual,Asia,2,Asia,India,IND,441
VfluencerShenzhen,http://www.vfluencer.com/,"Shenzhen Shi, China",Undisclosed,Undisclosed,2 - 9,20%,Shenzhen Shi,,China,No informado,No informado,9,2 - 9,Micro Empresa,SMB,AI Service complementary, Empresa diversificada que ofrece IA como una línea de servicio complementaria,Asia,0,Asia,China,China,87
CPITechnologiesGmbH,https://cpitech.io/en,"Mainz, Germany","$25,000+",$100 - $149 / hr,2 - 9,15%,Mainz,,Germany,Informado,Informado,9,2 - 9,Micro Empresa,SMB,AI Service residual,Empresa diversificada cuya participación de IA es limitada o residual,Europa,2,Europe,Germany,DEU,47
DiscoverIT,https://discoverit.digital,"Reading, United Kingdom","$25,000+",$150 - $199 / hr,10 - 49,10%,Reading,,United Kingdom,Informado,Informado,49,10 - 49,Empresa pequeña ,SMB,AI Service residual,Empresa diversificada cuya participación de IA es limitada o residual,Europa,2,Europe,United Kingdom,GBR,304
PSCGroup,http://www.psclistens.com/,"Schaumburg, IL","$25,000+",$150 - $199 / hr,50 - 249,10%,Schaumburg,IL,USA,Informado,Informado,249,50 - 249,Empresa mediana/ SME,SMB,AI Service residual,Empresa diversificada cuya participación de IA es limitada o residual,América del Norte,2,North America,USA,USA,917
Logic20/20,https://www.logic2020.com/,"Seattle, WA",Undisclosed,Undisclosed,50 - 249,10%,Seattle,WA,USA,No informado,No informado,249,50 - 249,Empresa mediana/ SME,SMB,AI Service residual,Empresa diversificada cuya participación de IA es limitada o residual,América del Norte,0,North America,USA,USA,917
AtlasWebSolutions,https://atlasweb.solutions/,"Marrakesh, Morocco","$1,000+",$25 - $49 / hr,2 - 9,20%,Marrakesh,,Morocco,Informado,Informado,9,2 - 9,Micro Empresa,SMB,AI Service complementary, Empresa diversificada que ofrece IA como una línea de servicio complementaria,África,2,Africa,Morocco,MAR,3
OpenSistemas,https://opensistemas.com/en/,"Madrid, Spain","$1,000+",Undisclosed,50 - 249,10%,Madrid,,Spain,Informado,No informado,249,50 - 249,Empresa mediana/ SME,SMB,AI Service residual,Empresa diversificada cuya participación de IA es limitada o residual,Europa,1,Europe,Spain,ESP,29
sk-global,https://www.sk-global.biz/,"Ho Chi Minh City, Vietnam","$5,000+",< $25 / hr,10 - 49,15%,Ho Chi Minh City,,Vietnam,Informado,Informado,49,10 - 49,Empresa pequeña ,SMB,AI Service residual,Empresa diversificada cuya participación de IA es limitada o residual,Asia,2,Asia,Vietnam,VNM,29
Blue9Technologies,http://www.blue9tech.com,"Gurugram, India","$25,000+",$150 - $199 / hr,10 - 49,15%,Gurugram,,India,Informado,Informado,49,10 - 49,Empresa pequeña ,SMB,AI Service residual,Empresa diversificada cuya participación de IA es limitada o residual,Asia,2,Asia,India,IND,441
CellockLtd,https://www.cellock.com/,"Strovolos, Cyprus","$5,000+",$50 - $99 / hr,10 - 49,15%,Strovolos,,Cyprus,Informado,Informado,49,10 - 49,Empresa pequeña ,SMB,AI Service residual,Empresa diversificada cuya participación de IA es limitada o residual,Europa,2,Europe,Cyprus,CYP,5
PARTY,http://prty.jp/,"New York, NY","$5,000+",$100 - $149 / hr,10 - 49,10%,New York,NY,USA,Informado,Informado,49,10 - 49,Empresa pequeña ,SMB,AI Service residual,Empresa diversificada cuya participación de IA es limitada o residual,América del Norte,2,North America,USA,USA,917
Anybox,https://anybox.odoo.com/,"Paris, France","$50,000+",$150 - $199 / hr,10 - 49,10%,Paris,,France,Informado,Informado,49,10 - 49,Empresa pequeña ,SMB,AI Service residual,Empresa diversificada cuya participación de IA es limitada o residual,Europa,2,Europe,France,FRA,14
HeyDayPro,https://heydaypro.com/,"Helsinki, Finland","$5,000+",$100 - $149 / hr,10 - 49,15%,Helsinki,,Finland,Informado,Informado,49,10 - 49,Empresa pequeña ,SMB,AI Service residual,Empresa diversificada cuya participación de IA es limitada o residual,Europa,2,Europe,Finland,FIN,7
UshyakuSoftwareSolutions,http://ushyaku.com,"Gurugram, India",Undisclosed,Undisclosed,10 - 49,15%,Gurugram,,India,No informado,No informado,49,10 - 49,Empresa pequeña ,SMB,AI Service residual,Empresa diversificada cuya participación de IA es limitada o residual,Asia,0,Asia,India,IND,441
YoutouchTechnology,http://www.youtouch.cl,"Santiago, Chile",Undisclosed,Undisclosed,10 - 49,15%,Santiago,,Chile,No informado,No informado,49,10 - 49,Empresa pequeña ,SMB,AI Service residual,Empresa diversificada cuya participación de IA es limitada o residual,América del Sur,0,South America,Chile,CHL,13
Milkinside,http://milkinside.com,"San Francisco, CA","$250,000+",$300+ / hr,10 - 49,15%,San Francisco,CA,USA,Informado,Informado,49,10 - 49,Empresa pequeña ,SMB,AI Service residual,Empresa diversificada cuya participación de IA es limitada o residual,América del Norte,2,North America,USA,USA,917
HydricMedia,http://www.hydricmedia.com,"New York, NY","$50,000+",$150 - $199 / hr,10 - 49,10%,New York,NY,USA,Informado,Informado,49,10 - 49,Empresa pequeña ,SMB,AI Service residual,Empresa diversificada cuya participación de IA es limitada o residual,América del Norte,2,North America,USA,USA,917
ZaatdevOÜ,https://zaat.dev,"Tallinn, Estonia","$5,000+",$25 - $49 / hr,2 - 9,20%,Tallinn,,Estonia,Informado,Informado,9,2 - 9,Micro Empresa,SMB,AI Service complementary, Empresa diversificada que ofrece IA como una línea de servicio complementaria,Europa,2,Europe,Estonia,EST,17
EmbrightInfotech,https://www.embrightinfotech.com/,"Thiruvananthapuram, India","$5,000+",Undisclosed,10 - 49,15%,Thiruvananthapuram,,India,Informado,No informado,49,10 - 49,Empresa pequeña ,SMB,AI Service residual,Empresa diversificada cuya participación de IA es limitada o residual,Asia,1,Asia,India,IND,441
Atlantbh,https://www.atlantbh.com/,"Sarajevo, Bosnia and Herzegovina","$5,000+",Undisclosed,50 - 249,10%,Sarajevo,,Bosnia and Herzegovina,Informado,No informado,249,50 - 249,Empresa mediana/ SME,SMB,AI Service residual,Empresa diversificada cuya participación de IA es limitada o residual,Europa,1,Europe,Bosnia and Herzegovina,BIH,5
MandoAgency,http://www.mando.agency/,"Liverpool, United Kingdom","$10,000+",$150 - $199 / hr,50 - 249,10%,Liverpool,,United Kingdom,Informado,Informado,249,50 - 249,Empresa mediana/ SME,SMB,AI Service residual,Empresa diversificada cuya participación de IA es limitada o residual,Europa,2,Europe,United Kingdom,GBR,304
WebWerksDataCenters,https://www.webwerks.in,India,"$5,000+",$25 - $49 / hr,50 - 249,10%,India,,India,Informado,Informado,249,50 - 249,Empresa mediana/ SME,SMB,AI Service residual,Empresa diversificada cuya participación de IA es limitada o residual,Asia,2,Asia,India,IND,441
Chainyard,https://chainyard.com/,"Morrisville, NC","$10,000+",Undisclosed,50 - 249,10%,Morrisville,NC,USA,Informado,No informado,249,50 - 249,Empresa mediana/ SME,SMB,AI Service residual,Empresa diversificada cuya participación de IA es limitada o residual,América del Norte,1,North America,USA,USA,917
VERSAAgency,https://versa.agency/,"Cremorne, Australia",Undisclosed,Undisclosed,50 - 249,10%,Cremorne,,Australia,No informado,No informado,249,50 - 249,Empresa mediana/ SME,SMB,AI Service residual,Empresa diversificada cuya participación de IA es limitada o residual,Oceanía,0,Oceania,Australia,AUS,96
YourTeaminIndia,https://www.yourteaminindia.com/,"Woodbridge Township, NJ","$10,000+",< $25 / hr,50 - 249,10%,Woodbridge Township,NJ,USA,Informado,Informado,249,50 - 249,Empresa mediana/ SME,SMB,AI Service residual,Empresa diversificada cuya participación de IA es limitada o residual,América del Norte,2,North America,USA,USA,917
Headforwards,https://www.headforwards.com/,"Redruth, United Kingdom","$25,000+",Undisclosed,50 - 249,10%,Redruth,,United Kingdom,Informado,No informado,249,50 - 249,Empresa mediana/ SME,SMB,AI Service residual,Empresa diversificada cuya participación de IA es limitada o residual,Europa,1,Europe,United Kingdom,GBR,304
MyCloudMediaLimited,https://www.mycloudmedia.co.uk,"Huddersfield, United Kingdom","$1,000+",$100 - $149 / hr,2 - 9,10%,Huddersfield,,United Kingdom,Informado,Informado,9,2 - 9,Micro Empresa,SMB,AI Service residual,Empresa diversificada cuya participación de IA es limitada o residual,Europa,2,Europe,United Kingdom,GBR,304
InitechSoftwareServicesLtd.,https://initech.co.il/en/,"Ramat Gan, Israel","$25,000+",$50 - $99 / hr,10 - 49,10%,Ramat Gan,,Israel,Informado,Informado,49,10 - 49,Empresa pequeña ,SMB,AI Service residual,Empresa diversificada cuya participación de IA es limitada o residual,Oriente Medio,2,Middle East,Israel,ISR,10
1->10,http://www.1-10.com/,"Kyoto, Japan","$5,000+",$100 - $149 / hr,10 - 49,10%,Kyoto,,Japan,Informado,Informado,49,10 - 49,Empresa pequeña ,SMB,AI Service residual,Empresa diversificada cuya participación de IA es limitada o residual,Asia,2,Asia,Japan,Japan,8
ARLOOPA-AugmentedandVirtualReality,https://arloopa.com/,"Los Altos, CA","$10,000+",$25 - $49 / hr,10 - 49,10%,Los Altos,CA,USA,Informado,Informado,49,10 - 49,Empresa pequeña ,SMB,AI Service residual,Empresa diversificada cuya participación de IA es limitada o residual,América del Norte,2,North America,USA,USA,917
WeemTech,https://weem.tech/,"Yerevan, Armenia","$10,000+",$25 - $49 / hr,10 - 49,15%,Yerevan,,Armenia,Informado,Informado,49,10 - 49,Empresa pequeña ,SMB,AI Service residual,Empresa diversificada cuya participación de IA es limitada o residual,Asia,2,Asia,Armenia,ARM,11
SoftData,https://softdatagroup.com,"Kiev, Ukraine","$5,000+",$25 - $49 / hr,50 - 249,10%,Kiev,,Ukraine,Informado,Informado,249,50 - 249,Empresa mediana/ SME,SMB,AI Service residual,Empresa diversificada cuya participación de IA es limitada o residual,Europa,2,Europe,Ukraine,UKR,92
Triple2Digital,http://www.triple2digital.com,"New York, NY","$1,000+",$50 - $99 / hr,50 - 249,10%,New York,NY,USA,Informado,Informado,249,50 - 249,Empresa mediana/ SME,SMB,AI Service residual,Empresa diversificada cuya participación de IA es limitada o residual,América del Norte,2,North America,USA,USA,917
SHAVIK,https://www.shavik.com.au/,"Kensington, Australia",Undisclosed,Undisclosed,50 - 249,15%,Kensington,,Australia,No informado,No informado,249,50 - 249,Empresa mediana/ SME,SMB,AI Service residual,Empresa diversificada cuya participación de IA es limitada o residual,Oceanía,0,Oceania,Australia,AUS,96
NORTEKCONSULTINGINC,http://www.nortekconsulting.com,"Irving, TX",Undisclosed,Undisclosed,50 - 249,15%,Irving,TX,USA,No informado,No informado,249,50 - 249,Empresa mediana/ SME,SMB,AI Service residual,Empresa diversificada cuya participación de IA es limitada o residual,América del Norte,0,North America,USA,USA,917
COSI,https://cosi.com.mx/index.html,"Ciudad de México, Mexico",Undisclosed,Undisclosed,50 - 249,15%,Ciudad de México,,Mexico,No informado,No informado,249,50 - 249,Empresa mediana/ SME,SMB,AI Service residual,Empresa diversificada cuya participación de IA es limitada o residual,América del Norte,0,North America,Mexico,MEX,31
"BeijingSINOWELInformationTechnologyCo.,Ltd.",http://www.sinowel.com/,"Beijing, China",Undisclosed,Undisclosed,50 - 249,15%,Beijing,,China,No informado,No informado,249,50 - 249,Empresa mediana/ SME,SMB,AI Service residual,Empresa diversificada cuya participación de IA es limitada o residual,Asia,0,Asia,China,China,87
QualityData,http://qdata.com.co/,"Bogotá, Colombia",Undisclosed,Undisclosed,50 - 249,15%,Bogotá,,Colombia,No informado,No informado,249,50 - 249,Empresa mediana/ SME,SMB,AI Service residual,Empresa diversificada cuya participación de IA es limitada o residual,América del Sur,0,South America,Colombia,COL,43
naztechInc,https://www.naztech.io,"Dhaka, Bangladesh","$10,000+",$25 - $49 / hr,50 - 249,15%,Dhaka,,Bangladesh,Informado,Informado,249,50 - 249,Empresa mediana/ SME,SMB,AI Service residual,Empresa diversificada cuya participación de IA es limitada o residual,Asia,2,Asia,Bangladesh,BGD,19
4Roads,https://www.4-roads.com,"Stoneleigh, United Kingdom","$10,000+",$150 - $199 / hr,10 - 49,11%,Stoneleigh,,United Kingdom,Informado,Informado,49,10 - 49,Empresa pequeña ,SMB,AI Service residual,Empresa diversificada cuya participación de IA es limitada o residual,Europa,2,Europe,United Kingdom,GBR,304
ZyclyxConsultingServicesPvt.Ltd.,https://www.zyclyx.com/,"Hyderabad, India","$100,000+",$25 - $49 / hr,250 - 999,15%,Hyderabad,,India,Informado,Informado,999,250 - 999,Empresa grande/fuera SME,Mid-market,AI Service residual,Empresa diversificada cuya participación de IA es limitada o residual,Asia,2,Asia,India,IND,441
TechauricTechnologiesSdnBhd,http://techauric.com/,"Kuala Lumpur, Malaysia","$25,000+",$50 - $99 / hr,2 - 9,20%,Kuala Lumpur,,Malaysia,Informado,Informado,9,2 - 9,Micro Empresa,SMB,AI Service complementary, Empresa diversificada que ofrece IA como una línea de servicio complementaria,Asia,2,Asia,Malaysia,MYS,8
Servocode,https://servocode.com/,"Janki, Poland","$10,000+",$25 - $49 / hr,10 - 49,10%,Janki,,Poland,Informado,Informado,49,10 - 49,Empresa pequeña ,SMB,AI Service residual,Empresa diversificada cuya participación de IA es limitada o residual,Europa,2,Europe,Poland,POL,147
BookMyOrder,https://bookmyorder.co,"Karachi, Pakistan","$1,000+",$25 - $49 / hr,10 - 49,10%,Karachi,,Pakistan,Informado,Informado,49,10 - 49,Empresa pequeña ,SMB,AI Service residual,Empresa diversificada cuya participación de IA es limitada o residual,Asia,2,Asia,Pakistan,PAK,61
NSWebDevelopment,https://nswebdevelopment.com/,"Novi Sad, Serbia","$100,000+",$25 - $49 / hr,10 - 49,10%,Novi Sad,,Serbia,Informado,Informado,49,10 - 49,Empresa pequeña ,SMB,AI Service residual,Empresa diversificada cuya participación de IA es limitada o residual,Europa,2,Europe,Serbia,SRB,13
ITDMGroup,https://www.itdm-group.com,"Moeskroen, Belgium","$5,000+",$50 - $99 / hr,50 - 249,10%,Moeskroen,,Belgium,Informado,Informado,249,50 - 249,Empresa mediana/ SME,SMB,AI Service residual,Empresa diversificada cuya participación de IA es limitada o residual,Europa,2,Europe,Belgium,BEL,5
TPSSoftware,https://www.tpssoft.com/,"Ho Chi Minh, Vietnam","$5,000+",< $25 / hr,50 - 249,10%,Ho Chi Minh,,Vietnam,Informado,Informado,249,50 - 249,Empresa mediana/ SME,SMB,AI Service residual,Empresa diversificada cuya participación de IA es limitada o residual,Asia,2,Asia,Vietnam,VNM,29
ApptomateDigitalSoftwareServicesPvtLtd,https://www.apptomate.co,"Chennai, India","$1,000+",$25 - $49 / hr,50 - 249,10%,Chennai,,India,Informado,Informado,249,50 - 249,Empresa mediana/ SME,SMB,AI Service residual,Empresa diversificada cuya participación de IA es limitada o residual,Asia,2,Asia,India,IND,441
AnthillWorldWide,https://anthillworldwide.com/,"Kyiv, Ukraine","$1,000+",< $25 / hr,50 - 249,10%,Kyiv,,Ukraine,Informado,Informado,249,50 - 249,Empresa mediana/ SME,SMB,AI Service residual,Empresa diversificada cuya participación de IA es limitada o residual,Europa,2,Europe,Ukraine,UKR,92
PowerMovesDigitalMarketing,https://www.powermovesdm.com,"St. Petersburg, FL","$1,000+",< $25 / hr,50 - 249,10%,St. Petersburg,FL,USA,Informado,Informado,249,50 - 249,Empresa mediana/ SME,SMB,AI Service residual,Empresa diversificada cuya participación de IA es limitada o residual,América del Norte,2,North America,USA,USA,917
LeantechAILab,https://leantech.ai/,"Helsingfors, Finland","$10,000+",$25 - $49 / hr,50 - 249,13%,Helsingfors,,Finland,Informado,Informado,249,50 - 249,Empresa mediana/ SME,SMB,AI Service residual,Empresa diversificada cuya participación de IA es limitada o residual,Europa,2,Europe,Finland,FIN,7
Outvise,https://www.outvise.com/,"Barcelona, Spain",Undisclosed,Undisclosed,10 - 49,13%,Barcelona,,Spain,No informado,No informado,49,10 - 49,Empresa pequeña ,SMB,AI Service residual,Empresa diversificada cuya participación de IA es limitada o residual,Europa,0,Europe,Spain,ESP,29
TechnoMile,http://www.technomile.com,"McLean, VA",Undisclosed,$25 - $49 / hr,50 - 249,10%,McLean,VA,USA,No informado,Informado,249,50 - 249,Empresa mediana/ SME,SMB,AI Service residual,Empresa diversificada cuya participación de IA es limitada o residual,América del Norte,1,North America,USA,USA,917
SparityInc,http://www.sparity.com,"Alpharetta, GA","$5,000+",< $25 / hr,50 - 249,10%,Alpharetta,GA,USA,Informado,Informado,249,50 - 249,Empresa mediana/ SME,SMB,AI Service residual,Empresa diversificada cuya participación de IA es limitada o residual,América del Norte,2,North America,USA,USA,917
FingerFoodStudiosInc.,http://fingerfoodstudios.com,"Port Coquitlam, Canada","$50,000+",Undisclosed,50 - 249,10%,Port Coquitlam,,Canada,Informado,No informado,249,50 - 249,Empresa mediana/ SME,SMB,AI Service residual,Empresa diversificada cuya participación de IA es limitada o residual,América del Norte,1,North America,Canada,CAN,126
AugursTechnologiesPvt.Ltd.,https://www.augurs.in,"Lucknow, India","$10,000+",< $25 / hr,50 - 249,10%,Lucknow,,India,Informado,Informado,249,50 - 249,Empresa mediana/ SME,SMB,AI Service residual,Empresa diversificada cuya participación de IA es limitada o residual,Asia,2,Asia,India,IND,441
Cherrypicks,http://www.cherrypicks.com/,"Kowloon, Hong Kong","$5,000+",$100 - $149 / hr,50 - 249,10%,Kowloon,,Hong Kong,Informado,Informado,249,50 - 249,Empresa mediana/ SME,SMB,AI Service residual,Empresa diversificada cuya participación de IA es limitada o residual,Asia,2,Asia,Hong Kong,HKG,12
Techolution,http://www.techolution.com,"New York, Estados Unidos","$10,000+",$100 - $149 / hr,50 - 249,10%,New York,,USA,Informado,Informado,249,50 - 249,Empresa mediana/ SME,SMB,AI Service residual,Empresa diversificada cuya participación de IA es limitada o residual,América del Norte,2,North America,USA,USA,917
Linkites,https://linkites.com/,"Indore, India","$5,000+",$25 - $49 / hr,50 - 249,10%,Indore,,India,Informado,Informado,249,50 - 249,Empresa mediana/ SME,SMB,AI Service residual,Empresa diversificada cuya participación de IA es limitada o residual,Asia,2,Asia,India,IND,441
Aventior,http://aventior.com,"Cambridge, MA","$25,000+",Undisclosed,50 - 249,10%,Cambridge,MA,USA,Informado,No informado,249,50 - 249,Empresa mediana/ SME,SMB,AI Service residual,Empresa diversificada cuya participación de IA es limitada o residual,América del Norte,1,North America,USA,USA,917
ProvokeSolutions,https://www.provokesolutions.com,"Bellevue, WA","$25,000+",Undisclosed,50 - 249,10%,Bellevue,WA,USA,Informado,No informado,249,50 - 249,Empresa mediana/ SME,SMB,AI Service residual,Empresa diversificada cuya participación de IA es limitada o residual,América del Norte,1,North America,USA,USA,917
NewcompAnalytics,https://newcomp.com/,"Calgary, Canada","$10,000+",$150 - $199 / hr,50 - 249,10%,Calgary,,Canada,Informado,Informado,249,50 - 249,Empresa mediana/ SME,SMB,AI Service residual,Empresa diversificada cuya participación de IA es limitada o residual,América del Norte,2,North America,Canada,CAN,126
RUSH,https://rush.co.nz/,"Auckland, New Zealand","$50,000+",$150 - $199 / hr,50 - 249,10%,Auckland,,New Zealand,Informado,Informado,249,50 - 249,Empresa mediana/ SME,SMB,AI Service residual,Empresa diversificada cuya participación de IA es limitada o residual,Oceanía,2,Oceania,New Zealand,NZL,4
TISGrupa,https://www.tis.hr/,"Zagreb, Croatia","$5,000+",$50 - $99 / hr,50 - 249,10%,Zagreb,,Croatia,Informado,Informado,249,50 - 249,Empresa mediana/ SME,SMB,AI Service residual,Empresa diversificada cuya participación de IA es limitada o residual,Europa,2,Europe,Croatia,HRV,17
IntagleoSystems,https://www.intagleo.com/,"Lahore, Pakistan","$100,000+",< $25 / hr,50 - 249,10%,Lahore,,Pakistan,Informado,Informado,249,50 - 249,Empresa mediana/ SME,SMB,AI Service residual,Empresa diversificada cuya participación de IA es limitada o residual,Asia,2,Asia,Pakistan,PAK,61
AmbitSoftware,https://www.ambitsoftware.com/,"Pune, India","$1,000+",< $25 / hr,50 - 249,10%,Pune,,India,Informado,Informado,249,50 - 249,Empresa mediana/ SME,SMB,AI Service residual,Empresa diversificada cuya participación de IA es limitada o residual,Asia,2,Asia,India,IND,441
Calibraint,https://www.calibraint.com,"Newark, CA","$25,000+",$50 - $99 / hr,50 - 249,10%,Newark,CA,USA,Informado,Informado,249,50 - 249,Empresa mediana/ SME,SMB,AI Service residual,Empresa diversificada cuya participación de IA es limitada o residual,América del Norte,2,North America,USA,USA,917
"Metrica,Inc.-Texas",http://www.metricanet.com/,"San Antonio, TX",Undisclosed,Undisclosed,50 - 249,10%,San Antonio,TX,USA,No informado,No informado,249,50 - 249,Empresa mediana/ SME,SMB,AI Service residual,Empresa diversificada cuya participación de IA es limitada o residual,América del Norte,0,North America,USA,USA,917
BlockchainFirm,https://www.blockchainfirm.io/,"Chennai, India",Undisclosed,$50 - $99 / hr,50 - 249,10%,Chennai,,India,No informado,Informado,249,50 - 249,Empresa mediana/ SME,SMB,AI Service residual,Empresa diversificada cuya participación de IA es limitada o residual,Asia,1,Asia,India,IND,441
GlobemaSp.zo.o.,https://www.globema.com/,"Warszawa, Poland",Undisclosed,Undisclosed,50 - 249,10%,Warszawa,,Poland,No informado,No informado,249,50 - 249,Empresa mediana/ SME,SMB,AI Service residual,Empresa diversificada cuya participación de IA es limitada o residual,Europa,0,Europe,Poland,POL,147
BizData,https://www.bizdata.com.au/,"Melbourne, Australia",Undisclosed,Undisclosed,50 - 249,10%,Melbourne,,Australia,No informado,No informado,249,50 - 249,Empresa mediana/ SME,SMB,AI Service residual,Empresa diversificada cuya participación de IA es limitada o residual,Oceanía,0,Oceania,Australia,AUS,96
MindCrewTechnologies,http://www.mindcrewtech.com,"Indore, India","$5,000+",< $25 / hr,10 - 49,10%,Indore,,India,Informado,Informado,49,10 - 49,Empresa pequeña ,SMB,AI Service residual,Empresa diversificada cuya participación de IA es limitada o residual,Asia,2,Asia,India,IND,441
DRVR,http://www.drvr.co,"Khwaeng Bang Chak, Thailand","$5,000+",$25 - $49 / hr,10 - 49,10%,Khwaeng Bang Chak,,Thailand,Informado,Informado,49,10 - 49,Empresa pequeña ,SMB,AI Service residual,Empresa diversificada cuya participación de IA es limitada o residual,Asia,2,Asia,Thailand,THA,5
EpsilonElectronics,https://www.epsilonelectronics.in,"Ahmedabad, India","$5,000+",$50 - $99 / hr,10 - 49,10%,Ahmedabad,,India,Informado,Informado,49,10 - 49,Empresa pequeña ,SMB,AI Service residual,Empresa diversificada cuya participación de IA es limitada o residual,Asia,2,Asia,India,IND,441
SourceSeek,https://www.sourceseek.com,"Denver, CO","$25,000+",$25 - $49 / hr,2 - 9,15%,Denver,CO,USA,Informado,Informado,9,2 - 9,Micro Empresa,SMB,AI Service residual,Empresa diversificada cuya participación de IA es limitada o residual,América del Norte,2,North America,USA,USA,917
ko-bot,https://ko-bot.cz/,"Brno, Czech Republic",Undisclosed,Undisclosed,2 - 9,15%,Brno,,Czech Republic,No informado,No informado,9,2 - 9,Micro Empresa,SMB,AI Service residual,Empresa diversificada cuya participación de IA es limitada o residual,Europa,0,Europe,Czech Republic,CZE,24
FortePartners,https://fortepartners.co,"Istanbul, Turkey",Undisclosed,Undisclosed,10 - 49,15%,Istanbul,,Turkey,No informado,No informado,49,10 - 49,Empresa pequeña ,SMB,AI Service residual,Empresa diversificada cuya participación de IA es limitada o residual,Asia,0,Asia,Turkey,TUR,18
Revolware,https://www.revolware.com/,"Bratislava, Slovakia",Undisclosed,$50 - $99 / hr,10 - 49,15%,Bratislava,,Slovakia,No informado,Informado,49,10 - 49,Empresa pequeña ,SMB,AI Service residual,Empresa diversificada cuya participación de IA es limitada o residual,Europa,1,Europe,Slovakia,SVK,5
MarzexTechnologies,https://marzex.tech,"Kuala Lumpur, Malaysia","$75,000+",$100 - $149 / hr,10 - 49,25%,Kuala Lumpur,,Malaysia,Informado,Informado,49,10 - 49,Empresa pequeña ,SMB,AI Service complementary, Empresa diversificada que ofrece IA como una línea de servicio complementaria,Asia,2,Asia,Malaysia,MYS,8
HiFXIT&MediaServices,http://www.hifx.in,"Ernakulam, India","$5,000+",< $25 / hr,50 - 249,10%,Ernakulam,,India,Informado,Informado,249,50 - 249,Empresa mediana/ SME,SMB,AI Service residual,Empresa diversificada cuya participación de IA es limitada o residual,Asia,2,Asia,India,IND,441
HRForecast,https://hrforecast.com/,"München, Germany",Undisclosed,Undisclosed,10 - 49,10%,München,,Germany,No informado,No informado,49,10 - 49,Empresa pequeña ,SMB,AI Service residual,Empresa diversificada cuya participación de IA es limitada o residual,Europa,0,Europe,Germany,DEU,47
DishaHouse,http://dishahouse.co.in,"Varanasi, India","$10,000+",$100 - $149 / hr,2 - 9,20%,Varanasi,,India,Informado,Informado,9,2 - 9,Micro Empresa,SMB,AI Service complementary, Empresa diversificada que ofrece IA como una línea de servicio complementaria,Asia,2,Asia,India,IND,441
PixobitSolutions,https://pixobit.eu,"Tîrgu Mureş, Romania","$1,000+",< $25 / hr,2 - 9,20%,Tîrgu Mureş,,Romania,Informado,Informado,9,2 - 9,Micro Empresa,SMB,AI Service complementary, Empresa diversificada que ofrece IA como una línea de servicio complementaria,Europa,2,Europe,Romania,ROU,27
"HX-Web&MobileAppDesign,DevelopmentandMarketing",https://hx.ai/,"Missoula, MT",Undisclosed,Undisclosed,2 - 9,20%,Missoula,MT,USA,No informado,No informado,9,2 - 9,Micro Empresa,SMB,AI Service complementary, Empresa diversificada que ofrece IA como una línea de servicio complementaria,América del Norte,0,North America,USA,USA,917
PRIMEWARETANZANIALIMITED,http://www.primeware.co.tz/,"Dar es Salaam, Tanzania",Undisclosed,Undisclosed,2 - 9,20%,Dar es Salaam,,Tanzania,No informado,No informado,9,2 - 9,Micro Empresa,SMB,AI Service complementary, Empresa diversificada que ofrece IA como una línea de servicio complementaria,África,0,Africa,Tanzania,TZA,4
STONEK,https://www.stonekltd.com/,"Dar es Salaam, Tanzania",Undisclosed,Undisclosed,2 - 9,20%,Dar es Salaam,,Tanzania,No informado,No informado,9,2 - 9,Micro Empresa,SMB,AI Service complementary, Empresa diversificada que ofrece IA como una línea de servicio complementaria,África,0,Africa,Tanzania,TZA,4
ArrangeSystems,http://www.arrangesystems.com,"Bhubaneswar, India","$1,000+",$25 - $49 / hr,2 - 9,20%,Bhubaneswar,,India,Informado,Informado,9,2 - 9,Micro Empresa,SMB,AI Service complementary, Empresa diversificada que ofrece IA como una línea de servicio complementaria,Asia,2,Asia,India,IND,441
TigerParkLimited,http://www.tiger-park.com/,"Dhaka, Bangladesh",Undisclosed,Undisclosed,2 - 9,20%,Dhaka,,Bangladesh,No informado,No informado,9,2 - 9,Micro Empresa,SMB,AI Service complementary, Empresa diversificada que ofrece IA como una línea de servicio complementaria,Asia,0,Asia,Bangladesh,BGD,19
EveryCode,https://everycode.net,Ukraine,"$5,000+",$50 - $99 / hr,2 - 9,20%,Ukraine,,Ukraine,Informado,Informado,9,2 - 9,Micro Empresa,SMB,AI Service complementary, Empresa diversificada que ofrece IA como una línea de servicio complementaria,Europa,2,Europe,Ukraine,UKR,92
VérticeDigital,https://vertice.digital/,"Rio de Janeiro, Brazil","$5,000+",$25 - $49 / hr,2 - 9,20%,Rio de Janeiro,,Brazil,Informado,Informado,9,2 - 9,Micro Empresa,SMB,AI Service complementary, Empresa diversificada que ofrece IA como una línea de servicio complementaria,América del Sur,2,South America,Brazil,BRA,21
TrustedSoftwareDevelopmentCompany,http://trustedsoft.github.io/,"Kyiv, Ukraine","$10,000+",$50 - $99 / hr,2 - 9,20%,Kyiv,,Ukraine,Informado,Informado,9,2 - 9,Micro Empresa,SMB,AI Service complementary, Empresa diversificada que ofrece IA como una línea de servicio complementaria,Europa,2,Europe,Ukraine,UKR,92
dnc-algo,http://dnc-algo.com,"Ramat Gan, Israel","$5,000+",$25 - $49 / hr,2 - 9,20%,Ramat Gan,,Israel,Informado,Informado,9,2 - 9,Micro Empresa,SMB,AI Service complementary, Empresa diversificada que ofrece IA como una línea de servicio complementaria,Oriente Medio,2,Middle East,Israel,ISR,10
Young&Digital,https://young-digital.com/,"Gräfelfing, Germany",Undisclosed,Undisclosed,2 - 9,20%,Gräfelfing,,Germany,No informado,No informado,9,2 - 9,Micro Empresa,SMB,AI Service complementary, Empresa diversificada que ofrece IA como una línea de servicio complementaria,Europa,0,Europe,Germany,DEU,47
SmartSourceTechnologiesPteLtd,https://www.smartsource.com.sg,"Singapore, Singapore","$1,000+",$50 - $99 / hr,2 - 9,20%,Singapore,,Singapore,Informado,Informado,9,2 - 9,Micro Empresa,SMB,AI Service complementary, Empresa diversificada que ofrece IA como una línea de servicio complementaria,Asia,2,Asia,Singapore,SGP,24
Moblize.ITLLC,https://moblize.it/,"Redwood City, CA",Undisclosed,Undisclosed,2 - 9,20%,Redwood City,CA,USA,No informado,No informado,9,2 - 9,Micro Empresa,SMB,AI Service complementary, Empresa diversificada que ofrece IA como una línea de servicio complementaria,América del Norte,0,North America,USA,USA,917
BultedSoftware,http://bulted.com/,"Caguas, ",Undisclosed,Undisclosed,2 - 9,20%,Caguas,,Puerto Rico,No informado,No informado,9,2 - 9,Micro Empresa,SMB,AI Service complementary, Empresa diversificada que ofrece IA como una línea de servicio complementaria,Centroamérica,0,Central America,Puerto Rico,Puerto Rico,2
Luyten,https://luyten.ai,"Montevideo, Uruguay","$10,000+",$50 - $99 / hr,2 - 9,20%,Montevideo,,Uruguay,Informado,Informado,9,2 - 9,Micro Empresa,SMB,AI Service complementary, Empresa diversificada que ofrece IA como una línea de servicio complementaria,América del Sur,2,South America,Uruguay,URY,22
CiphersLab,http://cipherslab.com/,"Karachi, Pakistan","$10,000+",$50 - $99 / hr,2 - 9,20%,Karachi,,Pakistan,Informado,Informado,9,2 - 9,Micro Empresa,SMB,AI Service complementary, Empresa diversificada que ofrece IA como una línea de servicio complementaria,Asia,2,Asia,Pakistan,PAK,61
Cobryx,https://www.cobryx.com,"Cagliari, Italy","$1,000+",$25 - $49 / hr,2 - 9,20%,Cagliari,,Italy,Informado,Informado,9,2 - 9,Micro Empresa,SMB,AI Service complementary, Empresa diversificada que ofrece IA como una línea de servicio complementaria,Europa,2,Europe,Italy,ITA,18
"JMARESOURCES,INC.",https://www.jmaresources.com/,"East Berlin, PA",Undisclosed,Undisclosed,2 - 9,20%,East Berlin,PA,USA,No informado,No informado,9,2 - 9,Micro Empresa,SMB,AI Service complementary, Empresa diversificada que ofrece IA como una línea de servicio complementaria,América del Norte,0,North America,USA,USA,917
NeonSoftwareCo.,https://neonsoftware.co,"Detroit, MI",Undisclosed,Undisclosed,2 - 9,20%,Detroit,MI,USA,No informado,No informado,9,2 - 9,Micro Empresa,SMB,AI Service complementary, Empresa diversificada que ofrece IA como una línea de servicio complementaria,América del Norte,0,North America,USA,USA,917
"GMGArcData,LLC",https://gmgarcdata.com/,"San Antonio, TX",Undisclosed,Undisclosed,2 - 9,20%,San Antonio,TX,USA,No informado,No informado,9,2 - 9,Micro Empresa,SMB,AI Service complementary, Empresa diversificada que ofrece IA como una línea de servicio complementaria,América del Norte,0,North America,USA,USA,917
"AdvancingStrategicInnovations,LLC",https://strategicinnovations.net/,"Wilmington, DE",Undisclosed,Undisclosed,2 - 9,20%,Wilmington,DE,USA,No informado,No informado,9,2 - 9,Micro Empresa,SMB,AI Service complementary, Empresa diversificada que ofrece IA como una línea de servicio complementaria,América del Norte,0,North America,USA,USA,917
"EmpowerMinds,LLC",https://www.empowerminds.com/,"Livermore, CA",Undisclosed,Undisclosed,2 - 9,20%,Livermore,CA,USA,No informado,No informado,9,2 - 9,Micro Empresa,SMB,AI Service complementary, Empresa diversificada que ofrece IA como una línea de servicio complementaria,América del Norte,0,North America,USA,USA,917
SecureInnovateTechnology,https://www.secureintech.com/,"Ashburn, VA",Undisclosed,Undisclosed,2 - 9,20%,Ashburn,VA,USA,No informado,No informado,9,2 - 9,Micro Empresa,SMB,AI Service complementary, Empresa diversificada que ofrece IA como una línea de servicio complementaria,América del Norte,0,North America,USA,USA,917
DistroSystems,http://www.distrosystems.com,"Troy, MI","$1,000+",< $25 / hr,2 - 9,20%,Troy,MI,USA,Informado,Informado,9,2 - 9,Micro Empresa,SMB,AI Service complementary, Empresa diversificada que ofrece IA como una línea de servicio complementaria,América del Norte,2,North America,USA,USA,917
WyvernSecurity,https://wyvsecurity.com/,"Orlando, FL",Undisclosed,Undisclosed,2 - 9,20%,Orlando,FL,USA,No informado,No informado,9,2 - 9,Micro Empresa,SMB,AI Service complementary, Empresa diversificada que ofrece IA como una línea de servicio complementaria,América del Norte,0,North America,USA,USA,917
OpenAgents,https://www.openagents.io/,"Providencia, Chile",Undisclosed,Undisclosed,2 - 9,20%,Providencia,,Chile,No informado,No informado,9,2 - 9,Micro Empresa,SMB,AI Service complementary, Empresa diversificada que ofrece IA como una línea de servicio complementaria,América del Sur,0,South America,Chile,CHL,13
InversionesGutiérrezGarcía,https://www.igg.com.co/,"Bogotá, Colombia",Undisclosed,Undisclosed,2 - 9,20%,Bogotá,,Colombia,No informado,No informado,9,2 - 9,Micro Empresa,SMB,AI Service complementary, Empresa diversificada que ofrece IA como una línea de servicio complementaria,América del Sur,0,South America,Colombia,COL,43
"RobustTechSystems,Inc",http://www.robusttechsystems.com/,"Claymont, DE",Undisclosed,Undisclosed,2 - 9,20%,Claymont,DE,USA,No informado,No informado,9,2 - 9,Micro Empresa,SMB,AI Service complementary, Empresa diversificada que ofrece IA como una línea de servicio complementaria,América del Norte,0,North America,USA,USA,917
Allatus,https://www.allatus.co.uk/,"Edinburgh, United Kingdom",Undisclosed,Undisclosed,2 - 9,20%,Edinburgh,,United Kingdom,No informado,No informado,9,2 - 9,Micro Empresa,SMB,AI Service complementary, Empresa diversificada que ofrece IA como una línea de servicio complementaria,Europa,0,Europe,United Kingdom,GBR,304
AtelierGlobal,https://atelierglobal.io/,"Manchester, United Kingdom",Undisclosed,Undisclosed,2 - 9,20%,Manchester,,United Kingdom,No informado,No informado,9,2 - 9,Micro Empresa,SMB,AI Service complementary, Empresa diversificada que ofrece IA como una línea de servicio complementaria,Europa,0,Europe,United Kingdom,GBR,304
EMAKINACentral&EasternEurope,https://emakina.at/,"Wien, Austria","$1,000+",Undisclosed,50 - 249,10%,Wien,,Austria,Informado,No informado,249,50 - 249,Empresa mediana/ SME,SMB,AI Service residual,Empresa diversificada cuya participación de IA es limitada o residual,Europa,1,Europe,Austria,AUT,4
JohoTeK,http://www.johotek.com,"Richmond, Canada","$1,000+",$50 - $99 / hr,2 - 9,10%,Richmond,,Canada,Informado,Informado,9,2 - 9,Micro Empresa,SMB,AI Service residual,Empresa diversificada cuya participación de IA es limitada o residual,América del Norte,2,North America,Canada,CAN,126
AvalanceGlobalSolutions,https://avalance.in,"Mumbai, India","$5,000+",$300+ / hr,50 - 249,10%,Mumbai,,India,Informado,Informado,249,50 - 249,Empresa mediana/ SME,SMB,AI Service residual,Empresa diversificada cuya participación de IA es limitada o residual,Asia,2,Asia,India,IND,441
Potado,https://potado.co,"Singapore, Singapore","$5,000+",$100 - $149 / hr,2 - 9,10%,Singapore,,Singapore,Informado,Informado,9,2 - 9,Micro Empresa,SMB,AI Service residual,Empresa diversificada cuya participación de IA es limitada o residual,Asia,2,Asia,Singapore,SGP,24
Solentive,https://www.solentive.com.au/,"Darlinghurst, Australia",Undisclosed,Undisclosed,10 - 49,10%,Darlinghurst,,Australia,No informado,No informado,49,10 - 49,Empresa pequeña ,SMB,AI Service residual,Empresa diversificada cuya participación de IA es limitada o residual,Oceanía,0,Oceania,Australia,AUS,96
ITCrowdArgentina,https://www.itcrowdarg.com/,"BOU, Argentina","$10,000+",$50 - $99 / hr,10 - 49,10%,BOU,,Argentina,Informado,Informado,49,10 - 49,Empresa pequeña ,SMB,AI Service residual,Empresa diversificada cuya participación de IA es limitada o residual,América del Sur,2,South America,Argentina,ARG,29
ReactiveSpace,http://www.reactivespace.com,"Office:907, United Arab Emirates","$1,000+",$25 - $49 / hr,10 - 49,10%,Office:907,,United Arab Emirates,Informado,Informado,49,10 - 49,Empresa pequeña ,SMB,AI Service residual,Empresa diversificada cuya participación de IA es limitada o residual,Oriente Medio,2,Middle East,United Arab Emirates,ARE,39
SocedgeTechnologies,http://www.socedge.com,"Bengaluru, India","$10,000+",< $25 / hr,10 - 49,15%,Bengaluru,,India,Informado,Informado,49,10 - 49,Empresa pequeña ,SMB,AI Service residual,Empresa diversificada cuya participación de IA es limitada o residual,Asia,2,Asia,India,IND,441
VR4,https://www.vr4it.com/,"Buenos Aires, Argentina",Undisclosed,Undisclosed,10 - 49,15%,Buenos Aires,,Argentina,No informado,No informado,49,10 - 49,Empresa pequeña ,SMB,AI Service residual,Empresa diversificada cuya participación de IA es limitada o residual,América del Sur,0,South America,Argentina,ARG,29
AnalyticsinMotion,https://www.analyticsinmotion.com,"Docklands, Australia",Undisclosed,Undisclosed,10 - 49,15%,Docklands,,Australia,No informado,No informado,49,10 - 49,Empresa pequeña ,SMB,AI Service residual,Empresa diversificada cuya participación de IA es limitada o residual,Oceanía,0,Oceania,Australia,AUS,96
Codster,https://www.codster.io/en/,"San Miguel, Mexico",Undisclosed,Undisclosed,10 - 49,15%,San Miguel,,Mexico,No informado,No informado,49,10 - 49,Empresa pequeña ,SMB,AI Service residual,Empresa diversificada cuya participación de IA es limitada o residual,América del Norte,0,North America,Mexico,MEX,31
KineticIQ,http://www.kineticiq.com,"Indianapolis, IN","$10,000+",$150 - $199 / hr,10 - 49,15%,Indianapolis,IN,USA,Informado,Informado,49,10 - 49,Empresa pequeña ,SMB,AI Service residual,Empresa diversificada cuya participación de IA es limitada o residual,América del Norte,2,North America,USA,USA,917
GYANA,https://www.gyana.com/,"London, United Kingdom",Undisclosed,Undisclosed,10 - 49,10%,London,,United Kingdom,No informado,No informado,49,10 - 49,Empresa pequeña ,SMB,AI Service residual,Empresa diversificada cuya participación de IA es limitada o residual,Europa,0,Europe,United Kingdom,GBR,304
Visioglobe,http://www.visioglobe.com,"Montbonnot-Saint-Martin, France","$5,000+",$100 - $149 / hr,10 - 49,10%,Montbonnot-Saint-Martin,,France,Informado,Informado,49,10 - 49,Empresa pequeña ,SMB,AI Service residual,Empresa diversificada cuya participación de IA es limitada o residual,Europa,2,Europe,France,FRA,14
Wiredelta,https://wiredelta.com,"Copenhagen, Denmark","$10,000+",$50 - $99 / hr,10 - 49,10%,Copenhagen,,Denmark,Informado,Informado,49,10 - 49,Empresa pequeña ,SMB,AI Service residual,Empresa diversificada cuya participación de IA es limitada o residual,Europa,2,Europe,Denmark,DNK,6
InfoskatersTechnologiesPvt.Ltd.,https://www.infoskaters.com/,"Bengaluru, India","$1,000+",$50 - $99 / hr,10 - 49,10%,Bengaluru,,India,Informado,Informado,49,10 - 49,Empresa pequeña ,SMB,AI Service residual,Empresa diversificada cuya participación de IA es limitada o residual,Asia,2,Asia,India,IND,441
CyberChasse,https://cyberchasse.com/,"Tampa, FL",Undisclosed,Undisclosed,50 - 249,10%,Tampa,FL,USA,No informado,No informado,249,50 - 249,Empresa mediana/ SME,SMB,AI Service residual,Empresa diversificada cuya participación de IA es limitada o residual,América del Norte,0,North America,USA,USA,917
GreenwoodCampbell,http://www.greenwoodcampbell.com/,"Bournemouth, United Kingdom","$10,000+",$150 - $199 / hr,10 - 49,10%,Bournemouth,,United Kingdom,Informado,Informado,49,10 - 49,Empresa pequeña ,SMB,AI Service residual,Empresa diversificada cuya participación de IA es limitada o residual,Europa,2,Europe,United Kingdom,GBR,304
EnvigoMarketingPrivateLimited,https://envigo.digital/,"New Delhi, India","$1,000+",< $25 / hr,50 - 249,10%,New Delhi,,India,Informado,Informado,249,50 - 249,Empresa mediana/ SME,SMB,AI Service residual,Empresa diversificada cuya participación de IA es limitada o residual,Asia,2,Asia,India,IND,441
PanderaLabs,http://www.panderalabs.com/,"Chicago, IL","$50,000+",$150 - $199 / hr,50 - 249,10%,Chicago,IL,USA,Informado,Informado,249,50 - 249,Empresa mediana/ SME,SMB,AI Service residual,Empresa diversificada cuya participación de IA es limitada o residual,América del Norte,2,North America,USA,USA,917
BRIGHT,https://www.bright.consulting/,"London, United Kingdom",Undisclosed,Undisclosed,50 - 249,10%,London,,United Kingdom,No informado,No informado,249,50 - 249,Empresa mediana/ SME,SMB,AI Service residual,Empresa diversificada cuya participación de IA es limitada o residual,Europa,0,Europe,United Kingdom,GBR,304
KanerikaInc,http://www.kanerika.com,"Hyderabad, India","$50,000+",$50 - $99 / hr,50 - 249,10%,Hyderabad,,India,Informado,Informado,249,50 - 249,Empresa mediana/ SME,SMB,AI Service residual,Empresa diversificada cuya participación de IA es limitada o residual,Asia,2,Asia,India,IND,441
BrainyYack,https://www.brainyyack.com/,"Oakville, Canada","$10,000+",$25 - $49 / hr,50 - 249,10%,Oakville,,Canada,Informado,Informado,249,50 - 249,Empresa mediana/ SME,SMB,AI Service residual,Empresa diversificada cuya participación de IA es limitada o residual,América del Norte,2,North America,Canada,CAN,126
TEKENABLE,http://www.tekenable.ie/,"Dublin 2, Ireland",Undisclosed,Undisclosed,50 - 249,10%,Dublin 2,,Ireland,No informado,No informado,249,50 - 249,Empresa mediana/ SME,SMB,AI Service residual,Empresa diversificada cuya participación de IA es limitada o residual,Europa,0,Europe,Ireland,IRL,8
AllianzeInfosoft,https://www.allianzeinfosoft.com/,"Kakkanad, India","$1,000+",$25 - $49 / hr,50 - 249,10%,Kakkanad,,India,Informado,Informado,249,50 - 249,Empresa mediana/ SME,SMB,AI Service residual,Empresa diversificada cuya participación de IA es limitada o residual,Asia,2,Asia,India,IND,441
DeepDive.Tech,https://www.deepdive.tech/,"New York, NY","$25,000+",Undisclosed,50 - 249,10%,New York,NY,USA,Informado,No informado,249,50 - 249,Empresa mediana/ SME,SMB,AI Service residual,Empresa diversificada cuya participación de IA es limitada o residual,América del Norte,1,North America,USA,USA,917
AsiaPac(fromM1),https://www1.asiapac.com.sg,"Singapore, Singapore",Undisclosed,Undisclosed,50 - 249,10%,Singapore,,Singapore,No informado,No informado,249,50 - 249,Empresa mediana/ SME,SMB,AI Service residual,Empresa diversificada cuya participación de IA es limitada o residual,Asia,0,Asia,Singapore,SGP,24
HalvikCorp,https://halvik.com/,"Vienna, VA",Undisclosed,Undisclosed,50 - 249,10%,Vienna,VA,USA,No informado,No informado,249,50 - 249,Empresa mediana/ SME,SMB,AI Service residual,Empresa diversificada cuya participación de IA es limitada o residual,América del Norte,0,North America,USA,USA,917
MedAcuity,https://www.medacuitysoftware.com/,"Westford, MA",Undisclosed,Undisclosed,50 - 249,10%,Westford,MA,USA,No informado,No informado,249,50 - 249,Empresa mediana/ SME,SMB,AI Service residual,Empresa diversificada cuya participación de IA es limitada o residual,América del Norte,0,North America,USA,USA,917
ATLTech,https://atltech.az/,"Baku, Azerbaijan","$50,000+",$25 - $49 / hr,50 - 249,10%,Baku,,Azerbaijan,Informado,Informado,249,50 - 249,Empresa mediana/ SME,SMB,AI Service residual,Empresa diversificada cuya participación de IA es limitada o residual,Asia,2,Asia,Azerbaijan,AZE,2
BrandscapesWorldwide,https://brandscapesworldwide.com/,"HA, United Kingdom",Undisclosed,Undisclosed,50 - 249,10%,HA,,United Kingdom,No informado,No informado,249,50 - 249,Empresa mediana/ SME,SMB,AI Service residual,Empresa diversificada cuya participación de IA es limitada o residual,Europa,0,Europe,United Kingdom,GBR,304
ReliSource,https://www.relisource.com,"Dhaka, Bangladesh",Undisclosed,Undisclosed,50 - 249,10%,Dhaka,,Bangladesh,No informado,No informado,249,50 - 249,Empresa mediana/ SME,SMB,AI Service residual,Empresa diversificada cuya participación de IA es limitada o residual,Asia,0,Asia,Bangladesh,BGD,19
Idea2App,https://www.idea2app.dev/,"San Jose, CA","$1,000+",< $25 / hr,50 - 249,10%,San Jose,CA,USA,Informado,Informado,249,50 - 249,Empresa mediana/ SME,SMB,AI Service residual,Empresa diversificada cuya participación de IA es limitada o residual,América del Norte,2,North America,USA,USA,917
Eiliana,https://eiliana.com/,"Noida, India",Undisclosed,Undisclosed,50 - 249,10%,Noida,,India,No informado,No informado,249,50 - 249,Empresa mediana/ SME,SMB,AI Service residual,Empresa diversificada cuya participación de IA es limitada o residual,Asia,0,Asia,India,IND,441
SodaDigital,https://www.sodadigital.com.au/,"Sydney, Australia",Undisclosed,Undisclosed,2 - 9,15%,Sydney,,Australia,No informado,No informado,9,2 - 9,Micro Empresa,SMB,AI Service residual,Empresa diversificada cuya participación de IA es limitada o residual,Oceanía,0,Oceania,Australia,AUS,96
BrisaRobotica,https://brisa.tech,"Cabo de Santo Agostinho, Brazil","$10,000+",$100 - $149 / hr,2 - 9,30%,Cabo de Santo Agostinho,,Brazil,Informado,Informado,9,2 - 9,Micro Empresa,SMB,AI Service complementary, Empresa diversificada que ofrece IA como una línea de servicio complementaria,América del Sur,2,South America,Brazil,BRA,21
iQBusinessSuite,https://www.iqbizsuite.com,"Surrey, Canada",Undisclosed,Undisclosed,2 - 9,30%,Surrey,,Canada,No informado,No informado,9,2 - 9,Micro Empresa,SMB,AI Service complementary, Empresa diversificada que ofrece IA como una línea de servicio complementaria,América del Norte,0,North America,Canada,CAN,126
"HAsystemTech,Inc.",http://www.hasystem.ca/,"Winnipeg, Canada",Undisclosed,Undisclosed,2 - 9,30%,Winnipeg,,Canada,No informado,No informado,9,2 - 9,Micro Empresa,SMB,AI Service complementary, Empresa diversificada que ofrece IA como una línea de servicio complementaria,América del Norte,0,North America,Canada,CAN,126
WaterBearVentures,https://waterbearventures.com/,"San Salvador, El Salvador",Undisclosed,Undisclosed,2 - 9,30%,San Salvador,,El Salvador,No informado,No informado,9,2 - 9,Micro Empresa,SMB,AI Service complementary, Empresa diversificada que ofrece IA como una línea de servicio complementaria,Centroamérica,0,Central America,El Salvador,El Salvador,5
CreaWorlds,https://www.creaworlds.com.mx/,"Ciudad de México, Mexico",Undisclosed,Undisclosed,2 - 9,30%,Ciudad de México,,Mexico,No informado,No informado,9,2 - 9,Micro Empresa,SMB,AI Service complementary, Empresa diversificada que ofrece IA como una línea de servicio complementaria,América del Norte,0,North America,Mexico,MEX,31
HamiltonianGroup,https://www.hamiltoniangroup.com/,"Washington, DC","$1,000+",$150 - $199 / hr,2 - 9,30%,Washington,,USA,Informado,Informado,9,2 - 9,Micro Empresa,SMB,AI Service complementary, Empresa diversificada que ofrece IA como una línea de servicio complementaria,América del Norte,2,North America,USA,USA,917
AciesDecisions,http://www.aciesdecisions.com,"Austin, TX","$50,000+",$100 - $149 / hr,2 - 9,30%,Austin,TX,USA,Informado,Informado,9,2 - 9,Micro Empresa,SMB,AI Service complementary, Empresa diversificada que ofrece IA como una línea de servicio complementaria,América del Norte,2,North America,USA,USA,917
InfectionPoint,https://www.inflectionpoint.eu/,"Cluj-Napoca, Romania",Undisclosed,Undisclosed,2 - 9,30%,Cluj-Napoca,,Romania,No informado,No informado,9,2 - 9,Micro Empresa,SMB,AI Service complementary, Empresa diversificada que ofrece IA como una línea de servicio complementaria,Europa,0,Europe,Romania,ROU,27
EiferCorp,https://www.eifercorp.com/,"Herndon, VA",Undisclosed,Undisclosed,2 - 9,30%,Herndon,VA,USA,No informado,No informado,9,2 - 9,Micro Empresa,SMB,AI Service complementary, Empresa diversificada que ofrece IA como una línea de servicio complementaria,América del Norte,0,North America,USA,USA,917
OptabilityInc,http://www.optability.com,"Whitby, Canada","$1,000+",$25 - $49 / hr,2 - 9,30%,Whitby,,Canada,Informado,Informado,9,2 - 9,Micro Empresa,SMB,AI Service complementary, Empresa diversificada que ofrece IA como una línea de servicio complementaria,América del Norte,2,North America,Canada,CAN,126
Apollo,https://www.apollo-s.co/,"Kyiv, Ukraine","$1,000+",< $25 / hr,2 - 9,30%,Kyiv,,Ukraine,Informado,Informado,9,2 - 9,Micro Empresa,SMB,AI Service complementary, Empresa diversificada que ofrece IA como una línea de servicio complementaria,Europa,2,Europe,Ukraine,UKR,92
TripleaimSoftware,https://www.tripleaimsoftware.com/,"Nairobi, Kenya",Undisclosed,Undisclosed,2 - 9,30%,Nairobi,,Kenya,No informado,No informado,9,2 - 9,Micro Empresa,SMB,AI Service complementary, Empresa diversificada que ofrece IA como una línea de servicio complementaria,África,0,Africa,Kenya,KEN,3
Gretol,https://www.gretol.com,"Birmingham, United Kingdom","$5,000+",$50 - $99 / hr,2 - 9,30%,Birmingham,,United Kingdom,Informado,Informado,9,2 - 9,Micro Empresa,SMB,AI Service complementary, Empresa diversificada que ofrece IA como una línea de servicio complementaria,Europa,2,Europe,United Kingdom,GBR,304
NorthernHawkTechnologiesInc.,https://northernhawk.ca,"Vernon, Canada","$5,000+",$100 - $149 / hr,2 - 9,30%,Vernon,,Canada,Informado,Informado,9,2 - 9,Micro Empresa,SMB,AI Service complementary, Empresa diversificada que ofrece IA como una línea de servicio complementaria,América del Norte,2,North America,Canada,CAN,126
InstituteofCorporateAnalyticsandTraining,https://www.instcat.net,"Chennai, India","$1,000+",$25 - $49 / hr,2 - 9,30%,Chennai,,India,Informado,Informado,9,2 - 9,Micro Empresa,SMB,AI Service complementary, Empresa diversificada que ofrece IA como una línea de servicio complementaria,Asia,2,Asia,India,IND,441
AboveDev,http://www.abovedev.com,"Sofia, Bulgaria","$5,000+",$50 - $99 / hr,2 - 9,30%,Sofia,,Bulgaria,Informado,Informado,9,2 - 9,Micro Empresa,SMB,AI Service complementary, Empresa diversificada que ofrece IA como una línea de servicio complementaria,Europa,2,Europe,Bulgaria,BGR,20
SnowHeapLLC,https://www.snowheap.com,"Al Batayih, United Arab Emirates","$10,000+",$50 - $99 / hr,2 - 9,30%,Al Batayih,,United Arab Emirates,Informado,Informado,9,2 - 9,Micro Empresa,SMB,AI Service complementary, Empresa diversificada que ofrece IA como una línea de servicio complementaria,Oriente Medio,2,Middle East,United Arab Emirates,ARE,39
AdatScienceLLC,https://www.adatscience.com/,"New York, NY",Undisclosed,< $25 / hr,2 - 9,30%,New York,NY,USA,No informado,Informado,9,2 - 9,Micro Empresa,SMB,AI Service complementary, Empresa diversificada que ofrece IA como una línea de servicio complementaria,América del Norte,1,North America,USA,USA,917
LynchpinAnalytics,https://www.lynchpin.com/,"Edinburgh, United Kingdom","$5,000+",$200 - $300 / hr,10 - 49,10%,Edinburgh,,United Kingdom,Informado,Informado,49,10 - 49,Empresa pequeña ,SMB,AI Service residual,Empresa diversificada cuya participación de IA es limitada o residual,Europa,2,Europe,United Kingdom,GBR,304
mbiance-agenceWeb-WebAgency,https://www.mbiance.com/,"Montréal, Canada","$5,000+",Undisclosed,10 - 49,10%,Montréal,,Canada,Informado,No informado,49,10 - 49,Empresa pequeña ,SMB,AI Service residual,Empresa diversificada cuya participación de IA es limitada o residual,América del Norte,1,North America,Canada,CAN,126
CognitumServicesSA,https://www.cognitum.eu,"Warszawa, Poland","$10,000+",Undisclosed,10 - 49,10%,Warszawa,,Poland,Informado,No informado,49,10 - 49,Empresa pequeña ,SMB,AI Service residual,Empresa diversificada cuya participación de IA es limitada o residual,Europa,1,Europe,Poland,POL,147
SoftwerkAB,https://softwerk.se/,"Växjö, Sweden","$10,000+",$50 - $99 / hr,10 - 49,10%,Växjö,,Sweden,Informado,Informado,49,10 - 49,Empresa pequeña ,SMB,AI Service residual,Empresa diversificada cuya participación de IA es limitada o residual,Europa,2,Europe,Sweden,SWE,7
SIDESTREAM,https://sidestream.tech/,"Köln, Germany","$5,000+",$100 - $149 / hr,10 - 49,25%,Köln,,Germany,Informado,Informado,49,10 - 49,Empresa pequeña ,SMB,AI Service complementary, Empresa diversificada que ofrece IA como una línea de servicio complementaria,Europa,2,Europe,Germany,DEU,47
JashDataSciencesPvt.Ltd.,https://www.jashds.com/,"Pune, India","$5,000+",< $25 / hr,10 - 49,25%,Pune,,India,Informado,Informado,49,10 - 49,Empresa pequeña ,SMB,AI Service complementary, Empresa diversificada que ofrece IA como una línea de servicio complementaria,Asia,2,Asia,India,IND,441
Kodework,http://www.kodework.com,"Sangolda, India","$1,000+",$25 - $49 / hr,50 - 249,10%,Sangolda,,India,Informado,Informado,249,50 - 249,Empresa mediana/ SME,SMB,AI Service residual,Empresa diversificada cuya participación de IA es limitada o residual,Asia,2,Asia,India,IND,441
CordisTechnologySaudi-Arabia,http://www.cordis.us/saudi-arabia/,"Al Khobar, Saudi Arabia","$1,000+",< $25 / hr,50 - 249,10%,Al Khobar,,Saudi Arabia,Informado,Informado,249,50 - 249,Empresa mediana/ SME,SMB,AI Service residual,Empresa diversificada cuya participación de IA es limitada o residual,Oriente Medio,2,Middle East,Saudi Arabia,SAU,5
eDeltaEnterpriseSolutionsPvt.Ltd.,https://www.edeltaes.com/,"Gandhinagar, India","$5,000+",$25 - $49 / hr,10 - 49,10%,Gandhinagar,,India,Informado,Informado,49,10 - 49,Empresa pequeña ,SMB,AI Service residual,Empresa diversificada cuya participación de IA es limitada o residual,Asia,2,Asia,India,IND,441
"IMRepublic,Inc",http://www.imrepublic.com,"San Francisco, CA","$5,000+",$25 - $49 / hr,10 - 49,10%,San Francisco,CA,USA,Informado,Informado,49,10 - 49,Empresa pequeña ,SMB,AI Service residual,Empresa diversificada cuya participación de IA es limitada o residual,América del Norte,2,North America,USA,USA,917
AdEngagers,https://adengagers.com/,"Las Vegas, NV","$5,000+",$100 - $149 / hr,2 - 9,25%,Las Vegas,NV,USA,Informado,Informado,9,2 - 9,Micro Empresa,SMB,AI Service complementary, Empresa diversificada que ofrece IA como una línea de servicio complementaria,América del Norte,2,North America,USA,USA,917
KreeLabs,https://kreelabs.com,"Kathmandu, Nepal","$1,000+",< $25 / hr,10 - 49,15%,Kathmandu,,Nepal,Informado,Informado,49,10 - 49,Empresa pequeña ,SMB,AI Service residual,Empresa diversificada cuya participación de IA es limitada o residual,Asia,2,Asia,Nepal,NPL,3
Torioux,http://www.torioux.com/,"Miraflores, Peru","$10,000+",$100 - $149 / hr,10 - 49,25%,Miraflores,,Peru,Informado,Informado,49,10 - 49,Empresa pequeña ,SMB,AI Service complementary, Empresa diversificada que ofrece IA como una línea de servicio complementaria,América del Sur,2,South America,Peru,PER,7
XRTechnica,http://www.xrtechnica.com.au,"Melbourne, Australia","$1,000+",< $25 / hr,10 - 49,25%,Melbourne,,Australia,Informado,Informado,49,10 - 49,Empresa pequeña ,SMB,AI Service complementary, Empresa diversificada que ofrece IA como una línea de servicio complementaria,Oceanía,2,Oceania,Australia,AUS,96
ContechieLLP,http://www.contechie.com/,"Chicago, IL","$25,000+",$50 - $99 / hr,10 - 49,25%,Chicago,IL,USA,Informado,Informado,49,10 - 49,Empresa pequeña ,SMB,AI Service complementary, Empresa diversificada que ofrece IA como una línea de servicio complementaria,América del Norte,2,North America,USA,USA,917
UsefulBI,http://usefulbi.com,"Boston, MA",Undisclosed,Undisclosed,10 - 49,25%,Boston,MA,USA,No informado,No informado,49,10 - 49,Empresa pequeña ,SMB,AI Service complementary, Empresa diversificada que ofrece IA como una línea de servicio complementaria,América del Norte,0,North America,USA,USA,917
AugustIQConsulting,http://augustiqconsulting.com/,"Schaumburg, IL",Undisclosed,Undisclosed,10 - 49,25%,Schaumburg,IL,USA,No informado,No informado,49,10 - 49,Empresa pequeña ,SMB,AI Service complementary, Empresa diversificada que ofrece IA como una línea de servicio complementaria,América del Norte,0,North America,USA,USA,917
Winsocdigital,https://winsocdigital.com,"Manchester, United Kingdom",Undisclosed,Undisclosed,10 - 49,25%,Manchester,,United Kingdom,No informado,No informado,49,10 - 49,Empresa pequeña ,SMB,AI Service complementary, Empresa diversificada que ofrece IA como una línea de servicio complementaria,Europa,0,Europe,United Kingdom,GBR,304
KapraAutomation(Pvt)Ltd,https://kapraautomation.com,"Katukurunda, Sri Lanka","$1,000+",$100 - $149 / hr,10 - 49,25%,Sri Lanka,,Sri Lanka,Informado,Informado,49,10 - 49,Empresa pequeña ,SMB,AI Service complementary, Empresa diversificada que ofrece IA como una línea de servicio complementaria,Asia,2,Asia,Sri Lanka,LKA,15
AmarelloTI,https://amarello.cloud/,"Ciudad de México, Mexico",Undisclosed,Undisclosed,10 - 49,25%,Ciudad de México,,Mexico,No informado,No informado,49,10 - 49,Empresa pequeña ,SMB,AI Service complementary, Empresa diversificada que ofrece IA como una línea de servicio complementaria,América del Norte,0,North America,Mexico,MEX,31
AUG.global,https://aug.global/,"Redwood City, CA",Undisclosed,Undisclosed,10 - 49,25%,Redwood City,CA,USA,No informado,No informado,49,10 - 49,Empresa pequeña ,SMB,AI Service complementary, Empresa diversificada que ofrece IA como una línea de servicio complementaria,América del Norte,0,North America,USA,USA,917
DSIGlobal,https://www.dsi-global.net/,"Redwood City, CA",Undisclosed,Undisclosed,10 - 49,25%,Redwood City,CA,USA,No informado,No informado,49,10 - 49,Empresa pequeña ,SMB,AI Service complementary, Empresa diversificada que ofrece IA como una línea de servicio complementaria,América del Norte,0,North America,USA,USA,917
Gorixi,https://www.gorixi.com,"Liverpool, Inglaterra, Reino Unido","$10,000+",$25 - $49 / hr,10 - 49,25%,Liverpool,Inglaterra,United Kingdom,Informado,Informado,49,10 - 49,Empresa pequeña ,SMB,AI Service complementary, Empresa diversificada que ofrece IA como una línea de servicio complementaria,Europa,2,Europe,United Kingdom,GBR,304
SkylarMinds,https://skylarminds.com/,"Indore, India","$1,000+",< $25 / hr,10 - 49,25%,Indore,,India,Informado,Informado,49,10 - 49,Empresa pequeña ,SMB,AI Service complementary, Empresa diversificada que ofrece IA como una línea de servicio complementaria,Asia,2,Asia,India,IND,441
Techweirdo,https://techweirdo.in,"Kolkata, India","$10,000+",$25 - $49 / hr,10 - 49,25%,Kolkata,,India,Informado,Informado,49,10 - 49,Empresa pequeña ,SMB,AI Service complementary, Empresa diversificada que ofrece IA como una línea de servicio complementaria,Asia,2,Asia,India,IND,441
Senarios(pvt)Ltd.,http://www.senarios.co,"Lahore, Pakistan","$10,000+",$25 - $49 / hr,50 - 249,10%,Lahore,,Pakistan,Informado,Informado,249,50 - 249,Empresa mediana/ SME,SMB,AI Service residual,Empresa diversificada cuya participación de IA es limitada o residual,Asia,2,Asia,Pakistan,PAK,61
Mutek,http://www.mutek.io,"Medellín, Colombia","$5,000+",$25 - $49 / hr,10 - 49,25%,Medellín,,Colombia,Informado,Informado,49,10 - 49,Empresa pequeña ,SMB,AI Service complementary, Empresa diversificada que ofrece IA como una línea de servicio complementaria,América del Sur,2,South America,Colombia,COL,43
DigiArtisan,https://www.digiartisan.io/,"Lahore, Pakistan","$10,000+",$25 - $49 / hr,10 - 49,25%,Lahore,,Pakistan,Informado,Informado,49,10 - 49,Empresa pequeña ,SMB,AI Service complementary, Empresa diversificada que ofrece IA como una línea de servicio complementaria,Asia,2,Asia,Pakistan,PAK,61
EnsoCorporation(Pvt)Ltd,http://www.one-enso.com,"Wattala, Sri Lanka","$5,000+",$50 - $99 / hr,10 - 49,25%,Wattala,,Sri Lanka,Informado,Informado,49,10 - 49,Empresa pequeña ,SMB,AI Service complementary, Empresa diversificada que ofrece IA como una línea de servicio complementaria,Asia,2,Asia,Sri Lanka,LKA,15
UMAYUXLABSS.A.S,https://www.umayuxlabs.com/,"Bogotá, Colombia",Undisclosed,Undisclosed,10 - 49,25%,Bogotá,,Colombia,No informado,No informado,49,10 - 49,Empresa pequeña ,SMB,AI Service complementary, Empresa diversificada que ofrece IA como una línea de servicio complementaria,América del Sur,0,South America,Colombia,COL,43
Comston,https://comston.io/,"Orlando, Florida, Estados Unidos","$10,000+",$25 - $49 / hr,10 - 49,25%,Orlando,Florida,USA,Informado,Informado,49,10 - 49,Empresa pequeña ,SMB,AI Service complementary, Empresa diversificada que ofrece IA como una línea de servicio complementaria,América del Norte,2,North America,USA,USA,917
XivTech,https://www.xivtech.io/,"Toronto, Canada","$5,000+",$25 - $49 / hr,10 - 49,25%,Toronto,,Canada,Informado,Informado,49,10 - 49,Empresa pequeña ,SMB,AI Service complementary, Empresa diversificada que ofrece IA como una línea de servicio complementaria,América del Norte,2,North America,Canada,CAN,126
"ChengduOheecNetworkTechnologyCo.,Ltd.",http://www.oheec.com/,"Chengdu, China",Undisclosed,Undisclosed,10 - 49,25%,Chengdu,,China,No informado,No informado,49,10 - 49,Empresa pequeña ,SMB,AI Service complementary, Empresa diversificada que ofrece IA como una línea de servicio complementaria,Asia,0,Asia,China,China,87
BuilttoRoam,https://builttoroam.com,"Sydney, Australia","$10,000+",Undisclosed,2 - 9,10%,Sydney,,Australia,Informado,No informado,9,2 - 9,Micro Empresa,SMB,AI Service residual,Empresa diversificada cuya participación de IA es limitada o residual,Oceanía,1,Oceania,Australia,AUS,96
PalnarTransmediaPvtLtd,http://www.palnarindia.com,"Thiruvananthapuram, India","$1,000+",$25 - $49 / hr,50 - 249,10%,Thiruvananthapuram,,India,Informado,Informado,249,50 - 249,Empresa mediana/ SME,SMB,AI Service residual,Empresa diversificada cuya participación de IA es limitada o residual,Asia,2,Asia,India,IND,441
Berge,https://www.berge.io/career/,"Gothenburg, Sweden","$10,000+",$100 - $149 / hr,50 - 249,10%,Gothenburg,,Sweden,Informado,Informado,249,50 - 249,Empresa mediana/ SME,SMB,AI Service residual,Empresa diversificada cuya participación de IA es limitada o residual,Europa,2,Europe,Sweden,SWE,7
ConversationLAB,https://www.conversationlab.com/,"Umhlanga, South Africa",Undisclosed,Undisclosed,50 - 249,10%,Umhlanga,,South Africa,No informado,No informado,249,50 - 249,Empresa mediana/ SME,SMB,AI Service residual,Empresa diversificada cuya participación de IA es limitada o residual,África,0,Africa,South Africa,ZAF,7
InformaticsforTechnologyLLC,https://www.informaticstec.com,"Muscat, Oman","$75,000+",Undisclosed,50 - 249,10%,Oman,,Oman,Informado,No informado,249,50 - 249,Empresa mediana/ SME,SMB,AI Service residual,Empresa diversificada cuya participación de IA es limitada o residual,Oriente Medio,1,Middle East,Oman,OMN,1
LawlorTechnologiesLtd,https://lawlortechnologies.com/,"Glasgow, United Kingdom",Undisclosed,Undisclosed,Freelancer,20%,Glasgow,,United Kingdom,No informado,No informado,0,No informado,No aplica,Freelancer,AI Service complementary, Empresa diversificada que ofrece IA como una línea de servicio complementaria,Europa,0,Europe,United Kingdom,GBR,304
iPhoneAppDevelopment,https://iphoneappdevelopment.company/,Panama,"$50,000+",Undisclosed,50 - 249,10%,Panama,,Panama,Informado,No informado,249,50 - 249,Empresa mediana/ SME,SMB,AI Service residual,Empresa diversificada cuya participación de IA es limitada o residual,Centroamérica,1,Central America,Panama,Panama,3
MedullusSystems,https://www.medullus.com/,"Morrisville, NC","$25,000+",$50 - $99 / hr,50 - 249,10%,Morrisville,NC,USA,Informado,Informado,249,50 - 249,Empresa mediana/ SME,SMB,AI Service residual,Empresa diversificada cuya participación de IA es limitada o residual,América del Norte,2,North America,USA,USA,917
"SoftthinkSolutions,Inc",https://www.softthink.com/stsi/,"Leesburg, VA",Undisclosed,Undisclosed,50 - 249,10%,Leesburg,VA,USA,No informado,No informado,249,50 - 249,Empresa mediana/ SME,SMB,AI Service residual,Empresa diversificada cuya participación de IA es limitada o residual,América del Norte,0,North America,USA,USA,917
Mahisoft,https://www.mahisoft.com,"San Clemente, CA",Undisclosed,Undisclosed,50 - 249,10%,San Clemente,CA,USA,No informado,No informado,249,50 - 249,Empresa mediana/ SME,SMB,AI Service residual,Empresa diversificada cuya participación de IA es limitada o residual,América del Norte,0,North America,USA,USA,917
CypheroxTechnologiesPvt.Ltd.,https://www.cypherox.com/,"Ahmedabad, India","$5,000+",< $25 / hr,50 - 249,10%,Ahmedabad,,India,Informado,Informado,249,50 - 249,Empresa mediana/ SME,SMB,AI Service residual,Empresa diversificada cuya participación de IA es limitada o residual,Asia,2,Asia,India,IND,441
WavelabsTechnologies,https://www.wavelabs.ai/,"Milpitas, CA","$25,000+",$25 - $49 / hr,50 - 249,10%,Milpitas,CA,USA,Informado,Informado,249,50 - 249,Empresa mediana/ SME,SMB,AI Service residual,Empresa diversificada cuya participación de IA es limitada o residual,América del Norte,2,North America,USA,USA,917
AbzerTechnologySolutions,https://www.abzer.com/,"دبي, United Arab Emirates","$1,000+",$25 - $49 / hr,50 - 249,10%,دبي,,United Arab Emirates,Informado,Informado,249,50 - 249,Empresa mediana/ SME,SMB,AI Service residual,Empresa diversificada cuya participación de IA es limitada o residual,Oriente Medio,2,Middle East,United Arab Emirates,ARE,39
MetaPhaseConsultingLLC,https://metaphaseconsulting.com/,"Reston, VA",Undisclosed,Undisclosed,50 - 249,10%,Reston,VA,USA,No informado,No informado,249,50 - 249,Empresa mediana/ SME,SMB,AI Service residual,Empresa diversificada cuya participación de IA es limitada o residual,América del Norte,0,North America,USA,USA,917
RawdataTechnologies,https://rawdatatech.com/,"Kochi, India",Undisclosed,Undisclosed,50 - 249,10%,Kochi,,India,No informado,No informado,249,50 - 249,Empresa mediana/ SME,SMB,AI Service residual,Empresa diversificada cuya participación de IA es limitada o residual,Asia,0,Asia,India,IND,441
INSPARKIntelligentBusinessSolutions,http://www.inspark.com,"Istanbul, Turkey","$1,000+",$100 - $149 / hr,10 - 49,10%,Istanbul,,Turkey,Informado,Informado,49,10 - 49,Empresa pequeña ,SMB,AI Service residual,Empresa diversificada cuya participación de IA es limitada o residual,Asia,2,Asia,Turkey,TUR,18
SeattleSoftwareDevelopers,http://www.seattlesoftwaredevelopers.com/,"Bellevue, WA","$10,000+",$100 - $149 / hr,10 - 49,10%,Bellevue,WA,USA,Informado,Informado,49,10 - 49,Empresa pequeña ,SMB,AI Service residual,Empresa diversificada cuya participación de IA es limitada o residual,América del Norte,2,North America,USA,USA,917
Artbees,https://www.artbees.co.uk/,"London, United Kingdom","$5,000+",$200 - $300 / hr,10 - 49,10%,London,,United Kingdom,Informado,Informado,49,10 - 49,Empresa pequeña ,SMB,AI Service residual,Empresa diversificada cuya participación de IA es limitada o residual,Europa,2,Europe,United Kingdom,GBR,304
OrbitalMedia,https://www.orbitalmedia.com/,"Stowmarket, United Kingdom","$25,000+",$150 - $199 / hr,10 - 49,10%,Stowmarket,,United Kingdom,Informado,Informado,49,10 - 49,Empresa pequeña ,SMB,AI Service residual,Empresa diversificada cuya participación de IA es limitada o residual,Europa,2,Europe,United Kingdom,GBR,304
Graph,https://graph.digital,"London, United Kingdom","$10,000+",$150 - $199 / hr,10 - 49,10%,London,,United Kingdom,Informado,Informado,49,10 - 49,Empresa pequeña ,SMB,AI Service residual,Empresa diversificada cuya participación de IA es limitada o residual,Europa,2,Europe,United Kingdom,GBR,304
ENTG,http://entg.co/,"Zagreb, Croatia","$1,000+",$50 - $99 / hr,10 - 49,10%,Zagreb,,Croatia,Informado,Informado,49,10 - 49,Empresa pequeña ,SMB,AI Service residual,Empresa diversificada cuya participación de IA es limitada o residual,Europa,2,Europe,Croatia,HRV,17
MagratheaLabs,http://www.magrathealabs.com/,"Joinville, Brazil","$10,000+",$25 - $49 / hr,10 - 49,10%,Joinville,,Brazil,Informado,Informado,49,10 - 49,Empresa pequeña ,SMB,AI Service residual,Empresa diversificada cuya participación de IA es limitada o residual,América del Sur,2,South America,Brazil,BRA,21
XylogComputerSystems,http://www.xylog.com.my,"Kuala Lumpur, Malaysia","$10,000+",$50 - $99 / hr,10 - 49,10%,Kuala Lumpur,,Malaysia,Informado,Informado,49,10 - 49,Empresa pequeña ,SMB,AI Service residual,Empresa diversificada cuya participación de IA es limitada o residual,Asia,2,Asia,Malaysia,MYS,8
VeryBigThings,http://www.verybigthings.com,"Fort Lauderdale, FL","$25,000+",$100 - $149 / hr,10 - 49,10%,Fort Lauderdale,FL,USA,Informado,Informado,49,10 - 49,Empresa pequeña ,SMB,AI Service residual,Empresa diversificada cuya participación de IA es limitada o residual,América del Norte,2,North America,USA,USA,917
OpenCrowd,https://opencrowd.com/,"New York, NY",Undisclosed,Undisclosed,10 - 49,10%,New York,NY,USA,No informado,No informado,49,10 - 49,Empresa pequeña ,SMB,AI Service residual,Empresa diversificada cuya participación de IA es limitada o residual,América del Norte,0,North America,USA,USA,917
SpiceFactory,http://www.spicefactory.co,"San Francisco, CA","$10,000+",$50 - $99 / hr,10 - 49,10%,San Francisco,CA,USA,Informado,Informado,49,10 - 49,Empresa pequeña ,SMB,AI Service residual,Empresa diversificada cuya participación de IA es limitada o residual,América del Norte,2,North America,USA,USA,917
CyberworxTechnologiesPvt.Ltd,http://www.cyberworx.in,"New Delhi, India","$1,000+",$100 - $149 / hr,10 - 49,10%,New Delhi,,India,Informado,Informado,49,10 - 49,Empresa pequeña ,SMB,AI Service residual,Empresa diversificada cuya participación de IA es limitada o residual,Asia,2,Asia,India,IND,441
AbalitTechnologies,https://www.abalit.org/,"New York, NY","$10,000+",$50 - $99 / hr,10 - 49,10%,New York,NY,USA,Informado,Informado,49,10 - 49,Empresa pequeña ,SMB,AI Service residual,Empresa diversificada cuya participación de IA es limitada o residual,América del Norte,2,North America,USA,USA,917
UniqueComputerSystems,https://www.ucssolutions.com/,"الشارقة, United Arab Emirates","$1,000+",$50 - $99 / hr,10 - 49,10%,الشارقة,,United Arab Emirates,Informado,Informado,49,10 - 49,Empresa pequeña ,SMB,AI Service residual,Empresa diversificada cuya participación de IA es limitada o residual,Oriente Medio,2,Middle East,United Arab Emirates,ARE,39
KopisMobile,http://kopismobile.com,"Flowood, MS","$10,000+",$50 - $99 / hr,10 - 49,10%,Flowood,MS,USA,Informado,Informado,49,10 - 49,Empresa pequeña ,SMB,AI Service residual,Empresa diversificada cuya participación de IA es limitada o residual,América del Norte,2,North America,USA,USA,917
BlockchainMind,https://blockchainmind.com/,"Toronto, Canada","$50,000+",$25 - $49 / hr,2 - 9,10%,Toronto,,Canada,Informado,Informado,9,2 - 9,Micro Empresa,SMB,AI Service residual,Empresa diversificada cuya participación de IA es limitada o residual,América del Norte,2,North America,Canada,CAN,126
NeuraMinds,https://neuraminds.com/,"Delhi, India","$1,000+",< $25 / hr,10 - 49,10%,Delhi,,India,Informado,Informado,49,10 - 49,Empresa pequeña ,SMB,AI Service residual,Empresa diversificada cuya participación de IA es limitada o residual,Asia,2,Asia,India,IND,441
UNXDigital,https://www.unxdigital.com/,"Córdoba, Argentina","$25,000+",$25 - $49 / hr,10 - 49,20%,Córdoba,,Argentina,Informado,Informado,49,10 - 49,Empresa pequeña ,SMB,AI Service complementary, Empresa diversificada que ofrece IA como una línea de servicio complementaria,América del Sur,2,South America,Argentina,ARG,29
TechinnoverAnalyticsLimited,https://techinnover.com,"Lagos, Nigeria",Undisclosed,Undisclosed,10 - 49,10%,Lagos,,Nigeria,No informado,No informado,49,10 - 49,Empresa pequeña ,SMB,AI Service residual,Empresa diversificada cuya participación de IA es limitada o residual,África,0,Africa,Nigeria,NGA,4
SoftAims,https://softaims.co.uk,"Manchester, United Kingdom","$1,000+",$25 - $49 / hr,10 - 49,10%,Manchester,,United Kingdom,Informado,Informado,49,10 - 49,Empresa pequeña ,SMB,AI Service residual,Empresa diversificada cuya participación de IA es limitada o residual,Europa,2,Europe,United Kingdom,GBR,304
HubrumTechnologiesInc,https://www.hubrum.com,"Santa Clara, CA","$5,000+",< $25 / hr,10 - 49,10%,Santa Clara,CA,USA,Informado,Informado,49,10 - 49,Empresa pequeña ,SMB,AI Service residual,Empresa diversificada cuya participación de IA es limitada o residual,América del Norte,2,North America,USA,USA,917
ForFarming,https://www.forfarming.co/,"İstanbul, Turkey",Undisclosed,Undisclosed,10 - 49,10%,İstanbul,,Turkey,No informado,No informado,49,10 - 49,Empresa pequeña ,SMB,AI Service residual,Empresa diversificada cuya participación de IA es limitada o residual,Asia,0,Asia,Turkey,TUR,18
Arsmoon,http://arsmoon.com,"Vinnytsia, Ukraine","$10,000+",$25 - $49 / hr,10 - 49,10%,Vinnytsia,,Ukraine,Informado,Informado,49,10 - 49,Empresa pequeña ,SMB,AI Service residual,Empresa diversificada cuya participación de IA es limitada o residual,Europa,2,Europe,Ukraine,UKR,92
ElizaSixtyFour,http://www.elizasixtyfour.com,"Manchester, United Kingdom",Undisclosed,Undisclosed,10 - 49,15%,Manchester,,United Kingdom,No informado,No informado,49,10 - 49,Empresa pequeña ,SMB,AI Service residual,Empresa diversificada cuya participación de IA es limitada o residual,Europa,0,Europe,United Kingdom,GBR,304
Kluren,https://www.kluren.com/,"Holon, Israel",Undisclosed,Undisclosed,10 - 49,15%,Holon,,Israel,No informado,No informado,49,10 - 49,Empresa pequeña ,SMB,AI Service residual,Empresa diversificada cuya participación de IA es limitada o residual,Oriente Medio,0,Middle East,Israel,ISR,10
HashConsultingGroup,https://www.the-hash.com,"Singapore, Singapore","$10,000+",$100 - $149 / hr,10 - 49,15%,Singapore,,Singapore,Informado,Informado,49,10 - 49,Empresa pequeña ,SMB,AI Service residual,Empresa diversificada cuya participación de IA es limitada o residual,Asia,2,Asia,Singapore,SGP,24
AximindStrategicSolutions,https://aximind.com/,"Bengaluru, India","$25,000+",< $25 / hr,10 - 49,15%,Bengaluru,,India,Informado,Informado,49,10 - 49,Empresa pequeña ,SMB,AI Service residual,Empresa diversificada cuya participación de IA es limitada o residual,Asia,2,Asia,India,IND,441
WindstarGames,https://windstargames.com,"Ahmedabad, India","$5,000+",$25 - $49 / hr,10 - 49,15%,Ahmedabad,,India,Informado,Informado,49,10 - 49,Empresa pequeña ,SMB,AI Service residual,Empresa diversificada cuya participación de IA es limitada o residual,Asia,2,Asia,India,IND,441
ForteInnovationConsulting,http://forteinnovation.mx/,Mexico,Undisclosed,Undisclosed,10 - 49,15%,Mexico,,Mexico,No informado,No informado,49,10 - 49,Empresa pequeña ,SMB,AI Service residual,Empresa diversificada cuya participación de IA es limitada o residual,América del Norte,0,North America,Mexico,MEX,31
PCHome,http://www.pch.mx/index.php,"Guadalupe, Mexico",Undisclosed,Undisclosed,10 - 49,15%,Guadalupe,,Mexico,No informado,No informado,49,10 - 49,Empresa pequeña ,SMB,AI Service residual,Empresa diversificada cuya participación de IA es limitada o residual,América del Norte,0,North America,Mexico,MEX,31
SpectrumFutureTechnology,https://www.spectrumft.com/,"Select City, India","$1,000+",$25 - $49 / hr,10 - 49,15%,Select City,,India,Informado,Informado,49,10 - 49,Empresa pequeña ,SMB,AI Service residual,Empresa diversificada cuya participación de IA es limitada o residual,Asia,2,Asia,India,IND,441
UCWIndustries,https://ucwindustries.com/,"London, United Kingdom",Undisclosed,Undisclosed,Freelancer,25%,London,,United Kingdom,No informado,No informado,0,No informado,No aplica,Freelancer,AI Service complementary, Empresa diversificada que ofrece IA como una línea de servicio complementaria,Europa,0,Europe,United Kingdom,GBR,304
PeraportLimitedCompany,http://www.peraport.net,"Istanbul, Turkey","$5,000+",$25 - $49 / hr,2 - 9,15%,Istanbul,,Turkey,Informado,Informado,9,2 - 9,Micro Empresa,SMB,AI Service residual,Empresa diversificada cuya participación de IA es limitada o residual,Asia,2,Asia,Turkey,TUR,18
Adbits,https://adbits.co.uk/,"London, United Kingdom",Undisclosed,Undisclosed,2 - 9,15%,London,,United Kingdom,No informado,No informado,9,2 - 9,Micro Empresa,SMB,AI Service residual,Empresa diversificada cuya participación de IA es limitada o residual,Europa,0,Europe,United Kingdom,GBR,304
Outpost,https://outpost.rs/,"Beograd, Serbia","$5,000+",$25 - $49 / hr,2 - 9,15%,Beograd,,Serbia,Informado,Informado,9,2 - 9,Micro Empresa,SMB,AI Service residual,Empresa diversificada cuya participación de IA es limitada o residual,Europa,2,Europe,Serbia,SRB,13
OpThink,https://opthink.com,"Budapest, Hungary","$1,000+",$25 - $49 / hr,2 - 9,15%,Budapest,,Hungary,Informado,Informado,9,2 - 9,Micro Empresa,SMB,AI Service residual,Empresa diversificada cuya participación de IA es limitada o residual,Europa,2,Europe,Hungary,HUN,6
TaleAboutData,http://www.taleaboutdata.com,"Berlin, Germany","$10,000+",Undisclosed,2 - 9,15%,Berlin,,Germany,Informado,No informado,9,2 - 9,Micro Empresa,SMB,AI Service residual,Empresa diversificada cuya participación de IA es limitada o residual,Europa,1,Europe,Germany,DEU,47
FliarBusinessIntelligencePvtLtd,https://fliarbi.com,"New Delhi, India","$1,000+",$25 - $49 / hr,2 - 9,15%,New Delhi,,India,Informado,Informado,9,2 - 9,Micro Empresa,SMB,AI Service residual,Empresa diversificada cuya participación de IA es limitada o residual,Asia,2,Asia,India,IND,441
LiveRecruiter,https://liverecruiter.com/,"Toronto, Canada",Undisclosed,Undisclosed,2 - 9,15%,Toronto,,Canada,No informado,No informado,9,2 - 9,Micro Empresa,SMB,AI Service residual,Empresa diversificada cuya participación de IA es limitada o residual,América del Norte,0,North America,Canada,CAN,126
GLSLabs,http://glslabs.com/,"Cartago, Costa Rica",Undisclosed,Undisclosed,2 - 9,15%,Cartago,,Costa Rica,No informado,No informado,9,2 - 9,Micro Empresa,SMB,AI Service residual,Empresa diversificada cuya participación de IA es limitada o residual,Centroamérica,0,Central America,Costa Rica,Costa Rica,9
KnightfoxAppDesignLtd.,https://knightfoxapps.com,"Kingston 6, Jamaica","$5,000+",Undisclosed,10 - 49,10%,Kingston 6,,Jamaica,Informado,No informado,49,10 - 49,Empresa pequeña ,SMB,AI Service residual,Empresa diversificada cuya participación de IA es limitada o residual,Centroamérica,1,Central America,Jamaica,Jamaica,1
JASStekInc,https://www.jasstek.com,"Dublin, OH","$5,000+",< $25 / hr,50 - 249,10%,Dublin,OH,USA,Informado,Informado,249,50 - 249,Empresa mediana/ SME,SMB,AI Service residual,Empresa diversificada cuya participación de IA es limitada o residual,América del Norte,2,North America,USA,USA,917
VirusPositiveTechnologies,http://www.viruspositive.com,"Gurugram, India","$1,000+",< $25 / hr,50 - 249,10%,Gurugram,,India,Informado,Informado,249,50 - 249,Empresa mediana/ SME,SMB,AI Service residual,Empresa diversificada cuya participación de IA es limitada o residual,Asia,2,Asia,India,IND,441
AppIncubator,https://www.appincubator.io,"San Francisco, CA","$10,000+",$50 - $99 / hr,50 - 249,10%,San Francisco,CA,USA,Informado,Informado,249,50 - 249,Empresa mediana/ SME,SMB,AI Service residual,Empresa diversificada cuya participación de IA es limitada o residual,América del Norte,2,North America,USA,USA,917
SteinfeldLegal,https://steinfeldlegal.com/about/,"Kraków, Poland","$1,000+",< $25 / hr,50 - 249,20%,Kraków,,Poland,Informado,Informado,249,50 - 249,Empresa mediana/ SME,SMB,AI Service complementary, Empresa diversificada que ofrece IA como una línea de servicio complementaria,Europa,2,Europe,Poland,POL,147
DigiscapeTechSolutionsLtd.,https://www.digiscapetech.com,"Noida, India","$10,000+",< $25 / hr,50 - 249,20%,Noida,,India,Informado,Informado,249,50 - 249,Empresa mediana/ SME,SMB,AI Service complementary, Empresa diversificada que ofrece IA como una línea de servicio complementaria,Asia,2,Asia,India,IND,441
CosmicLensConsulting,http://www.cosmiclensconsulting.com,"Glendale, CA","$1,000+",$200 - $300 / hr,Freelancer,40%,Glendale,CA,USA,Informado,Informado,0,No informado,No aplica,Freelancer,AI Service complementary, Empresa diversificada que ofrece IA como una línea de servicio complementaria,América del Norte,2,North America,USA,USA,917
LobsterTechnologies,https://www.lobstertechnologies.net/,"Tigard, OR","$25,000+",$100 - $149 / hr,50 - 249,20%,Tigard,OR,USA,Informado,Informado,249,50 - 249,Empresa mediana/ SME,SMB,AI Service complementary, Empresa diversificada que ofrece IA como una línea de servicio complementaria,América del Norte,2,North America,USA,USA,917
iSleak,https://isleak.com/,"Los Angeles, CA","$10,000+",$25 - $49 / hr,50 - 249,20%,Los Angeles,CA,USA,Informado,Informado,249,50 - 249,Empresa mediana/ SME,SMB,AI Service complementary, Empresa diversificada que ofrece IA como una línea de servicio complementaria,América del Norte,2,North America,USA,USA,917
NickelRedSolutions(Pvt)Ltd.,https://nickelredsolutions.com,"München, Germany","$250,000+",$200 - $300 / hr,"1,000 - 9,999",10%,München,,Germany,Informado,Informado,9999,1000 - 9999,Empresa grande /fuera SM,Enterprise,AI Service residual,Empresa diversificada cuya participación de IA es limitada o residual,Europa,2,Europe,Germany,DEU,47
Datasack,https://datasack.in,"Karur, India","$1,000+",< $25 / hr,50 - 249,20%,Karur,,India,Informado,Informado,249,50 - 249,Empresa mediana/ SME,SMB,AI Service complementary, Empresa diversificada que ofrece IA como una línea de servicio complementaria,Asia,2,Asia,India,IND,441
KMSHealthcare,https://kms-healthcare.com,"Atlanta, GA",Undisclosed,Undisclosed,"1,000 - 9,999",10%,Atlanta,GA,USA,No informado,No informado,9999,1000 - 9999,Empresa grande /fuera SM,Enterprise,AI Service residual,Empresa diversificada cuya participación de IA es limitada o residual,América del Norte,0,North America,USA,USA,917
aNumak&Company,https://www.anumak.ai/,"Bengaluru, India",Undisclosed,Undisclosed,50 - 249,20%,Bengaluru,,India,No informado,No informado,249,50 - 249,Empresa mediana/ SME,SMB,AI Service complementary, Empresa diversificada que ofrece IA como una línea de servicio complementaria,Asia,0,Asia,India,IND,441
LivaresTechnologies,http://www.livares.com,"Thiruvananthapuram, India",Undisclosed,$25 - $49 / hr,10 - 49,10%,Thiruvananthapuram,,India,No informado,Informado,49,10 - 49,Empresa pequeña ,SMB,AI Service residual,Empresa diversificada cuya participación de IA es limitada o residual,Asia,1,Asia,India,IND,441
RollerAgency,https://rolleragency.co.uk/,"Nottingham, United Kingdom","$10,000+",$150 - $199 / hr,10 - 49,10%,Nottingham,,United Kingdom,Informado,Informado,49,10 - 49,Empresa pequeña ,SMB,AI Service residual,Empresa diversificada cuya participación de IA es limitada o residual,Europa,2,Europe,United Kingdom,GBR,304
Afternow,https://www.afternow.io/,"Culver City, CA","$5,000+",$100 - $149 / hr,10 - 49,10%,Culver City,CA,USA,Informado,Informado,49,10 - 49,Empresa pequeña ,SMB,AI Service residual,Empresa diversificada cuya participación de IA es limitada o residual,América del Norte,2,North America,USA,USA,917
WAAVISTUDIOS.L.,http://waavi.com,"Madrid, Spain","$10,000+",$50 - $99 / hr,10 - 49,10%,Madrid,,Spain,Informado,Informado,49,10 - 49,Empresa pequeña ,SMB,AI Service residual,Empresa diversificada cuya participación de IA es limitada o residual,Europa,2,Europe,Spain,ESP,29
TechIntegrityServices,http://www.techintegrity.in,"Rajkot, India",Undisclosed,< $25 / hr,10 - 49,10%,Rajkot,,India,No informado,Informado,49,10 - 49,Empresa pequeña ,SMB,AI Service residual,Empresa diversificada cuya participación de IA es limitada o residual,Asia,1,Asia,India,IND,441
BesterCapitalMedia,https://bestercapitalmedia.com,"Dubai, United Arab Emirates",Undisclosed,Undisclosed,10 - 49,10%,Dubai,,United Arab Emirates,No informado,No informado,49,10 - 49,Empresa pequeña ,SMB,AI Service residual,Empresa diversificada cuya participación de IA es limitada o residual,Oriente Medio,0,Middle East,United Arab Emirates,ARE,39
FulcrumConsulting,http://www.fulcrumconsult.com,"Minneapolis, MN",Undisclosed,Undisclosed,10 - 49,10%,Minneapolis,MN,USA,No informado,No informado,49,10 - 49,Empresa pequeña ,SMB,AI Service residual,Empresa diversificada cuya participación de IA es limitada o residual,América del Norte,0,North America,USA,USA,917
RubiraldCommunications,https://www.rubirald.com,"Lagos, Nigeria","$1,000+",$25 - $49 / hr,10 - 49,10%,Lagos,,Nigeria,Informado,Informado,49,10 - 49,Empresa pequeña ,SMB,AI Service residual,Empresa diversificada cuya participación de IA es limitada o residual,África,2,Africa,Nigeria,NGA,4
RemedyOne,https://www.remedyone.com,"Carlsbad, CA","$25,000+",$100 - $149 / hr,10 - 49,10%,Carlsbad,CA,USA,Informado,Informado,49,10 - 49,Empresa pequeña ,SMB,AI Service residual,Empresa diversificada cuya participación de IA es limitada o residual,América del Norte,2,North America,USA,USA,917
Qusion,http://www.qusion.com,"Praha, Czech Republic","$5,000+",$50 - $99 / hr,10 - 49,10%,Praha,,Czech Republic,Informado,Informado,49,10 - 49,Empresa pequeña ,SMB,AI Service residual,Empresa diversificada cuya participación de IA es limitada o residual,Europa,2,Europe,Czech Republic,CZE,24
Codvo,https://www.codvo.ai/,"Plano, TX",Undisclosed,Undisclosed,50 - 249,10%,Plano,TX,USA,No informado,No informado,249,50 - 249,Empresa mediana/ SME,SMB,AI Service residual,Empresa diversificada cuya participación de IA es limitada o residual,América del Norte,0,North America,USA,USA,917
THTG,http://thtg.eu/,"Poznań, Poland","$5,000+",$25 - $49 / hr,10 - 49,10%,Poznań,,Poland,Informado,Informado,49,10 - 49,Empresa pequeña ,SMB,AI Service residual,Empresa diversificada cuya participación de IA es limitada o residual,Europa,2,Europe,Poland,POL,147
NGWorkshop,https://www.en.ngworkshop.co.il/,"Yokne'am Illit, Israel","$5,000+",$25 - $49 / hr,10 - 49,10%,Yokne'am Illit,,Israel,Informado,Informado,49,10 - 49,Empresa pequeña ,SMB,AI Service residual,Empresa diversificada cuya participación de IA es limitada o residual,Oriente Medio,2,Middle East,Israel,ISR,10
Quantumsoftech,https://www.quantumsoftech.com/,"Palo Alto, CA","$5,000+",$25 - $49 / hr,10 - 49,10%,Palo Alto,CA,USA,Informado,Informado,49,10 - 49,Empresa pequeña ,SMB,AI Service residual,Empresa diversificada cuya participación de IA es limitada o residual,América del Norte,2,North America,USA,USA,917
StarshotSoftware,https://www.starshotsoftware.com/,"Lleida, Spain","$10,000+",$25 - $49 / hr,10 - 49,10%,Lleida,,Spain,Informado,Informado,49,10 - 49,Empresa pequeña ,SMB,AI Service residual,Empresa diversificada cuya participación de IA es limitada o residual,Europa,2,Europe,Spain,ESP,29
AlluaLimited,https://www.alluatech.com/,"Hong Kong, Hong Kong","$5,000+",$100 - $149 / hr,10 - 49,10%,Hong Kong,,Hong Kong,Informado,Informado,49,10 - 49,Empresa pequeña ,SMB,AI Service residual,Empresa diversificada cuya participación de IA es limitada o residual,Asia,2,Asia,Hong Kong,HKG,12
BrainStemTechnologiesPvtLtd,http://www.brainstemindia.com,"Jaipur, India","$5,000+",$50 - $99 / hr,10 - 49,10%,Jaipur,,India,Informado,Informado,49,10 - 49,Empresa pequeña ,SMB,AI Service residual,Empresa diversificada cuya participación de IA es limitada o residual,Asia,2,Asia,India,IND,441
eLinkBusinessInnovations,http://www.elink.bz,"Jacksonville, FL",Undisclosed,$100 - $149 / hr,50 - 249,10%,Jacksonville,FL,USA,No informado,Informado,249,50 - 249,Empresa mediana/ SME,SMB,AI Service residual,Empresa diversificada cuya participación de IA es limitada o residual,América del Norte,1,North America,USA,USA,917
aximsoft,https://www.aximsoft.com,"San Ramon, CA",Undisclosed,Undisclosed,50 - 249,10%,San Ramon,CA,USA,No informado,No informado,249,50 - 249,Empresa mediana/ SME,SMB,AI Service residual,Empresa diversificada cuya participación de IA es limitada o residual,América del Norte,0,North America,USA,USA,917
VoxtronMiddleEast,https://www.voxtronme.com,"Dubai, United Arab Emirates","$5,000+",$25 - $49 / hr,50 - 249,10%,Dubai,,United Arab Emirates,Informado,Informado,249,50 - 249,Empresa mediana/ SME,SMB,AI Service residual,Empresa diversificada cuya participación de IA es limitada o residual,Oriente Medio,2,Middle East,United Arab Emirates,ARE,39
AllianzeGcc,https://www.allianzegcc.com/,"Dubai, United Arab Emirates","$1,000+",< $25 / hr,50 - 249,10%,Dubai,,United Arab Emirates,Informado,Informado,249,50 - 249,Empresa mediana/ SME,SMB,AI Service residual,Empresa diversificada cuya participación de IA es limitada o residual,Oriente Medio,2,Middle East,United Arab Emirates,ARE,39
SaaSToday,https://www.expounddigital.com/,"Noida, India","$1,000+",$25 - $49 / hr,50 - 249,10%,Noida,,India,Informado,Informado,249,50 - 249,Empresa mediana/ SME,SMB,AI Service residual,Empresa diversificada cuya participación de IA es limitada o residual,Asia,2,Asia,India,IND,441
LeadRebel,https://leadrebel.io/,"Sursee, Switzerland",Undisclosed,$100 - $149 / hr,2 - 9,10%,Sursee,,Switzerland,No informado,Informado,9,2 - 9,Micro Empresa,SMB,AI Service residual,Empresa diversificada cuya participación de IA es limitada o residual,Europa,1,Europe,Switzerland,CHE,21
SchlachterInformatikGmbH,https://www.schlachter.tech,"Dresden, Germany",Undisclosed,Undisclosed,2 - 9,10%,Dresden,,Germany,No informado,No informado,9,2 - 9,Micro Empresa,SMB,AI Service residual,Empresa diversificada cuya participación de IA es limitada o residual,Europa,0,Europe,Germany,DEU,47
EnquraInformationTechnologies,http://www.enqura.com,"İstanbul, Turkey","$1,000+",Undisclosed,50 - 249,10%,İstanbul,,Turkey,Informado,No informado,249,50 - 249,Empresa mediana/ SME,SMB,AI Service residual,Empresa diversificada cuya participación de IA es limitada o residual,Asia,1,Asia,Turkey,TUR,18
OneStopDevShop,https://onestopdevshop.io/,"Bagnes, Switzerland","$1,000+",$50 - $99 / hr,50 - 249,10%,Bagnes,,Switzerland,Informado,Informado,249,50 - 249,Empresa mediana/ SME,SMB,AI Service residual,Empresa diversificada cuya participación de IA es limitada o residual,Europa,2,Europe,Switzerland,CHE,21
AussieDigitalBusinesssystems,https://www.adbsystems.com.au,"Melbourne, Australia","$25,000+",$50 - $99 / hr,50 - 249,10%,Melbourne,,Australia,Informado,Informado,249,50 - 249,Empresa mediana/ SME,SMB,AI Service residual,Empresa diversificada cuya participación de IA es limitada o residual,Oceanía,2,Oceania,Australia,AUS,96
SignaTechServicesPrivateLimited,https://signatech.com/,"New Berlin, WI","$1,000+",< $25 / hr,50 - 249,10%,New Berlin,WI,USA,Informado,Informado,249,50 - 249,Empresa mediana/ SME,SMB,AI Service residual,Empresa diversificada cuya participación de IA es limitada o residual,América del Norte,2,North America,USA,USA,917
AiroGlobalSoftwareInc,https://airoglobal.com/,"Kochi, India","$5,000+",$50 - $99 / hr,50 - 249,10%,Kochi,,India,Informado,Informado,249,50 - 249,Empresa mediana/ SME,SMB,AI Service residual,Empresa diversificada cuya participación de IA es limitada o residual,Asia,2,Asia,India,IND,441
VivasoftLtd,http://vivasoftltd.com,"Dhaka, Bangladesh","$10,000+",$25 - $49 / hr,50 - 249,10%,Dhaka,,Bangladesh,Informado,Informado,249,50 - 249,Empresa mediana/ SME,SMB,AI Service residual,Empresa diversificada cuya participación de IA es limitada o residual,Asia,2,Asia,Bangladesh,BGD,19
Covizmo,https://www.covizmo.com/,"København, Denmark","$5,000+",Undisclosed,50 - 249,10%,København,,Denmark,Informado,No informado,249,50 - 249,Empresa mediana/ SME,SMB,AI Service residual,Empresa diversificada cuya participación de IA es limitada o residual,Europa,1,Europe,Denmark,DNK,6
AbsoluteSolutions,https://ab-sol.net/,"Naples, FL","$1,000+",$25 - $49 / hr,Freelancer,20%,Naples,FL,USA,Informado,Informado,0,No informado,No aplica,Freelancer,AI Service complementary, Empresa diversificada que ofrece IA como una línea de servicio complementaria,América del Norte,2,North America,USA,USA,917
AppTec,https://apptec.com.mx,"Ciudad de México, Mexico","$5,000+",$50 - $99 / hr,50 - 249,10%,Ciudad de México,,Mexico,Informado,Informado,249,50 - 249,Empresa mediana/ SME,SMB,AI Service residual,Empresa diversificada cuya participación de IA es limitada o residual,América del Norte,2,North America,Mexico,MEX,31
PhoenixConsultants,http://www.phoenixconsultants.co/,"Bangalore, India",Undisclosed,Undisclosed,50 - 249,10%,Bangalore,,India,No informado,No informado,249,50 - 249,Empresa mediana/ SME,SMB,AI Service residual,Empresa diversificada cuya participación de IA es limitada o residual,Asia,0,Asia,India,IND,441
CloudLink,https://cloudlink.us,"Casablanca, Morocco","$1,000+",$100 - $149 / hr,50 - 249,10%,Casablanca,,Morocco,Informado,Informado,249,50 - 249,Empresa mediana/ SME,SMB,AI Service residual,Empresa diversificada cuya participación de IA es limitada o residual,África,2,Africa,Morocco,MAR,3
EmilencePvt.Ltd.,https://emilence.com/,"Sahibzada Ajit Singh Nagar, India","$5,000+",< $25 / hr,10 - 49,10%,Sahibzada Ajit Singh Nagar,,India,Informado,Informado,49,10 - 49,Empresa pequeña ,SMB,AI Service residual,Empresa diversificada cuya participación de IA es limitada o residual,Asia,2,Asia,India,IND,441
TresAstronautas/ThreeAstronauts,https://tresastronautas.com,"Medellín, Colombia","$10,000+",$25 - $49 / hr,10 - 49,10%,Medellín,,Colombia,Informado,Informado,49,10 - 49,Empresa pequeña ,SMB,AI Service residual,Empresa diversificada cuya participación de IA es limitada o residual,América del Sur,2,South America,Colombia,COL,43
codephilics,https://codephilics.com/,"Dhaka, Bangladesh","$1,000+",$50 - $99 / hr,2 - 9,25%,Dhaka,,Bangladesh,Informado,Informado,9,2 - 9,Micro Empresa,SMB,AI Service complementary, Empresa diversificada que ofrece IA como una línea de servicio complementaria,Asia,2,Asia,Bangladesh,BGD,19
PrematixSoftwareSolutionPrivateLimited,https://prematix.com/,"Dharga, India","$1,000+",$25 - $49 / hr,50 - 249,10%,Dharga,,India,Informado,Informado,249,50 - 249,Empresa mediana/ SME,SMB,AI Service residual,Empresa diversificada cuya participación de IA es limitada o residual,Asia,2,Asia,India,IND,441
LazuliteTechnologyServicesLLC,https://lazulite.ae,"Dubai, United Arab Emirates","$1,000+",$50 - $99 / hr,10 - 49,10%,Dubai,,United Arab Emirates,Informado,Informado,49,10 - 49,Empresa pequeña ,SMB,AI Service residual,Empresa diversificada cuya participación de IA es limitada o residual,Oriente Medio,2,Middle East,United Arab Emirates,ARE,39
BlueRivalSoftware,https://bluerival.com,"Castle Rock, CO","$25,000+",$100 - $149 / hr,10 - 49,10%,Castle Rock,CO,USA,Informado,Informado,49,10 - 49,Empresa pequeña ,SMB,AI Service residual,Empresa diversificada cuya participación de IA es limitada o residual,América del Norte,2,North America,USA,USA,917
AkoodeTechnology,http://www.akoode.com,"Gurugram, India","$10,000+",$25 - $49 / hr,10 - 49,10%,Gurugram,,India,Informado,Informado,49,10 - 49,Empresa pequeña ,SMB,AI Service residual,Empresa diversificada cuya participación de IA es limitada o residual,Asia,2,Asia,India,IND,441
Smartinfologiks,https://www.smartinfologiks.com/,"Navi Mumbai, India",Undisclosed,Undisclosed,50 - 249,10%,Navi Mumbai,,India,No informado,No informado,249,50 - 249,Empresa mediana/ SME,SMB,AI Service residual,Empresa diversificada cuya participación de IA es limitada o residual,Asia,0,Asia,India,IND,441
Giroux,https://giroux.co.uk/,"London, United Kingdom","$1,000+",$50 - $99 / hr,10 - 49,10%,London,,United Kingdom,Informado,Informado,49,10 - 49,Empresa pequeña ,SMB,AI Service residual,Empresa diversificada cuya participación de IA es limitada o residual,Europa,2,Europe,United Kingdom,GBR,304
InterScale,https://interscale.io,"Washington, DC",Undisclosed,Undisclosed,10 - 49,10%,Washington,,USA,No informado,No informado,49,10 - 49,Empresa pequeña ,SMB,AI Service residual,Empresa diversificada cuya participación de IA es limitada o residual,América del Norte,0,North America,USA,USA,917
AIGTechnologies,http://www.aigtechnologies.in,"Noida, India",Undisclosed,Undisclosed,10 - 49,10%,Noida,,India,No informado,No informado,49,10 - 49,Empresa pequeña ,SMB,AI Service residual,Empresa diversificada cuya participación de IA es limitada o residual,Asia,0,Asia,India,IND,441
ITLab,http://www.itlab.cz,"Prague, Czech Republic","$5,000+",$50 - $99 / hr,10 - 49,10%,Prague,,Czech Republic,Informado,Informado,49,10 - 49,Empresa pequeña ,SMB,AI Service residual,Empresa diversificada cuya participación de IA es limitada o residual,Europa,2,Europe,Czech Republic,CZE,24
Symantra,https://www.symantra.com/,"Woluwe-Saint-Pierre, Belgium","$5,000+",$100 - $149 / hr,10 - 49,10%,Woluwe-Saint-Pierre,,Belgium,Informado,Informado,49,10 - 49,Empresa pequeña ,SMB,AI Service residual,Empresa diversificada cuya participación de IA es limitada o residual,Europa,2,Europe,Belgium,BEL,5
ArtyllectConsulting,http://www.artyllect.com,"San Francisco, CA","$50,000+",$200 - $300 / hr,10 - 49,10%,San Francisco,CA,USA,Informado,Informado,49,10 - 49,Empresa pequeña ,SMB,AI Service residual,Empresa diversificada cuya participación de IA es limitada o residual,América del Norte,2,North America,USA,USA,917
FourPlayers,http://www.fourplayers.com.ar,"Buenos Aires, Argentina","$1,000+",$25 - $49 / hr,10 - 49,10%,Buenos Aires,,Argentina,Informado,Informado,49,10 - 49,Empresa pequeña ,SMB,AI Service residual,Empresa diversificada cuya participación de IA es limitada o residual,América del Sur,2,South America,Argentina,ARG,29
Devolve,http://www.devolve.ca/,"Calgary, Canada",Undisclosed,< $25 / hr,10 - 49,10%,Calgary,,Canada,No informado,Informado,49,10 - 49,Empresa pequeña ,SMB,AI Service residual,Empresa diversificada cuya participación de IA es limitada o residual,América del Norte,1,North America,Canada,CAN,126
LemonAdvertising&Publishing,http://lemonadverts.com/,"Dubai, United Arab Emirates",Undisclosed,Undisclosed,10 - 49,10%,Dubai,,United Arab Emirates,No informado,No informado,49,10 - 49,Empresa pequeña ,SMB,AI Service residual,Empresa diversificada cuya participación de IA es limitada o residual,Oriente Medio,0,Middle East,United Arab Emirates,ARE,39
IntegrationAlphaGmbH,http://www.integrationalpha.com,"Cham, Switzerland",Undisclosed,Undisclosed,10 - 49,10%,Cham,,Switzerland,No informado,No informado,49,10 - 49,Empresa pequeña ,SMB,AI Service residual,Empresa diversificada cuya participación de IA es limitada o residual,Europa,0,Europe,Switzerland,CHE,21
TIKAJ,https://www.tikaj.com,"Gurugram, India","$5,000+",$50 - $99 / hr,10 - 49,10%,Gurugram,,India,Informado,Informado,49,10 - 49,Empresa pequeña ,SMB,AI Service residual,Empresa diversificada cuya participación de IA es limitada o residual,Asia,2,Asia,India,IND,441
Marionete,https://marionete.co.uk/,"London, United Kingdom","$25,000+",$50 - $99 / hr,10 - 49,10%,London,,United Kingdom,Informado,Informado,49,10 - 49,Empresa pequeña ,SMB,AI Service residual,Empresa diversificada cuya participación de IA es limitada o residual,Europa,2,Europe,United Kingdom,GBR,304
FromLabsPte.Ltd.,http://www.fromlabs.com,"Singapore, Singapore","$1,000+",Undisclosed,10 - 49,10%,Singapore,,Singapore,Informado,No informado,49,10 - 49,Empresa pequeña ,SMB,AI Service residual,Empresa diversificada cuya participación de IA es limitada o residual,Asia,1,Asia,Singapore,SGP,24
SixthSenseITSolutions,https://sixthsenseit.com,"Indore, India","$5,000+",$25 - $49 / hr,10 - 49,10%,Indore,,India,Informado,Informado,49,10 - 49,Empresa pequeña ,SMB,AI Service residual,Empresa diversificada cuya participación de IA es limitada o residual,Asia,2,Asia,India,IND,441
WavefrontTechnologiesPrivateLimited,https://wavefrontech.com,"Coimbatore, India","$1,000+",$50 - $99 / hr,10 - 49,10%,Coimbatore,,India,Informado,Informado,49,10 - 49,Empresa pequeña ,SMB,AI Service residual,Empresa diversificada cuya participación de IA es limitada o residual,Asia,2,Asia,India,IND,441
SUPERHOW?,https://superhow.com,"Vilnius, Lithuania","$75,000+",$50 - $99 / hr,10 - 49,10%,Lithuania,,Lithuania,Informado,Informado,49,10 - 49,Empresa pequeña ,SMB,AI Service residual,Empresa diversificada cuya participación de IA es limitada o residual,Europa,2,Europe,Lithuania,LTU,12
NumeroUnoInformatica,http://www.numerounosrl.it,"Arezzo, Italy","$5,000+",$25 - $49 / hr,10 - 49,10%,Arezzo,,Italy,Informado,Informado,49,10 - 49,Empresa pequeña ,SMB,AI Service residual,Empresa diversificada cuya participación de IA es limitada o residual,Europa,2,Europe,Italy,ITA,18
InnovalabsTechnologies,https://innovalabs.tech,"New York, NY","$10,000+",$25 - $49 / hr,10 - 49,10%,New York,NY,USA,Informado,Informado,49,10 - 49,Empresa pequeña ,SMB,AI Service residual,Empresa diversificada cuya participación de IA es limitada o residual,América del Norte,2,North America,USA,USA,917
Gensoft,https://gensoftgroup.com,"New York, NY","$1,000+",$25 - $49 / hr,10 - 49,10%,New York,NY,USA,Informado,Informado,49,10 - 49,Empresa pequeña ,SMB,AI Service residual,Empresa diversificada cuya participación de IA es limitada o residual,América del Norte,2,North America,USA,USA,917
LePolishBureau,https://lepolishbureau.com,"Łódź, Poland","$25,000+",$50 - $99 / hr,10 - 49,10%,Łódź,,Poland,Informado,Informado,49,10 - 49,Empresa pequeña ,SMB,AI Service residual,Empresa diversificada cuya participación de IA es limitada o residual,Europa,2,Europe,Poland,POL,147
Epi-interactive,http://www.epi-interactive.com/,"Wellington, United Kingdom",Undisclosed,Undisclosed,10 - 49,10%,Wellington,,United Kingdom,No informado,No informado,49,10 - 49,Empresa pequeña ,SMB,AI Service residual,Empresa diversificada cuya participación de IA es limitada o residual,Europa,0,Europe,United Kingdom,GBR,304
RevaaloLabs,https://revaalolabs.com/,"Bengaluru, India",Undisclosed,Undisclosed,2 - 9,15%,Bengaluru,,India,No informado,No informado,9,2 - 9,Micro Empresa,SMB,AI Service residual,Empresa diversificada cuya participación de IA es limitada o residual,Asia,0,Asia,India,IND,441
PixelSymmetryInc,https://pixelsymmetry.com,"Beverly Hills, CA","$10,000+",$100 - $149 / hr,2 - 9,10%,Beverly Hills,CA,USA,Informado,Informado,9,2 - 9,Micro Empresa,SMB,AI Service residual,Empresa diversificada cuya participación de IA es limitada o residual,América del Norte,2,North America,USA,USA,917
EmpiricaFinland,https://www.empirica.fi/en/empirica-finland-2/,"Turku, Finland","$1,000+",$50 - $99 / hr,2 - 9,10%,Turku,,Finland,Informado,Informado,9,2 - 9,Micro Empresa,SMB,AI Service residual,Empresa diversificada cuya participación de IA es limitada o residual,Europa,2,Europe,Finland,FIN,7
Cloudstate/Chmurowisko,http://www.cloudstate.eu,"Warszawa, Poland","$1,000+",$50 - $99 / hr,10 - 49,10%,Warszawa,,Poland,Informado,Informado,49,10 - 49,Empresa pequeña ,SMB,AI Service residual,Empresa diversificada cuya participación de IA es limitada o residual,Europa,2,Europe,Poland,POL,147
BamsTechnologiesPrivateLimited,https://bamstechnologies.com,"Kazhakkoottam, India","$5,000+",$25 - $49 / hr,50 - 249,10%,Kazhakkoottam,,India,Informado,Informado,249,50 - 249,Empresa mediana/ SME,SMB,AI Service residual,Empresa diversificada cuya participación de IA es limitada o residual,Asia,2,Asia,India,IND,441
Fintricity,http://www.fintricity.com/,"London, United Kingdom","$1,000+",$100 - $149 / hr,2 - 9,10%,London,,United Kingdom,Informado,Informado,9,2 - 9,Micro Empresa,SMB,AI Service residual,Empresa diversificada cuya participación de IA es limitada o residual,Europa,2,Europe,United Kingdom,GBR,304
LiquidSkyPtyLtd,http://www.chiefdreamer.com/,"Annecy, France","$5,000+",$50 - $99 / hr,2 - 9,10%,Annecy,,France,Informado,Informado,9,2 - 9,Micro Empresa,SMB,AI Service residual,Empresa diversificada cuya participación de IA es limitada o residual,Europa,2,Europe,France,FRA,14
RedAxle,https://redaxle.com,"Chicago, IL","$25,000+",Undisclosed,2 - 9,10%,Chicago,IL,USA,Informado,No informado,9,2 - 9,Micro Empresa,SMB,AI Service residual,Empresa diversificada cuya participación de IA es limitada o residual,América del Norte,1,North America,USA,USA,917
ToruInteractive,https://www.toruinteractive.com,"Northampton, United Kingdom",Undisclosed,Undisclosed,2 - 9,10%,Northampton,,United Kingdom,No informado,No informado,9,2 - 9,Micro Empresa,SMB,AI Service residual,Empresa diversificada cuya participación de IA es limitada o residual,Europa,0,Europe,United Kingdom,GBR,304
TrinusCorporation,https://trinus.com/,"Pasadena, CA",Undisclosed,Undisclosed,2 - 9,10%,Pasadena,CA,USA,No informado,No informado,9,2 - 9,Micro Empresa,SMB,AI Service residual,Empresa diversificada cuya participación de IA es limitada o residual,América del Norte,0,North America,USA,USA,917
TransformInteractive,http://www.transforminteractive.com,"North Bay, Canada","$10,000+",$100 - $149 / hr,2 - 9,10%,North Bay,,Canada,Informado,Informado,9,2 - 9,Micro Empresa,SMB,AI Service residual,Empresa diversificada cuya participación de IA es limitada o residual,América del Norte,2,North America,Canada,CAN,126
BrigitaSolutionsPvtLtd,https://brigita.co,"Coimbatore, India","$1,000+",< $25 / hr,10 - 49,11%,Coimbatore,,India,Informado,Informado,49,10 - 49,Empresa pequeña ,SMB,AI Service residual,Empresa diversificada cuya participación de IA es limitada o residual,Asia,2,Asia,India,IND,441
BlackSquareMedia,https://blacksquaremedia.com,"London, United Kingdom","$50,000+",$50 - $99 / hr,2 - 9,15%,London,,United Kingdom,Informado,Informado,9,2 - 9,Micro Empresa,SMB,AI Service residual,Empresa diversificada cuya participación de IA es limitada o residual,Europa,2,Europe,United Kingdom,GBR,304
CoexistMedia,https://coexist.media,"Santa Barbara, CA","$5,000+",$100 - $149 / hr,2 - 9,15%,Santa Barbara,CA,USA,Informado,Informado,9,2 - 9,Micro Empresa,SMB,AI Service residual,Empresa diversificada cuya participación de IA es limitada o residual,América del Norte,2,North America,USA,USA,917
ACLCompanyGroup,https://aclcompanygroup.com/,"Sabaneta, Colombia","$1,000+",$25 - $49 / hr,2 - 9,15%,Sabaneta,,Colombia,Informado,Informado,9,2 - 9,Micro Empresa,SMB,AI Service residual,Empresa diversificada cuya participación de IA es limitada o residual,América del Sur,2,South America,Colombia,COL,43
UnDigital,https://undigital.com.au/,"Camden, Australia",Undisclosed,Undisclosed,2 - 9,15%,Camden,,Australia,No informado,No informado,9,2 - 9,Micro Empresa,SMB,AI Service residual,Empresa diversificada cuya participación de IA es limitada o residual,Oceanía,0,Oceania,Australia,AUS,96
odiencenetwork,https://odience.net,"Paris, France","$25,000+",Undisclosed,2 - 9,15%,Paris,,France,Informado,No informado,9,2 - 9,Micro Empresa,SMB,AI Service residual,Empresa diversificada cuya participación de IA es limitada o residual,Europa,1,Europe,France,FRA,14
Eumentis,https://www.eumentis.com,"Pune, India","$5,000+",< $25 / hr,2 - 9,15%,Pune,,India,Informado,Informado,9,2 - 9,Micro Empresa,SMB,AI Service residual,Empresa diversificada cuya participación de IA es limitada o residual,Asia,2,Asia,India,IND,441
Amutay,https://www.amutay.com/,"Quito, Ecuador",Undisclosed,Undisclosed,2 - 9,15%,Quito,,Ecuador,No informado,No informado,9,2 - 9,Micro Empresa,SMB,AI Service residual,Empresa diversificada cuya participación de IA es limitada o residual,América del Sur,0,South America,Ecuador,ECU,6
NovaIntegra,https://novaintegra.com/,"Bogotá, Colombia",Undisclosed,Undisclosed,2 - 9,15%,Bogotá,,Colombia,No informado,No informado,9,2 - 9,Micro Empresa,SMB,AI Service residual,Empresa diversificada cuya participación de IA es limitada o residual,América del Sur,0,South America,Colombia,COL,43
DIGITECHAFRICALTD,http://www.digitechgroupci.com,"Victoria, Seychelles","$10,000+",$25 - $49 / hr,10 - 49,10%,Victoria,,Seychelles,Informado,Informado,49,10 - 49,Empresa pequeña ,SMB,AI Service residual,Empresa diversificada cuya participación de IA es limitada o residual,África,2,Africa,Seychelles,SYC,1
eCloudChain,https://www.ecloudchain.com,"Mumbai, India","$1,000+",$50 - $99 / hr,10 - 49,10%,Mumbai,,India,Informado,Informado,49,10 - 49,Empresa pequeña ,SMB,AI Service residual,Empresa diversificada cuya participación de IA es limitada o residual,Asia,2,Asia,India,IND,441
AccreteInfoSolutionTechnologiesLLP,https://www.accreteinfo.com/,"Gandhinagar, India","$1,000+",< $25 / hr,10 - 49,10%,Gandhinagar,,India,Informado,Informado,49,10 - 49,Empresa pequeña ,SMB,AI Service residual,Empresa diversificada cuya participación de IA es limitada o residual,Asia,2,Asia,India,IND,441
MindbuilderAI,https://www.mindbuilderai.com/,"Northville, MI","$50,000+",$100 - $149 / hr,2 - 9,25%,Northville,MI,USA,Informado,Informado,9,2 - 9,Micro Empresa,SMB,AI Service complementary, Empresa diversificada que ofrece IA como una línea de servicio complementaria,América del Norte,2,North America,USA,USA,917
EliniumInc.,https://elinium.ca,"Montréal, Canada","$10,000+",$25 - $49 / hr,2 - 9,25%,Montréal,,Canada,Informado,Informado,9,2 - 9,Micro Empresa,SMB,AI Service complementary, Empresa diversificada que ofrece IA como una línea de servicio complementaria,América del Norte,2,North America,Canada,CAN,126
Narf.ai,https://narf.ai/,"Zalesie, Poland","$5,000+",$100 - $149 / hr,2 - 9,25%,Zalesie,,Poland,Informado,Informado,9,2 - 9,Micro Empresa,SMB,AI Service complementary, Empresa diversificada que ofrece IA como una línea de servicio complementaria,Europa,2,Europe,Poland,POL,147
TridentTechnologySoftwareCorp,http://thetridenttech.com,"Dallas, TX","$10,000+",$50 - $99 / hr,50 - 249,10%,Dallas,TX,USA,Informado,Informado,249,50 - 249,Empresa mediana/ SME,SMB,AI Service residual,Empresa diversificada cuya participación de IA es limitada o residual,América del Norte,2,North America,USA,USA,917
CodeaTechnologiesInc,https://www.codeadigital.com/,"Massapequa Park, NY","$5,000+",$25 - $49 / hr,50 - 249,10%,Massapequa Park,NY,USA,Informado,Informado,249,50 - 249,Empresa mediana/ SME,SMB,AI Service residual,Empresa diversificada cuya participación de IA es limitada o residual,América del Norte,2,North America,USA,USA,917
ARSRTech,https://arsr.tech/,"San Francisco, CA","$1,000+",$50 - $99 / hr,50 - 249,10%,San Francisco,CA,USA,Informado,Informado,249,50 - 249,Empresa mediana/ SME,SMB,AI Service residual,Empresa diversificada cuya participación de IA es limitada o residual,América del Norte,2,North America,USA,USA,917
MaxStackLabs,http://www.maxstacklabs.com,"Thiruvananthapuram, India","$1,000+",< $25 / hr,10 - 49,10%,Thiruvananthapuram,,India,Informado,Informado,49,10 - 49,Empresa pequeña ,SMB,AI Service residual,Empresa diversificada cuya participación de IA es limitada o residual,Asia,2,Asia,India,IND,441
Hashwide,https://www.hashwide.com/,"Ernakulam, India","$25,000+",< $25 / hr,10 - 49,10%,Ernakulam,,India,Informado,Informado,49,10 - 49,Empresa pequeña ,SMB,AI Service residual,Empresa diversificada cuya participación de IA es limitada o residual,Asia,2,Asia,India,IND,441
QuickServeITSolution,https://quickserveits.in/,"Raipur, India","$1,000+",< $25 / hr,10 - 49,20%,Raipur,,India,Informado,Informado,49,10 - 49,Empresa pequeña ,SMB,AI Service complementary, Empresa diversificada que ofrece IA como una línea de servicio complementaria,Asia,2,Asia,India,IND,441
FourarcStudioPrivateLimited,https://www.fourarcstudio.com/,"Ahmedabad, India","$1,000+",< $25 / hr,2 - 9,10%,Ahmedabad,,India,Informado,Informado,9,2 - 9,Micro Empresa,SMB,AI Service residual,Empresa diversificada cuya participación de IA es limitada o residual,Asia,2,Asia,India,IND,441
Rionic,https://rionic.io,"Zapopan, Mexico","$5,000+",$100 - $149 / hr,2 - 9,10%,Zapopan,,Mexico,Informado,Informado,9,2 - 9,Micro Empresa,SMB,AI Service residual,Empresa diversificada cuya participación de IA es limitada o residual,América del Norte,2,North America,Mexico,MEX,31
AppMozart,https://appmozart.com/,"Emeryville, CA","$10,000+",$50 - $99 / hr,2 - 9,10%,Emeryville,CA,USA,Informado,Informado,9,2 - 9,Micro Empresa,SMB,AI Service residual,Empresa diversificada cuya participación de IA es limitada o residual,América del Norte,2,North America,USA,USA,917
Neutrinos,https://www.goneutrinos.com/,Singapore,Undisclosed,Undisclosed,50 - 249,15%,Singapore,,Singapore,No informado,No informado,249,50 - 249,Empresa mediana/ SME,SMB,AI Service residual,Empresa diversificada cuya participación de IA es limitada o residual,Asia,0,Asia,Singapore,SGP,24
Rassvet,http://rassvet.co,"København, Denmark","$5,000+",$100 - $149 / hr,2 - 9,10%,København,,Denmark,Informado,Informado,9,2 - 9,Micro Empresa,SMB,AI Service residual,Empresa diversificada cuya participación de IA es limitada o residual,Europa,2,Europe,Denmark,DNK,6
BecomeDigitalToday,https://becomedigitaltoday.com/,Philippines,"$1,000+",< $25 / hr,2 - 9,10%,Philippines,,Philippines,Informado,Informado,9,2 - 9,Micro Empresa,SMB,AI Service residual,Empresa diversificada cuya participación de IA es limitada o residual,Asia,2,Asia,Philippines,PHL,6
AxiomaEstudioSAS,https://axiomaestudio.com/en,"Bogotá, Colombia","$10,000+",$100 - $149 / hr,2 - 9,10%,Bogotá,,Colombia,Informado,Informado,9,2 - 9,Micro Empresa,SMB,AI Service residual,Empresa diversificada cuya participación de IA es limitada o residual,América del Sur,2,South America,Colombia,COL,43
WebClub,https://webclub.com.au/,"Keilor Park, Australia",Undisclosed,Undisclosed,2 - 9,10%,Keilor Park,,Australia,No informado,No informado,9,2 - 9,Micro Empresa,SMB,AI Service residual,Empresa diversificada cuya participación de IA es limitada o residual,Oceanía,0,Oceania,Australia,AUS,96
"HardinScientific,Inc.",https://www.hardinscientific.com,"Wildomar, CA",Undisclosed,Undisclosed,2 - 9,10%,Wildomar,CA,USA,No informado,No informado,9,2 - 9,Micro Empresa,SMB,AI Service residual,Empresa diversificada cuya participación de IA es limitada o residual,América del Norte,0,North America,USA,USA,917
Minds,http://appzilla.in,"Delhi, India",Undisclosed,Undisclosed,2 - 9,10%,Delhi,,India,No informado,No informado,9,2 - 9,Micro Empresa,SMB,AI Service residual,Empresa diversificada cuya participación de IA es limitada o residual,Asia,0,Asia,India,IND,441
BAMBOOTECHNOLOGIESLIMITED,https://www.bamboonetworks.com/,"Hong Kong, Hong Kong",Undisclosed,Undisclosed,2 - 9,10%,Hong Kong,,Hong Kong,No informado,No informado,9,2 - 9,Micro Empresa,SMB,AI Service residual,Empresa diversificada cuya participación de IA es limitada o residual,Asia,0,Asia,Hong Kong,HKG,12
SoftwareCo,http://www.softwareco.com,"Barangaroo, Australia","$10,000+",$50 - $99 / hr,10 - 49,10%,Barangaroo,,Australia,Informado,Informado,49,10 - 49,Empresa pequeña ,SMB,AI Service residual,Empresa diversificada cuya participación de IA es limitada o residual,Oceanía,2,Oceania,Australia,AUS,96
thinqloud,https://www.thinqloud.com,"Pune, India","$1,000+",$50 - $99 / hr,10 - 49,10%,Pune,,India,Informado,Informado,49,10 - 49,Empresa pequeña ,SMB,AI Service residual,Empresa diversificada cuya participación de IA es limitada o residual,Asia,2,Asia,India,IND,441
UASoftwareLLC,http://uasoftware.com,"Kirovohrad, Ukraine","$5,000+",< $25 / hr,10 - 49,10%,Kirovohrad,,Ukraine,Informado,Informado,49,10 - 49,Empresa pequeña ,SMB,AI Service residual,Empresa diversificada cuya participación de IA es limitada o residual,Europa,2,Europe,Ukraine,UKR,92
Fingertipmedia,http://www.fingertipmedia.com,"Guildford, United Kingdom","$5,000+",$25 - $49 / hr,10 - 49,10%,Guildford,,United Kingdom,Informado,Informado,49,10 - 49,Empresa pequeña ,SMB,AI Service residual,Empresa diversificada cuya participación de IA es limitada o residual,Europa,2,Europe,United Kingdom,GBR,304
Eiconix,https://eiconix.com/,"Dubai, United Arab Emirates","$5,000+",$100 - $149 / hr,10 - 49,10%,Dubai,,United Arab Emirates,Informado,Informado,49,10 - 49,Empresa pequeña ,SMB,AI Service residual,Empresa diversificada cuya participación de IA es limitada o residual,Oriente Medio,2,Middle East,United Arab Emirates,ARE,39
LOKi,http://thisisloki.com/,"Kuala Lumpur, Malaysia","$5,000+",$100 - $149 / hr,10 - 49,10%,Kuala Lumpur,,Malaysia,Informado,Informado,49,10 - 49,Empresa pequeña ,SMB,AI Service residual,Empresa diversificada cuya participación de IA es limitada o residual,Asia,2,Asia,Malaysia,MYS,8
IntrepidTechnology,https://intrepid.technology,"Hong Kong, Hong Kong","$25,000+",$300+ / hr,10 - 49,10%,Hong Kong,,Hong Kong,Informado,Informado,49,10 - 49,Empresa pequeña ,SMB,AI Service residual,Empresa diversificada cuya participación de IA es limitada o residual,Asia,2,Asia,Hong Kong,HKG,12
Teknodev,http://www.teknodev.biz,Turkey,"$10,000+",$25 - $49 / hr,10 - 49,10%,Turkey,,Turkey,Informado,Informado,49,10 - 49,Empresa pequeña ,SMB,AI Service residual,Empresa diversificada cuya participación de IA es limitada o residual,Asia,2,Asia,Turkey,TUR,18
TendoInteractive,https://www.tendo.io,"Berlin, Germany","$50,000+",$50 - $99 / hr,10 - 49,10%,Berlin,,Germany,Informado,Informado,49,10 - 49,Empresa pequeña ,SMB,AI Service residual,Empresa diversificada cuya participación de IA es limitada o residual,Europa,2,Europe,Germany,DEU,47
BlueLogicDigital,https://thatsbluelogic.com/,"Dubai, United Arab Emirates",Undisclosed,Undisclosed,10 - 49,10%,Dubai,,United Arab Emirates,No informado,No informado,49,10 - 49,Empresa pequeña ,SMB,AI Service residual,Empresa diversificada cuya participación de IA es limitada o residual,Oriente Medio,0,Middle East,United Arab Emirates,ARE,39
Axe,https://theaxe.in/,"Noida, India","$5,000+",$25 - $49 / hr,10 - 49,10%,Noida,,India,Informado,Informado,49,10 - 49,Empresa pequeña ,SMB,AI Service residual,Empresa diversificada cuya participación de IA es limitada o residual,Asia,2,Asia,India,IND,441
Cognitive,https://cognitive-cs.com,"Warsaw, Poland","$10,000+",Undisclosed,10 - 49,10%,Warsaw,,Poland,Informado,No informado,49,10 - 49,Empresa pequeña ,SMB,AI Service residual,Empresa diversificada cuya participación de IA es limitada o residual,Europa,1,Europe,Poland,POL,147
SalvoSoftware,http://www.salvosoftware.com,"Vancouver, WA","$10,000+",$50 - $99 / hr,10 - 49,10%,Vancouver,WA,USA,Informado,Informado,49,10 - 49,Empresa pequeña ,SMB,AI Service residual,Empresa diversificada cuya participación de IA es limitada o residual,América del Norte,2,North America,USA,USA,917
HashbrownSystemsPvt.Ltd.,https://hashbrown.com/,"Mohali, India","$25,000+",$25 - $49 / hr,10 - 49,10%,Mohali,,India,Informado,Informado,49,10 - 49,Empresa pequeña ,SMB,AI Service residual,Empresa diversificada cuya participación de IA es limitada o residual,Asia,2,Asia,India,IND,441
PixelEdge,https://www.pixeledge.io/,"Northampton, MA","$50,000+",Undisclosed,10 - 49,10%,Northampton,MA,USA,Informado,No informado,49,10 - 49,Empresa pequeña ,SMB,AI Service residual,Empresa diversificada cuya participación de IA es limitada o residual,América del Norte,1,North America,USA,USA,917
KloudynetTechnologies,http://www.kloudynet.com,India,"$250,000+",$25 - $49 / hr,10 - 49,10%,India,,India,Informado,Informado,49,10 - 49,Empresa pequeña ,SMB,AI Service residual,Empresa diversificada cuya participación de IA es limitada o residual,Asia,2,Asia,India,IND,441
BostonUX,http://bostonux.com,"Waltham, MA","$10,000+",Undisclosed,10 - 49,10%,Waltham,MA,USA,Informado,No informado,49,10 - 49,Empresa pequeña ,SMB,AI Service residual,Empresa diversificada cuya participación de IA es limitada o residual,América del Norte,1,North America,USA,USA,917
QuadVenturesSDNBHD,http://www.quadventures.com.my,"Kuala Lumpur, Malaysia","$10,000+",< $25 / hr,10 - 49,10%,Kuala Lumpur,,Malaysia,Informado,Informado,49,10 - 49,Empresa pequeña ,SMB,AI Service residual,Empresa diversificada cuya participación de IA es limitada o residual,Asia,2,Asia,Malaysia,MYS,8
Zalmotek,https://zalmotek.com/,"București, Romania","$10,000+",$100 - $149 / hr,10 - 49,10%,București,,Romania,Informado,Informado,49,10 - 49,Empresa pequeña ,SMB,AI Service residual,Empresa diversificada cuya participación de IA es limitada o residual,Europa,2,Europe,Romania,ROU,27
NextappsSp.zo.o.MobileandWebSoftwareHouse,http://www.nextapps.pl,"Poznań, Poland","$1,000+",$50 - $99 / hr,10 - 49,10%,Poznań,,Poland,Informado,Informado,49,10 - 49,Empresa pequeña ,SMB,AI Service residual,Empresa diversificada cuya participación de IA es limitada o residual,Europa,2,Europe,Poland,POL,147
BrainAbove,http://www.brainabove.io,"Indore, India","$25,000+",$25 - $49 / hr,10 - 49,10%,Indore,,India,Informado,Informado,49,10 - 49,Empresa pequeña ,SMB,AI Service residual,Empresa diversificada cuya participación de IA es limitada o residual,Asia,2,Asia,India,IND,441
SiaSoft,https://www.sia-soft.com,"Skopje, North Macedonia","$25,000+",$25 - $49 / hr,10 - 49,10%,Skopje,,North Macedonia,Informado,Informado,49,10 - 49,Empresa pequeña ,SMB,AI Service residual,Empresa diversificada cuya participación de IA es limitada o residual,Europa,2,Europe,North Macedonia,MKD,7
BritwiseTechnologies,https://www.britwise.com,"Pune, India","$1,000+",$50 - $99 / hr,10 - 49,10%,Pune,,India,Informado,Informado,49,10 - 49,Empresa pequeña ,SMB,AI Service residual,Empresa diversificada cuya participación de IA es limitada o residual,Asia,2,Asia,India,IND,441
SmartStudios,https://www.smartstudios.io,"San Ġiljan, Malta","$50,000+",$50 - $99 / hr,10 - 49,10%,San Ġiljan,,Malta,Informado,Informado,49,10 - 49,Empresa pequeña ,SMB,AI Service residual,Empresa diversificada cuya participación de IA es limitada o residual,Europa,2,Europe,Malta,MLT,2
AgaminInc,http://agamin.ai,"Orlando, India","$10,000+",Undisclosed,10 - 49,10%,Orlando,,India,Informado,No informado,49,10 - 49,Empresa pequeña ,SMB,AI Service residual,Empresa diversificada cuya participación de IA es limitada o residual,Asia,1,Asia,India,IND,441
QmansysInfosolutions,https://www.qmansys.com/,"New Delhi, India","$1,000+",$25 - $49 / hr,10 - 49,10%,New Delhi,,India,Informado,Informado,49,10 - 49,Empresa pequeña ,SMB,AI Service residual,Empresa diversificada cuya participación de IA es limitada o residual,Asia,2,Asia,India,IND,441
CcoinNetwork,https://CCOIN.UK,"Constanța, Romania","$250,000+",$300+ / hr,10 - 49,10%,Constanța,,Romania,Informado,Informado,49,10 - 49,Empresa pequeña ,SMB,AI Service residual,Empresa diversificada cuya participación de IA es limitada o residual,Europa,2,Europe,Romania,ROU,27
AppzmineTechPvtLtd,https://www.appzminetech.com/,"Nagpur, India","$1,000+",$25 - $49 / hr,10 - 49,10%,Nagpur,,India,Informado,Informado,49,10 - 49,Empresa pequeña ,SMB,AI Service residual,Empresa diversificada cuya participación de IA es limitada o residual,Asia,2,Asia,India,IND,441
BRInfotech,http://brinfotech.net/,"Indore, India","$1,000+",< $25 / hr,10 - 49,10%,Indore,,India,Informado,Informado,49,10 - 49,Empresa pequeña ,SMB,AI Service residual,Empresa diversificada cuya participación de IA es limitada o residual,Asia,2,Asia,India,IND,441
BigDataTrunk,https://bigdatatrunk.com/,"Fremont, CA","$1,000+",$50 - $99 / hr,10 - 49,10%,Fremont,CA,USA,Informado,Informado,49,10 - 49,Empresa pequeña ,SMB,AI Service residual,Empresa diversificada cuya participación de IA es limitada o residual,América del Norte,2,North America,USA,USA,917
AntPack,https://antpack.co,"Bogotá, Colombia","$1,000+",$25 - $49 / hr,10 - 49,10%,Bogotá,,Colombia,Informado,Informado,49,10 - 49,Empresa pequeña ,SMB,AI Service residual,Empresa diversificada cuya participación de IA es limitada o residual,América del Sur,2,South America,Colombia,COL,43
CodepilotTechnologiesPvtLtd,https://www.codepilot.in/,"Guwahati, India","$10,000+",$25 - $49 / hr,10 - 49,10%,Guwahati,,India,Informado,Informado,49,10 - 49,Empresa pequeña ,SMB,AI Service residual,Empresa diversificada cuya participación de IA es limitada o residual,Asia,2,Asia,India,IND,441
Foomotion,https://www.foomotion.io/,"Lahore, Pakistan","$5,000+",$50 - $99 / hr,10 - 49,10%,Lahore,,Pakistan,Informado,Informado,49,10 - 49,Empresa pequeña ,SMB,AI Service residual,Empresa diversificada cuya participación de IA es limitada o residual,Asia,2,Asia,Pakistan,PAK,61
VibgyorwebTechnologiesPvtLtd,https://www.vibgyorweb.com/,"Santa Ana, CA","$1,000+",$25 - $49 / hr,10 - 49,10%,Santa Ana,CA,USA,Informado,Informado,49,10 - 49,Empresa pequeña ,SMB,AI Service residual,Empresa diversificada cuya participación de IA es limitada o residual,América del Norte,2,North America,USA,USA,917
PixeledEggs,https://www.pixeledeggs.com/,"London, United Kingdom",Undisclosed,Undisclosed,10 - 49,10%,London,,United Kingdom,No informado,No informado,49,10 - 49,Empresa pequeña ,SMB,AI Service residual,Empresa diversificada cuya participación de IA es limitada o residual,Europa,0,Europe,United Kingdom,GBR,304
Mathsistor,http://www.mathsistor.com/,"Quito, Ecuador",Undisclosed,Undisclosed,2 - 9,25%,Quito,,Ecuador,No informado,No informado,9,2 - 9,Micro Empresa,SMB,AI Service complementary, Empresa diversificada que ofrece IA como una línea de servicio complementaria,América del Sur,0,South America,Ecuador,ECU,6
StoryArc,http://storyarc.xyz,"Los Angeles, CA","$1,000+",$100 - $149 / hr,2 - 9,25%,Los Angeles,CA,USA,Informado,Informado,9,2 - 9,Micro Empresa,SMB,AI Service complementary, Empresa diversificada que ofrece IA como una línea de servicio complementaria,América del Norte,2,North America,USA,USA,917
ReachLocalMarketing,http://reachlocalmarketing.com/,"Lawrenceville, GA",Undisclosed,Undisclosed,2 - 9,25%,Lawrenceville,GA,USA,No informado,No informado,9,2 - 9,Micro Empresa,SMB,AI Service complementary, Empresa diversificada que ofrece IA como una línea de servicio complementaria,América del Norte,0,North America,USA,USA,917
WiqonnTech,https://www.wiqonn.com,"Barranquilla, Colombia",Undisclosed,Undisclosed,2 - 9,25%,Barranquilla,,Colombia,No informado,No informado,9,2 - 9,Micro Empresa,SMB,AI Service complementary, Empresa diversificada que ofrece IA como una línea de servicio complementaria,América del Sur,0,South America,Colombia,COL,43
AIPrescience,https://www.aiprescience.com,"Canary Wharf, United Kingdom","$1,000+",Undisclosed,2 - 9,25%,Canary Wharf,,United Kingdom,Informado,No informado,9,2 - 9,Micro Empresa,SMB,AI Service complementary, Empresa diversificada que ofrece IA como una línea de servicio complementaria,Europa,1,Europe,United Kingdom,GBR,304
OlssonDigitalAccounting,https://www.odredovisning.se/,"Solna, Sweden",Undisclosed,Undisclosed,2 - 9,25%,Solna,,Sweden,No informado,No informado,9,2 - 9,Micro Empresa,SMB,AI Service complementary, Empresa diversificada que ofrece IA como una línea de servicio complementaria,Europa,0,Europe,Sweden,SWE,7
CAERUSINFOSYSTEMS,http://www.caerusinfosystems.com/,"Roswell, GA",Undisclosed,Undisclosed,2 - 9,25%,Roswell,GA,USA,No informado,No informado,9,2 - 9,Micro Empresa,SMB,AI Service complementary, Empresa diversificada que ofrece IA como una línea de servicio complementaria,América del Norte,0,North America,USA,USA,917
Cratosys,https://www.cratosys.com/,"Los Angeles, CA",Undisclosed,Undisclosed,2 - 9,25%,Los Angeles,CA,USA,No informado,No informado,9,2 - 9,Micro Empresa,SMB,AI Service complementary, Empresa diversificada que ofrece IA como una línea de servicio complementaria,América del Norte,0,North America,USA,USA,917
codegrowloop,http://codegrowloop.com,"Kansas City, MO","$5,000+",$50 - $99 / hr,2 - 9,25%,Kansas City,MO,USA,Informado,Informado,9,2 - 9,Micro Empresa,SMB,AI Service complementary, Empresa diversificada que ofrece IA como una línea de servicio complementaria,América del Norte,2,North America,USA,USA,917
AshineConsultancyServicesLtd,https://www.ashineconsultancy.com/,"London, United Kingdom","$10,000+",$50 - $99 / hr,2 - 9,25%,London,,United Kingdom,Informado,Informado,9,2 - 9,Micro Empresa,SMB,AI Service complementary, Empresa diversificada que ofrece IA como una línea de servicio complementaria,Europa,2,Europe,United Kingdom,GBR,304
AnalyticDesign,https://www.analyticdesign.com.br/,"Brasilia, Brazil",Undisclosed,Undisclosed,2 - 9,25%,Brasilia,,Brazil,No informado,No informado,9,2 - 9,Micro Empresa,SMB,AI Service complementary, Empresa diversificada que ofrece IA como una línea de servicio complementaria,América del Sur,0,South America,Brazil,BRA,21
citigp,http://www.citigp.net/,Mexico,Undisclosed,Undisclosed,2 - 9,25%,Mexico,,Mexico,No informado,No informado,9,2 - 9,Micro Empresa,SMB,AI Service complementary, Empresa diversificada que ofrece IA como una línea de servicio complementaria,América del Norte,0,North America,Mexico,MEX,31
"Shenzhen1011CommunicationTechnologyCo.,Ltd.",https://www.ylyy1011.com,"Shenzhen Shi, China",Undisclosed,Undisclosed,2 - 9,25%,Shenzhen Shi,,China,No informado,No informado,9,2 - 9,Micro Empresa,SMB,AI Service complementary, Empresa diversificada que ofrece IA como una línea de servicio complementaria,Asia,0,Asia,China,China,87
ValueAddedTech,https://vatech.io,"Prague, Czech Republic","$1,000+",$50 - $99 / hr,2 - 9,25%,Prague,,Czech Republic,Informado,Informado,9,2 - 9,Micro Empresa,SMB,AI Service complementary, Empresa diversificada que ofrece IA como una línea de servicio complementaria,Europa,2,Europe,Czech Republic,CZE,24
HOKMA,https://www.hokma.ai/,"Bogotá, Colombia",Undisclosed,Undisclosed,2 - 9,25%,Bogotá,,Colombia,No informado,No informado,9,2 - 9,Micro Empresa,SMB,AI Service complementary, Empresa diversificada que ofrece IA como una línea de servicio complementaria,América del Sur,0,South America,Colombia,COL,43
funstematics.ai,https://www.funstematics.ai/,"Chicago, IL",Undisclosed,Undisclosed,2 - 9,25%,Chicago,IL,USA,No informado,No informado,9,2 - 9,Micro Empresa,SMB,AI Service complementary, Empresa diversificada que ofrece IA como una línea de servicio complementaria,América del Norte,0,North America,USA,USA,917
"ZhengzhouRuguoInformationTechnologyCo.,Ltd.",https://www.ruguokj.com/,"Zhengzhou, China",Undisclosed,Undisclosed,2 - 9,25%,Zhengzhou,,China,No informado,No informado,9,2 - 9,Micro Empresa,SMB,AI Service complementary, Empresa diversificada que ofrece IA como una línea de servicio complementaria,Asia,0,Asia,China,China,87
"BeijingYuanqiOnlineInformationTechnologyCo.,Ltd.",http://www.yuanqionline.com/,"Beijing, China",Undisclosed,Undisclosed,2 - 9,25%,Beijing,,China,No informado,No informado,9,2 - 9,Micro Empresa,SMB,AI Service complementary, Empresa diversificada que ofrece IA como una línea de servicio complementaria,Asia,0,Asia,China,China,87
Agentify,https://www.agentify.tech/,"Reading, United Kingdom","$5,000+",$50 - $99 / hr,2 - 9,25%,Reading,,United Kingdom,Informado,Informado,9,2 - 9,Micro Empresa,SMB,AI Service complementary, Empresa diversificada que ofrece IA como una línea de servicio complementaria,Europa,2,Europe,United Kingdom,GBR,304
VisionTechSoftware,https://visionrotech.com,"Alba Iulia, Romania","$1,000+",< $25 / hr,2 - 9,25%,Alba Iulia,,Romania,Informado,Informado,9,2 - 9,Micro Empresa,SMB,AI Service complementary, Empresa diversificada que ofrece IA como una línea de servicio complementaria,Europa,2,Europe,Romania,ROU,27
BOET,https://boet.io,"Warszawa, Poland","$10,000+",$50 - $99 / hr,2 - 9,25%,Warszawa,,Poland,Informado,Informado,9,2 - 9,Micro Empresa,SMB,AI Service complementary, Empresa diversificada que ofrece IA como una línea de servicio complementaria,Europa,2,Europe,Poland,POL,147
"Xi’anHexingWuxianInformationTechnologyCo.,Ltd.",https://hxwxxa.icoc.bz/,"Xi An Shi, China",Undisclosed,Undisclosed,2 - 9,25%,Xi An Shi,,China,No informado,No informado,9,2 - 9,Micro Empresa,SMB,AI Service complementary, Empresa diversificada que ofrece IA como una línea de servicio complementaria,Asia,0,Asia,China,China,87
"ShenzhenINFINITOTechnologyCo.,Ltd.",https://www.infinova.com.cn/,"Shenzhen, China",Undisclosed,Undisclosed,2 - 9,25%,Shenzhen,,China,No informado,No informado,9,2 - 9,Micro Empresa,SMB,AI Service complementary, Empresa diversificada que ofrece IA como una línea de servicio complementaria,Asia,0,Asia,China,China,87
dotNear,https://www.dotnear.com,"București, Romania",Undisclosed,$50 - $99 / hr,50 - 249,10%,București,,Romania,No informado,Informado,249,50 - 249,Empresa mediana/ SME,SMB,AI Service residual,Empresa diversificada cuya participación de IA es limitada o residual,Europa,1,Europe,Romania,ROU,27
ESolutionsS.A.,http://www.esolutions.com.ar/,"FZI, Argentina","$10,000+",< $25 / hr,50 - 249,10%,FZI,,Argentina,Informado,Informado,249,50 - 249,Empresa mediana/ SME,SMB,AI Service residual,Empresa diversificada cuya participación de IA es limitada o residual,América del Sur,2,South America,Argentina,ARG,29
MIXORTsp.zo.o.,https://mixort.com/,"Warsaw, Poland","$10,000+",$50 - $99 / hr,50 - 249,10%,Warsaw,,Poland,Informado,Informado,249,50 - 249,Empresa mediana/ SME,SMB,AI Service residual,Empresa diversificada cuya participación de IA es limitada o residual,Europa,2,Europe,Poland,POL,147
PieDistrict,http://www.piedistrict.com,"Dubai, United Arab Emirates","$10,000+",< $25 / hr,50 - 249,10%,Dubai,,United Arab Emirates,Informado,Informado,249,50 - 249,Empresa mediana/ SME,SMB,AI Service residual,Empresa diversificada cuya participación de IA es limitada o residual,Oriente Medio,2,Middle East,United Arab Emirates,ARE,39
VillaexTechnologies,https://villaextechnologies.com/,"Dover, DE","$5,000+",$50 - $99 / hr,50 - 249,10%,Dover,DE,USA,Informado,Informado,249,50 - 249,Empresa mediana/ SME,SMB,AI Service residual,Empresa diversificada cuya participación de IA es limitada o residual,América del Norte,2,North America,USA,USA,917
HarmonyDataIntegrationTechnologiesPvtLtd,http://harmonydi.com/,"Sahibzada Ajit Singh Nagar, India","$50,000+",$25 - $49 / hr,50 - 249,10%,Sahibzada Ajit Singh Nagar,,India,Informado,Informado,249,50 - 249,Empresa mediana/ SME,SMB,AI Service residual,Empresa diversificada cuya participación de IA es limitada o residual,Asia,2,Asia,India,IND,441
OINO,https://oino.tech/,"Austin, TX","$10,000+",$50 - $99 / hr,50 - 249,10%,Austin,TX,USA,Informado,Informado,249,50 - 249,Empresa mediana/ SME,SMB,AI Service residual,Empresa diversificada cuya participación de IA es limitada o residual,América del Norte,2,North America,USA,USA,917
InnovativeSolutions,https://www.innovativesolutions.ae/,"Karachi, Pakistan",Undisclosed,Undisclosed,50 - 249,10%,Karachi,,Pakistan,No informado,No informado,249,50 - 249,Empresa mediana/ SME,SMB,AI Service residual,Empresa diversificada cuya participación de IA es limitada o residual,Asia,0,Asia,Pakistan,PAK,61
ISITA,https://www.isita.com.mx,"San Pedro Garza García, Mexico","$50,000+",$25 - $49 / hr,50 - 249,10%,San Pedro Garza García,,Mexico,Informado,Informado,249,50 - 249,Empresa mediana/ SME,SMB,AI Service residual,Empresa diversificada cuya participación de IA es limitada o residual,América del Norte,2,North America,Mexico,MEX,31
SolutionChampsTechnologiesPvtLtd,https://solutionchamps.com/,"Coimbatore, India","$1,000+",< $25 / hr,50 - 249,10%,Coimbatore,,India,Informado,Informado,249,50 - 249,Empresa mediana/ SME,SMB,AI Service residual,Empresa diversificada cuya participación de IA es limitada o residual,Asia,2,Asia,India,IND,441
AlphindSoftwareSolutions,https://www.alphind.com/,"Charlotte, NC","$50,000+",< $25 / hr,50 - 249,10%,Charlotte,NC,USA,Informado,Informado,249,50 - 249,Empresa mediana/ SME,SMB,AI Service residual,Empresa diversificada cuya participación de IA es limitada o residual,América del Norte,2,North America,USA,USA,917
VastDreams,http://vastdreams.com,"Sydney, Australia","$50,000+",$100 - $149 / hr,50 - 249,10%,Sydney,,Australia,Informado,Informado,249,50 - 249,Empresa mediana/ SME,SMB,AI Service residual,Empresa diversificada cuya participación de IA es limitada o residual,Oceanía,2,Oceania,Australia,AUS,96
NewPageSolutions,http://www.newpage.io,"Sanford, NC","$25,000+",$25 - $49 / hr,50 - 249,10%,Sanford,NC,USA,Informado,Informado,249,50 - 249,Empresa mediana/ SME,SMB,AI Service residual,Empresa diversificada cuya participación de IA es limitada o residual,América del Norte,2,North America,USA,USA,917
Insighture,http://www.insighture.com/,"Melbourne, Australia","$25,000+",$25 - $49 / hr,50 - 249,10%,Melbourne,,Australia,Informado,Informado,249,50 - 249,Empresa mediana/ SME,SMB,AI Service residual,Empresa diversificada cuya participación de IA es limitada o residual,Oceanía,2,Oceania,Australia,AUS,96
BlinkConsolidate,https://www.blinkconsolidate.com,"Lahore, Pakistan","$1,000+",$25 - $49 / hr,50 - 249,10%,Lahore,,Pakistan,Informado,Informado,249,50 - 249,Empresa mediana/ SME,SMB,AI Service residual,Empresa diversificada cuya participación de IA es limitada o residual,Asia,2,Asia,Pakistan,PAK,61
TechbuddiesIT,http://techbuddiesit.com/,"Noida, India","$10,000+",$50 - $99 / hr,50 - 249,10%,Noida,,India,Informado,Informado,249,50 - 249,Empresa mediana/ SME,SMB,AI Service residual,Empresa diversificada cuya participación de IA es limitada o residual,Asia,2,Asia,India,IND,441
"ZhengzhouHuahanComputerSoftwareCo.,Ltd.",https://www.huahansoft.com/,"Zhengzhou Shi, China",Undisclosed,Undisclosed,50 - 249,10%,Zhengzhou Shi,,China,No informado,No informado,249,50 - 249,Empresa mediana/ SME,SMB,AI Service residual,Empresa diversificada cuya participación de IA es limitada o residual,Asia,0,Asia,China,China,87
AICONIC,https://aiconiclab.com,"Warszawa, Poland","$10,000+",$25 - $49 / hr,50 - 249,10%,Warszawa,,Poland,Informado,Informado,249,50 - 249,Empresa mediana/ SME,SMB,AI Service residual,Empresa diversificada cuya participación de IA es limitada o residual,Europa,2,Europe,Poland,POL,147
ELEPHANTBYTESINC,https://elephantbytes.com,"Piscataway, NJ","$100,000+",$150 - $199 / hr,50 - 249,10%,Piscataway,NJ,USA,Informado,Informado,249,50 - 249,Empresa mediana/ SME,SMB,AI Service residual,Empresa diversificada cuya participación de IA es limitada o residual,América del Norte,2,North America,USA,USA,917
MIRDigitalSolutions,https://mir-services.com,"Vaughan, Canada","$5,000+",$50 - $99 / hr,50 - 249,10%,Vaughan,,Canada,Informado,Informado,249,50 - 249,Empresa mediana/ SME,SMB,AI Service residual,Empresa diversificada cuya participación de IA es limitada o residual,América del Norte,2,North America,Canada,CAN,126
SentiumConsulting,https://sentium-consulting.com/,"London, United Kingdom",Undisclosed,Undisclosed,50 - 249,10%,London,,United Kingdom,No informado,No informado,249,50 - 249,Empresa mediana/ SME,SMB,AI Service residual,Empresa diversificada cuya participación de IA es limitada o residual,Europa,0,Europe,United Kingdom,GBR,304
Sreeyan,https://www.sreeyan.com,"San Antonio, TX","$1,000+",$25 - $49 / hr,2 - 9,10%,San Antonio,TX,USA,Informado,Informado,9,2 - 9,Micro Empresa,SMB,AI Service residual,Empresa diversificada cuya participación de IA es limitada o residual,América del Norte,2,North America,USA,USA,917
OrigenStudio,https://origen.studio,"Barcelona, Spain","$5,000+",$50 - $99 / hr,2 - 9,10%,Barcelona,,Spain,Informado,Informado,9,2 - 9,Micro Empresa,SMB,AI Service residual,Empresa diversificada cuya participación de IA es limitada o residual,Europa,2,Europe,Spain,ESP,29
CaspianSoft,https://caspiansoft.com,"Baku, Azerbaijan","$1,000+",$25 - $49 / hr,2 - 9,10%,Baku,,Azerbaijan,Informado,Informado,9,2 - 9,Micro Empresa,SMB,AI Service residual,Empresa diversificada cuya participación de IA es limitada o residual,Asia,2,Asia,Azerbaijan,AZE,2
MercurioDataScience,https://mercuriopi.com/,"Montevideo, Uruguay","$1,000+",$25 - $49 / hr,2 - 9,10%,Montevideo,,Uruguay,Informado,Informado,9,2 - 9,Micro Empresa,SMB,AI Service residual,Empresa diversificada cuya participación de IA es limitada o residual,América del Sur,2,South America,Uruguay,URY,22
CassotisConsulting,https://www.cassotis.com/,"Nova Lima, Brazil","$100,000+",$150 - $199 / hr,2 - 9,10%,Nova Lima,,Brazil,Informado,Informado,9,2 - 9,Micro Empresa,SMB,AI Service residual,Empresa diversificada cuya participación de IA es limitada o residual,América del Sur,2,South America,Brazil,BRA,21
elevup,http://www.elevup.com,"Praha 2 - Vinohrady, Czech Republic","$10,000+",$50 - $99 / hr,10 - 49,10%,Praha 2 - Vinohrady,,Czech Republic,Informado,Informado,49,10 - 49,Empresa pequeña ,SMB,AI Service residual,Empresa diversificada cuya participación de IA es limitada o residual,Europa,2,Europe,Czech Republic,CZE,24
AlgomediInformationTechnologies,https://algomedi.com,"Izmir, Turkey","$25,000+",$25 - $49 / hr,10 - 49,10%,Izmir,,Turkey,Informado,Informado,49,10 - 49,Empresa pequeña ,SMB,AI Service residual,Empresa diversificada cuya participación de IA es limitada o residual,Asia,2,Asia,Turkey,TUR,18
NorthwoodConsulting,https://northwoodconsultants.com/contactus/,"Sri Jayawardenepura Kotte, Sri Lanka","$1,000+",< $25 / hr,10 - 49,10%,Sri Jayawardenepura Kotte,,Sri Lanka,Informado,Informado,49,10 - 49,Empresa pequeña ,SMB,AI Service residual,Empresa diversificada cuya participación de IA es limitada o residual,Asia,2,Asia,Sri Lanka,LKA,15
KibaLabs,https://www.kibalabs.com,"Stanmore, United Kingdom","$1,000+",$150 - $199 / hr,Freelancer,10%,Stanmore,,United Kingdom,Informado,Informado,0,No informado,No aplica,Freelancer,AI Service residual,Empresa diversificada cuya participación de IA es limitada o residual,Europa,2,Europe,United Kingdom,GBR,304
AtulyamTechnolabsLLP,https://atulyam.tech/,"Ahmedabad, India","$10,000+",< $25 / hr,2 - 9,20%,Ahmedabad,,India,Informado,Informado,9,2 - 9,Micro Empresa,SMB,AI Service complementary, Empresa diversificada que ofrece IA como una línea de servicio complementaria,Asia,2,Asia,India,IND,441
MAYROIT,https://mayro.io/,"Yerevan, Armenia","$10,000+",$25 - $49 / hr,10 - 49,10%,Yerevan,,Armenia,Informado,Informado,49,10 - 49,Empresa pequeña ,SMB,AI Service residual,Empresa diversificada cuya participación de IA es limitada o residual,Asia,2,Asia,Armenia,ARM,11
Gigasource,https://gigasource.io/,"Berlin, Germany","$1,000+",$25 - $49 / hr,10 - 49,10%,Berlin,,Germany,Informado,Informado,49,10 - 49,Empresa pequeña ,SMB,AI Service residual,Empresa diversificada cuya participación de IA es limitada o residual,Europa,2,Europe,Germany,DEU,47
MARSECDEVELOPERS,http://arydevloper.wordpress.com,"Khairpur, Pakistan","$1,000+",< $25 / hr,10 - 49,10%,Khairpur,,Pakistan,Informado,Informado,49,10 - 49,Empresa pequeña ,SMB,AI Service residual,Empresa diversificada cuya participación de IA es limitada o residual,Asia,2,Asia,Pakistan,PAK,61
Skillkeepers,https://alinakaftanova.wixsite.com/skillkeepers,"Kyiv, Ukraine","$5,000+",$25 - $49 / hr,10 - 49,20%,Kyiv,,Ukraine,Informado,Informado,49,10 - 49,Empresa pequeña ,SMB,AI Service complementary, Empresa diversificada que ofrece IA como una línea de servicio complementaria,Europa,2,Europe,Ukraine,UKR,92
QuanticCloud,https://quantic.co.in,"Indore, India","$10,000+",$25 - $49 / hr,10 - 49,20%,Indore,,India,Informado,Informado,49,10 - 49,Empresa pequeña ,SMB,AI Service complementary, Empresa diversificada que ofrece IA como una línea de servicio complementaria,Asia,2,Asia,India,IND,441
SimplexHimes,https://www.simplexhimes.com/,"دبي, United Arab Emirates",Undisclosed,< $25 / hr,10 - 49,20%,دبي,,United Arab Emirates,No informado,Informado,49,10 - 49,Empresa pequeña ,SMB,AI Service complementary, Empresa diversificada que ofrece IA como una línea de servicio complementaria,Oriente Medio,1,Middle East,United Arab Emirates,ARE,39
Scalek,http://scalek.co,"Chișinău, Moldova",Undisclosed,$25 - $49 / hr,10 - 49,20%,Chișinău,,Moldova,No informado,Informado,49,10 - 49,Empresa pequeña ,SMB,AI Service complementary, Empresa diversificada que ofrece IA como una línea de servicio complementaria,Europa,1,Europe,Moldova,MDA,2
TechloSetSolutions,https://techlosetsolutions.com/,"Faisalabad, Pakistan","$1,000+",$25 - $49 / hr,10 - 49,20%,Faisalabad,,Pakistan,Informado,Informado,49,10 - 49,Empresa pequeña ,SMB,AI Service complementary, Empresa diversificada que ofrece IA como una línea de servicio complementaria,Asia,2,Asia,Pakistan,PAK,61
AdaptNXTTechnologySolutions,https://adaptnxt.com,"Bengaluru, India","$5,000+",< $25 / hr,10 - 49,20%,Bengaluru,,India,Informado,Informado,49,10 - 49,Empresa pequeña ,SMB,AI Service complementary, Empresa diversificada que ofrece IA como una línea de servicio complementaria,Asia,2,Asia,India,IND,441
Optimizia,http://Optimizia.co,"Milton, Canada","$5,000+",$25 - $49 / hr,10 - 49,20%,Milton,,Canada,Informado,Informado,49,10 - 49,Empresa pequeña ,SMB,AI Service complementary, Empresa diversificada que ofrece IA como una línea de servicio complementaria,América del Norte,2,North America,Canada,CAN,126
SterisonTechnologyPrivateLimited,http://www.sterison.com,"Thuckalay, India","$1,000+",< $25 / hr,10 - 49,15%,Thuckalay,,India,Informado,Informado,49,10 - 49,Empresa pequeña ,SMB,AI Service residual,Empresa diversificada cuya participación de IA es limitada o residual,Asia,2,Asia,India,IND,441
SysmoITsolutions,https://sysmo.pl,"Poznań, Poland",Undisclosed,Undisclosed,2 - 9,10%,Poznań,,Poland,No informado,No informado,9,2 - 9,Micro Empresa,SMB,AI Service residual,Empresa diversificada cuya participación de IA es limitada o residual,Europa,0,Europe,Poland,POL,147
GigaNeo,http://consulting.giganeomarket.com/,"Prague, Czech Republic","$5,000+",$25 - $49 / hr,2 - 9,10%,Prague,,Czech Republic,Informado,Informado,9,2 - 9,Micro Empresa,SMB,AI Service residual,Empresa diversificada cuya participación de IA es limitada o residual,Europa,2,Europe,Czech Republic,CZE,24
EngineRoom.io®,http://www.engineroom.io,"Alexandria, Australia",Undisclosed,$100 - $149 / hr,2 - 9,10%,Alexandria,,Australia,No informado,Informado,9,2 - 9,Micro Empresa,SMB,AI Service residual,Empresa diversificada cuya participación de IA es limitada o residual,Oceanía,1,Oceania,Australia,AUS,96
Sysamic,http://www.sysamic.com/,"Shibuya City, Japan","$5,000+",$100 - $149 / hr,2 - 9,10%,Shibuya City,,Japan,Informado,Informado,9,2 - 9,Micro Empresa,SMB,AI Service residual,Empresa diversificada cuya participación de IA es limitada o residual,Asia,2,Asia,Japan,Japan,8
SuhradInfoTech,https://suhradinfotech.com/,"Vadodara, India",Undisclosed,Undisclosed,2 - 9,10%,Vadodara,,India,No informado,No informado,9,2 - 9,Micro Empresa,SMB,AI Service residual,Empresa diversificada cuya participación de IA es limitada o residual,Asia,0,Asia,India,IND,441
BitdomLtd.-PythonAgency,https://pythonagency.com/,"to, Poland","$10,000+",$50 - $99 / hr,2 - 9,10%,to,,Poland,Informado,Informado,9,2 - 9,Micro Empresa,SMB,AI Service residual,Empresa diversificada cuya participación de IA es limitada o residual,Europa,2,Europe,Poland,POL,147
UltimaMillaSoftware,http://www.ultimamilla.com.ar,"Mendoza, Argentina","$1,000+",< $25 / hr,2 - 9,10%,Mendoza,,Argentina,Informado,Informado,9,2 - 9,Micro Empresa,SMB,AI Service residual,Empresa diversificada cuya participación de IA es limitada o residual,América del Sur,2,South America,Argentina,ARG,29
InDigitalGroup,http://indigitalgroup.com,"London, United Kingdom","$1,000+",$100 - $149 / hr,2 - 9,10%,London,,United Kingdom,Informado,Informado,9,2 - 9,Micro Empresa,SMB,AI Service residual,Empresa diversificada cuya participación de IA es limitada o residual,Europa,2,Europe,United Kingdom,GBR,304
PureLabs,http://www.purelabs.io,"München, Germany","$25,000+",$100 - $149 / hr,2 - 9,10%,München,,Germany,Informado,Informado,9,2 - 9,Micro Empresa,SMB,AI Service residual,Empresa diversificada cuya participación de IA es limitada o residual,Europa,2,Europe,Germany,DEU,47
CogdinaInc,http://www.cogdina.com,"Waterloo, Canada","$10,000+",$50 - $99 / hr,2 - 9,10%,Waterloo,,Canada,Informado,Informado,9,2 - 9,Micro Empresa,SMB,AI Service residual,Empresa diversificada cuya participación de IA es limitada o residual,América del Norte,2,North America,Canada,CAN,126
coderPro.net,https://coderpro.net,"Chicago, IL","$1,000+",$50 - $99 / hr,2 - 9,10%,Chicago,IL,USA,Informado,Informado,9,2 - 9,Micro Empresa,SMB,AI Service residual,Empresa diversificada cuya participación de IA es limitada o residual,América del Norte,2,North America,USA,USA,917
Bluejireh,http://www.bluejireh.com,"Birmingham, AL",Undisclosed,Undisclosed,2 - 9,10%,Birmingham,AL,USA,No informado,No informado,9,2 - 9,Micro Empresa,SMB,AI Service residual,Empresa diversificada cuya participación de IA es limitada o residual,América del Norte,0,North America,USA,USA,917
CKPMedia,http://www.ckpmedia.com/,"New York, NY",Undisclosed,Undisclosed,2 - 9,10%,New York,NY,USA,No informado,No informado,9,2 - 9,Micro Empresa,SMB,AI Service residual,Empresa diversificada cuya participación de IA es limitada o residual,América del Norte,0,North America,USA,USA,917
ApticConsulting,https://apticconsulting.com/,"Las Vegas, NV","$5,000+",$100 - $149 / hr,2 - 9,10%,Las Vegas,NV,USA,Informado,Informado,9,2 - 9,Micro Empresa,SMB,AI Service residual,Empresa diversificada cuya participación de IA es limitada o residual,América del Norte,2,North America,USA,USA,917
CodeLeap,https://codeleap.co.uk/,"London, United Kingdom","$10,000+",$50 - $99 / hr,2 - 9,10%,London,,United Kingdom,Informado,Informado,9,2 - 9,Micro Empresa,SMB,AI Service residual,Empresa diversificada cuya participación de IA es limitada o residual,Europa,2,Europe,United Kingdom,GBR,304
TechaviaITSolutions,https://techaviait.com,"Cuttack, India","$1,000+",$150 - $199 / hr,2 - 9,10%,Cuttack,,India,Informado,Informado,9,2 - 9,Micro Empresa,SMB,AI Service residual,Empresa diversificada cuya participación de IA es limitada o residual,Asia,2,Asia,India,IND,441
DeepForkTechnology,https://www.deepforktechnology.com/,"Oklahoma City, OK","$10,000+",$150 - $199 / hr,2 - 9,10%,Oklahoma City,OK,USA,Informado,Informado,9,2 - 9,Micro Empresa,SMB,AI Service residual,Empresa diversificada cuya participación de IA es limitada o residual,América del Norte,2,North America,USA,USA,917
RapidLab,https://rapidlab.io,"Poznań, Poland",Undisclosed,Undisclosed,2 - 9,10%,Poznań,,Poland,No informado,No informado,9,2 - 9,Micro Empresa,SMB,AI Service residual,Empresa diversificada cuya participación de IA es limitada o residual,Europa,0,Europe,Poland,POL,147
Craftech360,http://www.craftech360.com,"Bengaluru, India","$1,000+",$25 - $49 / hr,10 - 49,10%,Bengaluru,,India,Informado,Informado,49,10 - 49,Empresa pequeña ,SMB,AI Service residual,Empresa diversificada cuya participación de IA es limitada o residual,Asia,2,Asia,India,IND,441
KMTEQ,https://www.kmteq.com/,"Chennai, India",Undisclosed,Undisclosed,10 - 49,10%,Chennai,,India,No informado,No informado,49,10 - 49,Empresa pequeña ,SMB,AI Service residual,Empresa diversificada cuya participación de IA es limitada o residual,Asia,0,Asia,India,IND,441
DRAP,https://www.drap.agency/,"Zagreb, Croatia","$1,000+",$25 - $49 / hr,10 - 49,20%,Zagreb,,Croatia,Informado,Informado,49,10 - 49,Empresa pequeña ,SMB,AI Service complementary, Empresa diversificada que ofrece IA como una línea de servicio complementaria,Europa,2,Europe,Croatia,HRV,17
ITFAQSystems&Softwares,https://www.duplicateitfaq-systems.ae/,"Dubai, United Arab Emirates",Undisclosed,Undisclosed,10 - 49,20%,Dubai,,United Arab Emirates,No informado,No informado,49,10 - 49,Empresa pequeña ,SMB,AI Service complementary, Empresa diversificada que ofrece IA como una línea de servicio complementaria,Oriente Medio,0,Middle East,United Arab Emirates,ARE,39
CloudForce,http://www.cloudforce.cn/en/,"Dalian Shi, China","$1,000+",$25 - $49 / hr,10 - 49,20%,Dalian Shi,,China,Informado,Informado,49,10 - 49,Empresa pequeña ,SMB,AI Service complementary, Empresa diversificada que ofrece IA como una línea de servicio complementaria,Asia,2,Asia,China,China,87
ShookIOT,https://www.shookiot.com,"Edmonton, Canada",Undisclosed,Undisclosed,10 - 49,20%,Edmonton,,Canada,No informado,No informado,49,10 - 49,Empresa pequeña ,SMB,AI Service complementary, Empresa diversificada que ofrece IA como una línea de servicio complementaria,América del Norte,0,North America,Canada,CAN,126
DataShallAnalyticsLtd.,https://datashall.com/,"Dhaka, Bangladesh",Undisclosed,Undisclosed,10 - 49,20%,Dhaka,,Bangladesh,No informado,No informado,49,10 - 49,Empresa pequeña ,SMB,AI Service complementary, Empresa diversificada que ofrece IA como una línea de servicio complementaria,Asia,0,Asia,Bangladesh,BGD,19
NewComputerTechnologyConsultingCo.Ltd.,https://nctthai.com/,"Bangkok, Thailand","$10,000+",$25 - $49 / hr,10 - 49,20%,Bangkok,,Thailand,Informado,Informado,49,10 - 49,Empresa pequeña ,SMB,AI Service complementary, Empresa diversificada que ofrece IA como una línea de servicio complementaria,Asia,2,Asia,Thailand,THA,5
HILLERTNEXT,https://www.hillertnext.com/,"München, Germany",Undisclosed,Undisclosed,10 - 49,20%,München,,Germany,No informado,No informado,49,10 - 49,Empresa pequeña ,SMB,AI Service complementary, Empresa diversificada que ofrece IA como una línea de servicio complementaria,Europa,0,Europe,Germany,DEU,47
Uinno,https://uinno.io/,"Tallinn, Estonia","$50,000+",$50 - $99 / hr,50 - 249,20%,Tallinn,,Estonia,Informado,Informado,249,50 - 249,Empresa mediana/ SME,SMB,AI Service complementary, Empresa diversificada que ofrece IA como una línea de servicio complementaria,Europa,2,Europe,Estonia,EST,17
abstractR,http://abstract-r.com/,"Šlapanice, Czech Republic","$25,000+",$50 - $99 / hr,10 - 49,50%,Šlapanice,,Czech Republic,Informado,Informado,49,10 - 49,Empresa pequeña ,SMB,AI Focus,"Empresa con especialización destacada en IA, representa más de la mitad de su actividad",Europa,2,Europe,Czech Republic,CZE,24
Bitbotstudios,https://bitbotstudios.co/,"London, United Kingdom","$10,000+",Undisclosed,2 - 9,100%,London,,United Kingdom,Informado,No informado,9,2 - 9,Micro Empresa,SMB,AI Focus principal,Empresa que su negocio principal gira en torno a servicios AI,Europa,1,Europe,United Kingdom,GBR,304
CoreView,https://www.coreviewsystems.com/contact-us.html,"Pune, India","$50,000+",$25 - $49 / hr,50 - 249,50%,Pune,,India,Informado,Informado,249,50 - 249,Empresa mediana/ SME,SMB,AI Focus,"Empresa con especialización destacada en IA, representa más de la mitad de su actividad",Asia,2,Asia,India,IND,441
Ortom,https://www.ortom.ai/,"Manchester, United Kingdom","$5,000+",$100 - $149 / hr,Freelancer,80%,Manchester,,United Kingdom,Informado,Informado,0,No informado,No aplica,Freelancer,AI Focus principal,Empresa que su negocio principal gira en torno a servicios AI,Europa,2,Europe,United Kingdom,GBR,304
SmartboxMedia,https://smartboxmedia.us/contact/,"McAllan, TX","$5,000+",< $25 / hr,50 - 249,10%,McAllan,TX,USA,Informado,Informado,249,50 - 249,Empresa mediana/ SME,SMB,AI Service residual,Empresa diversificada cuya participación de IA es limitada o residual,América del Norte,2,North America,USA,USA,917
Hashtaag™,https://hashtaag.com/,"Bengaluru, India","$25,000+",$25 - $49 / hr,50 - 249,60%,Bengaluru,,India,Informado,Informado,249,50 - 249,Empresa mediana/ SME,SMB,AI Focus,"Empresa con especialización destacada en IA, representa más de la mitad de su actividad",Asia,2,Asia,India,IND,441
IdeaUsher,https://ideausher.com/,"Sahibzada Ajit Singh Nagar, India","$5,000+",$25 - $49 / hr,250 - 999,25%,Sahibzada Ajit Singh Nagar,,India,Informado,Informado,999,250 - 999,Empresa grande/fuera SME,Mid-market,AI Service complementary, Empresa diversificada que ofrece IA como una línea de servicio complementaria,Asia,2,Asia,India,IND,441
PushInteractions,http://www.pushinteractions.com/,"Saskatoon, Canada","$5,000+",$50 - $99 / hr,10 - 49,10%,Saskatoon,,Canada,Informado,Informado,49,10 - 49,Empresa pequeña ,SMB,AI Service residual,Empresa diversificada cuya participación de IA es limitada o residual,América del Norte,2,North America,Canada,CAN,126
DeepVision,https://www.deepvisionai.com/,"Costa Mesa, GA","$5,000+",$300+ / hr,10 - 49,100%,Costa Mesa,GA,USA,Informado,Informado,49,10 - 49,Empresa pequeña ,SMB,AI Focus principal,Empresa que su negocio principal gira en torno a servicios AI,América del Norte,2,North America,USA,USA,917
Winder.AI,https://winder.ai,"Harrogate, United Kingdom","$25,000+",$200 - $300 / hr,2 - 9,100%,Harrogate,,United Kingdom,Informado,Informado,9,2 - 9,Micro Empresa,SMB,AI Focus principal,Empresa que su negocio principal gira en torno a servicios AI,Europa,2,Europe,United Kingdom,GBR,304
KERNELBAY,http://www.kernelbay.com,"Nicosia, Cyprus","$10,000+",$50 - $99 / hr,2 - 9,80%,Nicosia,,Cyprus,Informado,Informado,9,2 - 9,Micro Empresa,SMB,AI Focus principal,Empresa que su negocio principal gira en torno a servicios AI,Europa,2,Europe,Cyprus,CYP,5
PearlDataFirm,https://pearldatafirm.com/,"Kampala, Uganda","$1,000+",$25 - $49 / hr,50 - 249,20%,Kampala,,Uganda,Informado,Informado,249,50 - 249,Empresa mediana/ SME,SMB,AI Service complementary, Empresa diversificada que ofrece IA como una línea de servicio complementaria,África,2,Africa,Uganda,UGA,1
DexTechnologies,https://dex.re,"Kyiv, Ukraine","$5,000+",$50 - $99 / hr,2 - 9,65%,Kyiv,,Ukraine,Informado,Informado,9,2 - 9,Micro Empresa,SMB,AI Focus,"Empresa con especialización destacada en IA, representa más de la mitad de su actividad",Europa,2,Europe,Ukraine,UKR,92
LabelYourData,https://labelyourdata.com/,"Kyiv, Ukraine","$1,000+",< $25 / hr,250 - 999,20%,Kyiv,,Ukraine,Informado,Informado,999,250 - 999,Empresa grande/fuera SME,Mid-market,AI Service complementary, Empresa diversificada que ofrece IA como una línea de servicio complementaria,Europa,2,Europe,Ukraine,UKR,92
BlueRider.Software,https://bluerider.software/,"Białystok, Poland","$10,000+",$25 - $49 / hr,10 - 49,50%,Białystok,,Poland,Informado,Informado,49,10 - 49,Empresa pequeña ,SMB,AI Focus,"Empresa con especialización destacada en IA, representa más de la mitad de su actividad",Europa,2,Europe,Poland,POL,147
JuppiterAILabs,https://juppiterailabs.com/index.php/about/,"New Delhi, India","$10,000+",$25 - $49 / hr,50 - 249,50%,New Delhi,,India,Informado,Informado,249,50 - 249,Empresa mediana/ SME,SMB,AI Focus,"Empresa con especialización destacada en IA, representa más de la mitad de su actividad",Asia,2,Asia,India,IND,441
Crux2core,https://crux2core.com/,"Gurugram, India",Undisclosed,Undisclosed,10 - 49,80%,Gurugram,,India,No informado,No informado,49,10 - 49,Empresa pequeña ,SMB,AI Focus principal,Empresa que su negocio principal gira en torno a servicios AI,Asia,0,Asia,India,IND,441
TLVTech,https://www.tlvtech.io,"Ramat Gan, Israel","$5,000+",$100 - $149 / hr,10 - 49,10%,Ramat Gan,,Israel,Informado,Informado,49,10 - 49,Empresa pequeña ,SMB,AI Service residual,Empresa diversificada cuya participación de IA es limitada o residual,Oriente Medio,2,Middle East,Israel,ISR,10
NILG.AI,https://www.nilg.ai,"Porto, Portugal","$5,000+",$50 - $99 / hr,2 - 9,60%,Porto,,Portugal,Informado,Informado,9,2 - 9,Micro Empresa,SMB,AI Focus,"Empresa con especialización destacada en IA, representa más de la mitad de su actividad",Europa,2,Europe,Portugal,PRT,9
Noctuai,https://noctuai.com/,"Warszawa, Poland","$10,000+",$50 - $99 / hr,10 - 49,60%,Warszawa,,Poland,Informado,Informado,49,10 - 49,Empresa pequeña ,SMB,AI Focus,"Empresa con especialización destacada en IA, representa más de la mitad de su actividad",Europa,2,Europe,Poland,POL,147
AltSolution,http://altsolution.net/,"Kyiv, Ukraine","$5,000+",$25 - $49 / hr,10 - 49,10%,Kyiv,,Ukraine,Informado,Informado,49,10 - 49,Empresa pequeña ,SMB,AI Service residual,Empresa diversificada cuya participación de IA es limitada o residual,Europa,2,Europe,Ukraine,UKR,92
ElmoSoft,https://www.elmosoft.net,"Tallinn, Estonia","$10,000+",$25 - $49 / hr,10 - 49,10%,Tallinn,,Estonia,Informado,Informado,49,10 - 49,Empresa pequeña ,SMB,AI Service residual,Empresa diversificada cuya participación de IA es limitada o residual,Europa,2,Europe,Estonia,EST,17
Zpoken,https://zpoken.io,"Kyiv, Ukraine","$5,000+",$25 - $49 / hr,10 - 49,50%,Kyiv,,Ukraine,Informado,Informado,49,10 - 49,Empresa pequeña ,SMB,AI Focus,"Empresa con especialización destacada en IA, representa más de la mitad de su actividad",Europa,2,Europe,Ukraine,UKR,92
QDS,https://qdsasia.com/,Singapore,"$10,000+",$25 - $49 / hr,10 - 49,15%,Singapore,,Singapore,Informado,Informado,49,10 - 49,Empresa pequeña ,SMB,AI Service residual,Empresa diversificada cuya participación de IA es limitada o residual,Asia,2,Asia,Singapore,SGP,24
FlexisUS,http://flexisus.com,"Palo Alto, CA",Undisclosed,Undisclosed,50 - 249,40%,Palo Alto,CA,USA,No informado,No informado,249,50 - 249,Empresa mediana/ SME,SMB,AI Service complementary, Empresa diversificada que ofrece IA como una línea de servicio complementaria,América del Norte,0,North America,USA,USA,917
LimerineSoftwarePvtLtd,https://limerine.com,"Gurugram, India","$1,000+",< $25 / hr,2 - 9,90%,Gurugram,,India,Informado,Informado,9,2 - 9,Micro Empresa,SMB,AI Focus principal,Empresa que su negocio principal gira en torno a servicios AI,Asia,2,Asia,India,IND,441
AffinitiAI,http://affiniti.ai,"London, United Kingdom","$75,000+",$50 - $99 / hr,2 - 9,100%,London,,United Kingdom,Informado,Informado,9,2 - 9,Micro Empresa,SMB,AI Focus principal,Empresa que su negocio principal gira en torno a servicios AI,Europa,2,Europe,United Kingdom,GBR,304
AreusDevelopment,http://www.areusdev.com/,"București, Romania","$10,000+",$25 - $49 / hr,50 - 249,10%,București,,Romania,Informado,Informado,249,50 - 249,Empresa mediana/ SME,SMB,AI Service residual,Empresa diversificada cuya participación de IA es limitada o residual,Europa,2,Europe,Romania,ROU,27
Retrocube,https://www.retrocube.com/,"Dallas, TX","$10,000+",$25 - $49 / hr,50 - 249,10%,Dallas,TX,USA,Informado,Informado,249,50 - 249,Empresa mediana/ SME,SMB,AI Service residual,Empresa diversificada cuya participación de IA es limitada o residual,América del Norte,2,North America,USA,USA,917
MrmmbsVision,https://www.mrmmbsvision.com/,"New Delhi, India","$5,000+",$25 - $49 / hr,10 - 49,10%,New Delhi,,India,Informado,Informado,49,10 - 49,Empresa pequeña ,SMB,AI Service residual,Empresa diversificada cuya participación de IA es limitada o residual,Asia,2,Asia,India,IND,441
Pento,https://pento.ai/,"Montevideo, Uruguay","$25,000+",$50 - $99 / hr,2 - 9,100%,Montevideo,,Uruguay,Informado,Informado,9,2 - 9,Micro Empresa,SMB,AI Focus principal,Empresa que su negocio principal gira en torno a servicios AI,América del Sur,2,South America,Uruguay,URY,22
Hekate,https://hekate.ai/,"Danang, Vietnam","$10,000+",< $25 / hr,50 - 249,40%,Danang,,Vietnam,Informado,Informado,249,50 - 249,Empresa mediana/ SME,SMB,AI Service complementary, Empresa diversificada que ofrece IA como una línea de servicio complementaria,Asia,2,Asia,Vietnam,VNM,29
Vectorform,http://www.vectorform.com/,"Royal Oak, MI",Undisclosed,$200 - $300 / hr,50 - 249,10%,Royal Oak,MI,USA,No informado,Informado,249,50 - 249,Empresa mediana/ SME,SMB,AI Service residual,Empresa diversificada cuya participación de IA es limitada o residual,América del Norte,1,North America,USA,USA,917
PragnakalpTechlabs,https://www.pragnakalp.com,"Ahmedabad, India","$5,000+",$25 - $49 / hr,10 - 49,50%,Ahmedabad,,India,Informado,Informado,49,10 - 49,Empresa pequeña ,SMB,AI Focus,"Empresa con especialización destacada en IA, representa más de la mitad de su actividad",Asia,2,Asia,India,IND,441
Outforz,https://outforz.com/,"Kyiv, Ukraine","$1,000+",< $25 / hr,10 - 49,70%,Kyiv,,Ukraine,Informado,Informado,49,10 - 49,Empresa pequeña ,SMB,AI Focus principal,Empresa que su negocio principal gira en torno a servicios AI,Europa,2,Europe,Ukraine,UKR,92
Explorai,https://explor.ai,"Longueuil, Canada","$5,000+",$150 - $199 / hr,10 - 49,75%,Longueuil,,Canada,Informado,Informado,49,10 - 49,Empresa pequeña ,SMB,AI Focus principal,Empresa que su negocio principal gira en torno a servicios AI,América del Norte,2,North America,Canada,CAN,126
Vistalore,https://vistalore.com,"Joshua, TX","$1,000+",$100 - $149 / hr,Freelancer,80%,Joshua,TX,USA,Informado,Informado,0,No informado,No aplica,Freelancer,AI Focus principal,Empresa que su negocio principal gira en torno a servicios AI,América del Norte,2,North America,USA,USA,917
OrangeLoops,http://orangeloops.com/,"Boston, MA","$5,000+",$50 - $99 / hr,50 - 249,10%,Boston,MA,USA,Informado,Informado,249,50 - 249,Empresa mediana/ SME,SMB,AI Service residual,Empresa diversificada cuya participación de IA es limitada o residual,América del Norte,2,North America,USA,USA,917
AIDerivatives,https://aiderivatives.co,"Draper, UT","$10,000+",$50 - $99 / hr,2 - 9,75%,Draper,UT,USA,Informado,Informado,9,2 - 9,Micro Empresa,SMB,AI Focus principal,Empresa que su negocio principal gira en torno a servicios AI,América del Norte,2,North America,USA,USA,917
Infrrd,https://infrrd.ai/,"San Jose, CA","$25,000+",$150 - $199 / hr,250 - 999,100%,San Jose,CA,USA,Informado,Informado,999,250 - 999,Empresa grande/fuera SME,Mid-market,AI Focus principal,Empresa que su negocio principal gira en torno a servicios AI,América del Norte,2,North America,USA,USA,917
Luxolis,https://luxpmsoft.com/,"Seongnam-si, South Korea","$10,000+",Undisclosed,10 - 49,25%,Seongnam-si,,South Korea,Informado,No informado,49,10 - 49,Empresa pequeña ,SMB,AI Service complementary, Empresa diversificada que ofrece IA como una línea de servicio complementaria,Asia,1,Asia,South Korea,South Korea,2
INNOVANT,https://innovant.us/,"Montevideo, Uruguay","$10,000+",$50 - $99 / hr,50 - 249,10%,Montevideo,,Uruguay,Informado,Informado,249,50 - 249,Empresa mediana/ SME,SMB,AI Service residual,Empresa diversificada cuya participación de IA es limitada o residual,América del Sur,2,South America,Uruguay,URY,22
HubSpire,https://www.hubspire.com/,"New York, NY","$25,000+",$50 - $99 / hr,10 - 49,10%,New York,NY,USA,Informado,Informado,49,10 - 49,Empresa pequeña ,SMB,AI Service residual,Empresa diversificada cuya participación de IA es limitada o residual,América del Norte,2,North America,USA,USA,917
AlpineIntuition,https://www.alpineintuition.ch,"Lonay, Switzerland",Undisclosed,Undisclosed,10 - 49,50%,Lonay,,Switzerland,No informado,No informado,49,10 - 49,Empresa pequeña ,SMB,AI Focus,"Empresa con especialización destacada en IA, representa más de la mitad de su actividad",Europa,0,Europe,Switzerland,CHE,21
TrustID,http://www.trustid.co.uk,"Reading, United Kingdom","$1,000+",Undisclosed,10 - 49,40%,Reading,,United Kingdom,Informado,No informado,49,10 - 49,Empresa pequeña ,SMB,AI Service complementary, Empresa diversificada que ofrece IA como una línea de servicio complementaria,Europa,1,Europe,United Kingdom,GBR,304
1T2B,https://1t2b.eu/,"Vilnius, Lithuania","$1,000+",$25 - $49 / hr,10 - 49,22%,Lithuania,,Lithuania,Informado,Informado,49,10 - 49,Empresa pequeña ,SMB,AI Service complementary, Empresa diversificada que ofrece IA como una línea de servicio complementaria,Europa,2,Europe,Lithuania,LTU,12
XpertSolvers,https://xpertsolvers.com,"Bamberg, Germany","$1,000+",$25 - $49 / hr,10 - 49,15%,Bamberg,,Germany,Informado,Informado,49,10 - 49,Empresa pequeña ,SMB,AI Service residual,Empresa diversificada cuya participación de IA es limitada o residual,Europa,2,Europe,Germany,DEU,47
KorahLimited,http://korahlimited.com/,"Markham, Canada","$1,000+",Undisclosed,10 - 49,50%,Markham,,Canada,Informado,No informado,49,10 - 49,Empresa pequeña ,SMB,AI Focus,"Empresa con especialización destacada en IA, representa más de la mitad de su actividad",América del Norte,1,North America,Canada,CAN,126
Vstorm,https://vstorm.co/,"Wrocław, Poland","$5,000+",$25 - $49 / hr,10 - 49,10%,Wrocław,,Poland,Informado,Informado,49,10 - 49,Empresa pequeña ,SMB,AI Service residual,Empresa diversificada cuya participación de IA es limitada o residual,Europa,2,Europe,Poland,POL,147
ExcellediaDigitalInnovation,https://www.eiuk.org/,"Kochi, India","$1,000+",$25 - $49 / hr,10 - 49,20%,Kochi,,India,Informado,Informado,49,10 - 49,Empresa pequeña ,SMB,AI Service complementary, Empresa diversificada que ofrece IA como una línea de servicio complementaria,Asia,2,Asia,India,IND,441
Incodeks,https://www.incodeks.com,"Prishtinë, Kosovo","$10,000+",$25 - $49 / hr,10 - 49,20%,Prishtinë,,Kosovo,Informado,Informado,49,10 - 49,Empresa pequeña ,SMB,AI Service complementary, Empresa diversificada que ofrece IA como una línea de servicio complementaria,Europa,2,Europe,Kosovo,XKX,2
"York&Whiting,LLC",http://www.yorkandwhiting.com/,"Yorktown, VA",Undisclosed,Undisclosed,10 - 49,20%,Yorktown,VA,USA,No informado,No informado,49,10 - 49,Empresa pequeña ,SMB,AI Service complementary, Empresa diversificada que ofrece IA como una línea de servicio complementaria,América del Norte,0,North America,USA,USA,917
"KastellumGroup,LLC",https://www.kastellum.com/,"Odessa, FL",Undisclosed,Undisclosed,10 - 49,20%,Odessa,FL,USA,No informado,No informado,49,10 - 49,Empresa pequeña ,SMB,AI Service complementary, Empresa diversificada que ofrece IA como una línea de servicio complementaria,América del Norte,0,North America,USA,USA,917
AsteroidGroup,http://asteroidgroup.co,"Dębica, Poland","$10,000+",$25 - $49 / hr,10 - 49,20%,Dębica,,Poland,Informado,Informado,49,10 - 49,Empresa pequeña ,SMB,AI Service complementary, Empresa diversificada que ofrece IA como una línea de servicio complementaria,Europa,2,Europe,Poland,POL,147
BOTMATIC,https://www.botmaticsolution.com/,"Pune, India","$1,000+",$25 - $49 / hr,10 - 49,20%,Pune,,India,Informado,Informado,49,10 - 49,Empresa pequeña ,SMB,AI Service complementary, Empresa diversificada que ofrece IA como una línea de servicio complementaria,Asia,2,Asia,India,IND,441
SpearsLab,https://www.spearslab.com,"Lekki, Nigeria","$1,000+",$50 - $99 / hr,10 - 49,20%,Lekki,,Nigeria,Informado,Informado,49,10 - 49,Empresa pequeña ,SMB,AI Service complementary, Empresa diversificada que ofrece IA como una línea de servicio complementaria,África,2,Africa,Nigeria,NGA,4
PerisyncTechnologies,https://www.perisync.com,"Bengaluru, India","$5,000+",< $25 / hr,10 - 49,20%,Bengaluru,,India,Informado,Informado,49,10 - 49,Empresa pequeña ,SMB,AI Service complementary, Empresa diversificada que ofrece IA como una línea de servicio complementaria,Asia,2,Asia,India,IND,441
XSAVTechnologyPVTLTD,http://www.savtechnologys.com,"Pune, India","$5,000+",$25 - $49 / hr,10 - 49,20%,Pune,,India,Informado,Informado,49,10 - 49,Empresa pequeña ,SMB,AI Service complementary, Empresa diversificada que ofrece IA como una línea de servicio complementaria,Asia,2,Asia,India,IND,441
IdataSolutionsPvt.Ltd.,https://idata.com.np/,"Kathmandu, Nepal","$1,000+",$25 - $49 / hr,10 - 49,20%,Kathmandu,,Nepal,Informado,Informado,49,10 - 49,Empresa pequeña ,SMB,AI Service complementary, Empresa diversificada que ofrece IA como una línea de servicio complementaria,Asia,2,Asia,Nepal,NPL,3
Tessafold,https://www.tessafold.com,"Berlin, Germany","$5,000+",$50 - $99 / hr,10 - 49,20%,Berlin,,Germany,Informado,Informado,49,10 - 49,Empresa pequeña ,SMB,AI Service complementary, Empresa diversificada que ofrece IA como una línea de servicio complementaria,Europa,2,Europe,Germany,DEU,47
ZYTcodeSolutionsPvtLtd,http://www.zytcode.com,"Bengaluru, India","$100,000+",< $25 / hr,10 - 49,20%,Bengaluru,,India,Informado,Informado,49,10 - 49,Empresa pequeña ,SMB,AI Service complementary, Empresa diversificada que ofrece IA como una línea de servicio complementaria,Asia,2,Asia,India,IND,441
Dosion,http://www.dosion.net/,"Xiangxi Tujia and Miao Autonomous Prefecture, China",Undisclosed,Undisclosed,10 - 49,20%,Xiangxi Tujia and Miao Autonomous Prefecture,,China,No informado,No informado,49,10 - 49,Empresa pequeña ,SMB,AI Service complementary, Empresa diversificada que ofrece IA como una línea de servicio complementaria,Asia,0,Asia,China,China,87
Ipinnovatech,http://www.ipinnovatech.co,"Cali, Colombia",Undisclosed,Undisclosed,10 - 49,20%,Cali,,Colombia,No informado,No informado,49,10 - 49,Empresa pequeña ,SMB,AI Service complementary, Empresa diversificada que ofrece IA como una línea de servicio complementaria,América del Sur,0,South America,Colombia,COL,43
Seaflux,https://www.seaflux.tech/,"Ahmedabad, India","$25,000+",$25 - $49 / hr,10 - 49,20%,Ahmedabad,,India,Informado,Informado,49,10 - 49,Empresa pequeña ,SMB,AI Service complementary, Empresa diversificada que ofrece IA como una línea de servicio complementaria,Asia,2,Asia,India,IND,441
SINERWARES.A.S.,http://www.sinerware.com/,"Bogotá, Colombia",Undisclosed,Undisclosed,10 - 49,20%,Bogotá,,Colombia,No informado,No informado,49,10 - 49,Empresa pequeña ,SMB,AI Service complementary, Empresa diversificada que ofrece IA como una línea de servicio complementaria,América del Sur,0,South America,Colombia,COL,43
VirtualAnalytics,https://www.virtualanalytics.ai,"Noida, India","$5,000+",$25 - $49 / hr,10 - 49,20%,Noida,,India,Informado,Informado,49,10 - 49,Empresa pequeña ,SMB,AI Service complementary, Empresa diversificada que ofrece IA como una línea de servicio complementaria,Asia,2,Asia,India,IND,441
SiliconNexus,http://silicon-nexus.com/,"Lahore, Pakistan","$1,000+",$25 - $49 / hr,10 - 49,20%,Lahore,,Pakistan,Informado,Informado,49,10 - 49,Empresa pequeña ,SMB,AI Service complementary, Empresa diversificada que ofrece IA como una línea de servicio complementaria,Asia,2,Asia,Pakistan,PAK,61
"Tasi,LLC",https://www.tasi.biz/,"Tucson, AZ",Undisclosed,Undisclosed,10 - 49,20%,Tucson,AZ,USA,No informado,No informado,49,10 - 49,Empresa pequeña ,SMB,AI Service complementary, Empresa diversificada que ofrece IA como una línea de servicio complementaria,América del Norte,0,North America,USA,USA,917
VAASIntelligentTechnologyServicesPrivateLimited,https://vaasits.com,"Ernakulam, India","$1,000+",< $25 / hr,10 - 49,20%,Ernakulam,,India,Informado,Informado,49,10 - 49,Empresa pequeña ,SMB,AI Service complementary, Empresa diversificada que ofrece IA como una línea de servicio complementaria,Asia,2,Asia,India,IND,441
GlobalxSolutions,http://globalxsolutions.com,"Karachi, Pakistan","$1,000+",$25 - $49 / hr,10 - 49,20%,Karachi,,Pakistan,Informado,Informado,49,10 - 49,Empresa pequeña ,SMB,AI Service complementary, Empresa diversificada que ofrece IA como una línea de servicio complementaria,Asia,2,Asia,Pakistan,PAK,61
ZamorinGlobalVenturesPvtLtd,https://www.zamorin.global/,"Kozhikode, India","$1,000+",$300+ / hr,10 - 49,20%,Kozhikode,,India,Informado,Informado,49,10 - 49,Empresa pequeña ,SMB,AI Service complementary, Empresa diversificada que ofrece IA como una línea de servicio complementaria,Asia,2,Asia,India,IND,441
QuantumSpace,https://quantumspacepteltd.com/,"Singapore, Singapore",Undisclosed,Undisclosed,10 - 49,20%,Singapore,,Singapore,No informado,No informado,49,10 - 49,Empresa pequeña ,SMB,AI Service complementary, Empresa diversificada que ofrece IA como una línea de servicio complementaria,Asia,0,Asia,Singapore,SGP,24
CheverTech,https://www.chevertech.com/,"Dubai, United Arab Emirates",Undisclosed,Undisclosed,10 - 49,20%,Dubai,,United Arab Emirates,No informado,No informado,49,10 - 49,Empresa pequeña ,SMB,AI Service complementary, Empresa diversificada que ofrece IA como una línea de servicio complementaria,Oriente Medio,0,Middle East,United Arab Emirates,ARE,39
KlatchTechnologies,https://klatchtech.com,"Guwahati, India",Undisclosed,$25 - $49 / hr,2 - 9,23%,Guwahati,,India,No informado,Informado,9,2 - 9,Micro Empresa,SMB,AI Service complementary, Empresa diversificada que ofrece IA como una línea de servicio complementaria,Asia,1,Asia,India,IND,441
Akurey,https://www.akurey.com,"San José, Costa Rica","$50,000+",$50 - $99 / hr,10 - 49,10%,San José,,Costa Rica,Informado,Informado,49,10 - 49,Empresa pequeña ,SMB,AI Service residual,Empresa diversificada cuya participación de IA es limitada o residual,Centroamérica,2,Central America,Costa Rica,Costa Rica,9
InfospicaConsultancyServices,https://www.infospica.com,"Thiruvananthapuram, India","$1,000+",$25 - $49 / hr,10 - 49,10%,Thiruvananthapuram,,India,Informado,Informado,49,10 - 49,Empresa pequeña ,SMB,AI Service residual,Empresa diversificada cuya participación de IA es limitada o residual,Asia,2,Asia,India,IND,441
InceptionInnovation,https://www.inceptioninnovation.com/,"Dubai, United Arab Emirates","$5,000+",$100 - $149 / hr,10 - 49,10%,Dubai,,United Arab Emirates,Informado,Informado,49,10 - 49,Empresa pequeña ,SMB,AI Service residual,Empresa diversificada cuya participación de IA es limitada o residual,Oriente Medio,2,Middle East,United Arab Emirates,ARE,39
MediaSolutions,http://www.mediasolutions.digital/,"Dubai, United Arab Emirates",Undisclosed,Undisclosed,10 - 49,10%,Dubai,,United Arab Emirates,No informado,No informado,49,10 - 49,Empresa pequeña ,SMB,AI Service residual,Empresa diversificada cuya participación de IA es limitada o residual,Oriente Medio,0,Middle East,United Arab Emirates,ARE,39
ImpulsiveWeb,https://www.impulsiveweb.com/,"Noida, India","$1,000+",$25 - $49 / hr,10 - 49,10%,Noida,,India,Informado,Informado,49,10 - 49,Empresa pequeña ,SMB,AI Service residual,Empresa diversificada cuya participación de IA es limitada o residual,Asia,2,Asia,India,IND,441
VirtueTechInc,http://www.virtuetechinc.com/,"Bellevue, WA","$100,000+",$100 - $149 / hr,10 - 49,10%,Bellevue,WA,USA,Informado,Informado,49,10 - 49,Empresa pequeña ,SMB,AI Service residual,Empresa diversificada cuya participación de IA es limitada o residual,América del Norte,2,North America,USA,USA,917
HelloBuild,https://hellobuild.co,"Coral Gables, FL","$75,000+",Undisclosed,10 - 49,10%,Coral Gables,FL,USA,Informado,No informado,49,10 - 49,Empresa pequeña ,SMB,AI Service residual,Empresa diversificada cuya participación de IA es limitada o residual,América del Norte,1,North America,USA,USA,917
EMCOMDevelopment,https://www.emcomponents.net,Poland,"$25,000+",$25 - $49 / hr,10 - 49,10%,Poland,,Poland,Informado,Informado,49,10 - 49,Empresa pequeña ,SMB,AI Service residual,Empresa diversificada cuya participación de IA es limitada o residual,Europa,2,Europe,Poland,POL,147
PocketApps,https://www.pktapps.com,"Ahmedabad, India","$5,000+",$25 - $49 / hr,10 - 49,10%,Ahmedabad,,India,Informado,Informado,49,10 - 49,Empresa pequeña ,SMB,AI Service residual,Empresa diversificada cuya participación de IA es limitada o residual,Asia,2,Asia,India,IND,441
HDINFOTECH,https://www.hdinfotech.co.in/,"Bengaluru, India","$1,000+",$25 - $49 / hr,10 - 49,10%,Bengaluru,,India,Informado,Informado,49,10 - 49,Empresa pequeña ,SMB,AI Service residual,Empresa diversificada cuya participación de IA es limitada o residual,Asia,2,Asia,India,IND,441
DoSystemsInc,https://www.dosystemsinc.com/,"Hyderabad, India","$5,000+",< $25 / hr,10 - 49,10%,Hyderabad,,India,Informado,Informado,49,10 - 49,Empresa pequeña ,SMB,AI Service residual,Empresa diversificada cuya participación de IA es limitada o residual,Asia,2,Asia,India,IND,441
CognagicInformatics,https://www.cognagic.com/,"Pimpri-Chinchwad, India","$5,000+",$25 - $49 / hr,10 - 49,10%,Pimpri-Chinchwad,,India,Informado,Informado,49,10 - 49,Empresa pequeña ,SMB,AI Service residual,Empresa diversificada cuya participación de IA es limitada o residual,Asia,2,Asia,India,IND,441
NNG,http://www.nng.bz/,"Ho Chi Minh, Vietnam","$5,000+",< $25 / hr,10 - 49,10%,Ho Chi Minh,,Vietnam,Informado,Informado,49,10 - 49,Empresa pequeña ,SMB,AI Service residual,Empresa diversificada cuya participación de IA es limitada o residual,Asia,2,Asia,Vietnam,VNM,29
XactideaLtd.,https://www.xactidea.com/,"ঢাকা, Bangladesh","$1,000+",$25 - $49 / hr,10 - 49,10%,ঢাকা,,Bangladesh,Informado,Informado,49,10 - 49,Empresa pequeña ,SMB,AI Service residual,Empresa diversificada cuya participación de IA es limitada o residual,Asia,2,Asia,Bangladesh,BGD,19
Flow2Code,http://flow2code.com,"Poznań, Poland","$5,000+",$25 - $49 / hr,10 - 49,10%,Poznań,,Poland,Informado,Informado,49,10 - 49,Empresa pequeña ,SMB,AI Service residual,Empresa diversificada cuya participación de IA es limitada o residual,Europa,2,Europe,Poland,POL,147
MiWeb,https://www.miweb.digital,"New York, NY","$5,000+",$50 - $99 / hr,10 - 49,10%,New York,NY,USA,Informado,Informado,49,10 - 49,Empresa pequeña ,SMB,AI Service residual,Empresa diversificada cuya participación de IA es limitada o residual,América del Norte,2,North America,USA,USA,917
WharfStreetStrategiesLimited,https://wharfstreetstrategies.com/,"Navi Mumbai, India","$1,000+",$25 - $49 / hr,10 - 49,10%,Navi Mumbai,,India,Informado,Informado,49,10 - 49,Empresa pequeña ,SMB,AI Service residual,Empresa diversificada cuya participación de IA es limitada o residual,Asia,2,Asia,India,IND,441
MysticRiverConsulting,https://mysticriver.consulting/,"Santa Monica, CA",Undisclosed,Undisclosed,10 - 49,10%,Santa Monica,CA,USA,No informado,No informado,49,10 - 49,Empresa pequeña ,SMB,AI Service residual,Empresa diversificada cuya participación de IA es limitada o residual,América del Norte,0,North America,USA,USA,917
Oxit,http://www.oxit.com,"Charlotte, NC","$5,000+",$100 - $149 / hr,10 - 49,10%,Charlotte,NC,USA,Informado,Informado,49,10 - 49,Empresa pequeña ,SMB,AI Service residual,Empresa diversificada cuya participación de IA es limitada o residual,América del Norte,2,North America,USA,USA,917
KeenSolution,http://keensolution.in/,"Mumbai, India","$10,000+",$25 - $49 / hr,10 - 49,10%,Mumbai,,India,Informado,Informado,49,10 - 49,Empresa pequeña ,SMB,AI Service residual,Empresa diversificada cuya participación de IA es limitada o residual,Asia,2,Asia,India,IND,441
UPGRIDSOFTWARE,https://upgrid.net,"Cluj-Napoca, Romania","$1,000+",$25 - $49 / hr,10 - 49,10%,Cluj-Napoca,,Romania,Informado,Informado,49,10 - 49,Empresa pequeña ,SMB,AI Service residual,Empresa diversificada cuya participación de IA es limitada o residual,Europa,2,Europe,Romania,ROU,27
BetterLives:),https://betterlives.world,"Coimbatore, India","$25,000+",$25 - $49 / hr,10 - 49,10%,Coimbatore,,India,Informado,Informado,49,10 - 49,Empresa pequeña ,SMB,AI Service residual,Empresa diversificada cuya participación de IA es limitada o residual,Asia,2,Asia,India,IND,441
EncasulateConsultancyINC,https://encasulate.com/,"Fremont, CA","$1,000+",$25 - $49 / hr,10 - 49,10%,Fremont,CA,USA,Informado,Informado,49,10 - 49,Empresa pequeña ,SMB,AI Service residual,Empresa diversificada cuya participación de IA es limitada o residual,América del Norte,2,North America,USA,USA,917
brandSuite,https://brandsuite.app,"Monroe Township, NJ",Undisclosed,Undisclosed,10 - 49,10%,Monroe Township,NJ,USA,No informado,No informado,49,10 - 49,Empresa pequeña ,SMB,AI Service residual,Empresa diversificada cuya participación de IA es limitada o residual,América del Norte,0,North America,USA,USA,917
VirtualCoders,https://www.virtualcoders.net,"Ahmedabad, India",Undisclosed,Undisclosed,10 - 49,10%,Ahmedabad,,India,No informado,No informado,49,10 - 49,Empresa pequeña ,SMB,AI Service residual,Empresa diversificada cuya participación de IA es limitada o residual,Asia,0,Asia,India,IND,441
HauperTechnologies,https://www.hauper.com,"Ahmedabad, India","$5,000+",< $25 / hr,10 - 49,10%,Ahmedabad,,India,Informado,Informado,49,10 - 49,Empresa pequeña ,SMB,AI Service residual,Empresa diversificada cuya participación de IA es limitada o residual,Asia,2,Asia,India,IND,441
SparkBrainsPvt.Ltd.,https://sparkbrains.in/,"Panchkula, India","$1,000+",< $25 / hr,10 - 49,10%,Panchkula,,India,Informado,Informado,49,10 - 49,Empresa pequeña ,SMB,AI Service residual,Empresa diversificada cuya participación de IA es limitada o residual,Asia,2,Asia,India,IND,441
OpenTurfTechnologies,https://www.openturf.in,"دبي, United Arab Emirates","$5,000+",< $25 / hr,10 - 49,10%,دبي,,United Arab Emirates,Informado,Informado,49,10 - 49,Empresa pequeña ,SMB,AI Service residual,Empresa diversificada cuya participación de IA es limitada o residual,Oriente Medio,2,Middle East,United Arab Emirates,ARE,39
Enginerasoft,https://enginerasoft.com/,"Sugar Land, TX","$5,000+",$25 - $49 / hr,10 - 49,10%,Sugar Land,TX,USA,Informado,Informado,49,10 - 49,Empresa pequeña ,SMB,AI Service residual,Empresa diversificada cuya participación de IA es limitada o residual,América del Norte,2,North America,USA,USA,917
Technisia,https://technisia.com,"Lahore, Pakistan","$1,000+",$25 - $49 / hr,10 - 49,10%,Lahore,,Pakistan,Informado,Informado,49,10 - 49,Empresa pequeña ,SMB,AI Service residual,Empresa diversificada cuya participación de IA es limitada o residual,Asia,2,Asia,Pakistan,PAK,61
TheBeehiveSoftware,https://thebeehivesoftware.com/,"San Diego, CA","$10,000+",$50 - $99 / hr,10 - 49,10%,San Diego,CA,USA,Informado,Informado,49,10 - 49,Empresa pequeña ,SMB,AI Service residual,Empresa diversificada cuya participación de IA es limitada o residual,América del Norte,2,North America,USA,USA,917
CieloAppB.V.(partnerofNaylalabsSoft.Dev.Agency),https://www.naylalabs.com/,"Amsterdam, Netherlands","$25,000+",Undisclosed,10 - 49,10%,Amsterdam,,Netherlands,Informado,No informado,49,10 - 49,Empresa pequeña ,SMB,AI Service residual,Empresa diversificada cuya participación de IA es limitada o residual,Europa,1,Europe,Netherlands,NLD,26
InNeedIntelligentCloud,https://inneed.cloud/,"Plano, TX","$10,000+",$50 - $99 / hr,10 - 49,10%,Plano,TX,USA,Informado,Informado,49,10 - 49,Empresa pequeña ,SMB,AI Service residual,Empresa diversificada cuya participación de IA es limitada o residual,América del Norte,2,North America,USA,USA,917
AugmentProLLP,https://b18animationstudio.com/,"Mumbai, India",Undisclosed,< $25 / hr,10 - 49,10%,Mumbai,,India,No informado,Informado,49,10 - 49,Empresa pequeña ,SMB,AI Service residual,Empresa diversificada cuya participación de IA es limitada o residual,Asia,1,Asia,India,IND,441
SAITSys,https://www.saitsys.com/,"Austin, TX","$1,000+",< $25 / hr,10 - 49,10%,Austin,TX,USA,Informado,Informado,49,10 - 49,Empresa pequeña ,SMB,AI Service residual,Empresa diversificada cuya participación de IA es limitada o residual,América del Norte,2,North America,USA,USA,917
FlashData,http://fd.myflashcloud.com/,"shanghai xuhui area, China","$1,000+",$25 - $49 / hr,250 - 999,10%,shanghai xuhui area,,China,Informado,Informado,999,250 - 999,Empresa grande/fuera SME,Mid-market,AI Service residual,Empresa diversificada cuya participación de IA es limitada o residual,Asia,2,Asia,China,China,87
OverAndAllTech,http://www.overandall.com/,"Mumbai, India","$25,000+",$25 - $49 / hr,2 - 9,10%,Mumbai,,India,Informado,Informado,9,2 - 9,Micro Empresa,SMB,AI Service residual,Empresa diversificada cuya participación de IA es limitada o residual,Asia,2,Asia,India,IND,441
eLearningDesignCenter,https://elearningdesigncenter.com,"Lyon Charter Township, MI",Undisclosed,Undisclosed,2 - 9,20%,Lyon Charter Township,MI,USA,No informado,No informado,9,2 - 9,Micro Empresa,SMB,AI Service complementary, Empresa diversificada que ofrece IA como una línea de servicio complementaria,América del Norte,0,North America,USA,USA,917
RiptechSolutions,http://www.riptechsolutions.com,"Nové Město (Praha 1), Czech Republic","$5,000+",$25 - $49 / hr,2 - 9,20%,Nové Město (Praha 1),,Czech Republic,Informado,Informado,9,2 - 9,Micro Empresa,SMB,AI Service complementary, Empresa diversificada que ofrece IA como una línea de servicio complementaria,Europa,2,Europe,Czech Republic,CZE,24
RESTGroup,https://restgroup.pl/en/,"Poznan, Poland","$1,000+",< $25 / hr,2 - 9,10%,Poznan,,Poland,Informado,Informado,9,2 - 9,Micro Empresa,SMB,AI Service residual,Empresa diversificada cuya participación de IA es limitada o residual,Europa,2,Europe,Poland,POL,147
LIBERATEDITLLP,https://www.liberatedit.com/,"New Delhi, India","$5,000+",< $25 / hr,2 - 9,10%,New Delhi,,India,Informado,Informado,9,2 - 9,Micro Empresa,SMB,AI Service residual,Empresa diversificada cuya participación de IA es limitada o residual,Asia,2,Asia,India,IND,441
DragoonsMedia,https://www.dragoonsmedia.com/,"Atlanta, GA",Undisclosed,Undisclosed,Freelancer,15%,Atlanta,GA,USA,No informado,No informado,0,No informado,No aplica,Freelancer,AI Service residual,Empresa diversificada cuya participación de IA es limitada o residual,América del Norte,0,North America,USA,USA,917
Nivalit,https://nivalit.com,"Kraków, Poland","$25,000+",$50 - $99 / hr,2 - 9,20%,Kraków,,Poland,Informado,Informado,9,2 - 9,Micro Empresa,SMB,AI Service complementary, Empresa diversificada que ofrece IA como una línea de servicio complementaria,Europa,2,Europe,Poland,POL,147
ChangepondTechnologiesPrivateLimited,https://www.changepond.com,"Harrow, United Kingdom","$25,000+",$25 - $49 / hr,250 - 999,10%,Harrow,,United Kingdom,Informado,Informado,999,250 - 999,Empresa grande/fuera SME,Mid-market,AI Service residual,Empresa diversificada cuya participación de IA es limitada o residual,Europa,2,Europe,United Kingdom,GBR,304
VMOJAPAN,https://www.vmogroup.jp/,"Ha Noi, Vietnam","$5,000+",< $25 / hr,250 - 999,10%,Ha Noi,,Vietnam,Informado,Informado,999,250 - 999,Empresa grande/fuera SME,Mid-market,AI Service residual,Empresa diversificada cuya participación de IA es limitada o residual,Asia,2,Asia,Vietnam,VNM,29
NSRInformationSystems,https://nsrinfosystems.com/,"Hyderabad, India",Undisclosed,Undisclosed,250 - 999,10%,Hyderabad,,India,No informado,No informado,999,250 - 999,Empresa grande/fuera SME,Mid-market,AI Service residual,Empresa diversificada cuya participación de IA es limitada o residual,Asia,0,Asia,India,IND,441
Raisense,https://raisense.uz/,"Тошкент, Uzbekistan","$1,000+",$25 - $49 / hr,10 - 49,15%,Тошкент,,Uzbekistan,Informado,Informado,49,10 - 49,Empresa pequeña ,SMB,AI Service residual,Empresa diversificada cuya participación de IA es limitada o residual,Asia,2,Asia,Uzbekistan,UZB,1
Teknomatics,http://teknomatics.com/,"Bengaluru, India","$1,000+",< $25 / hr,2 - 9,10%,Bengaluru,,India,Informado,Informado,9,2 - 9,Micro Empresa,SMB,AI Service residual,Empresa diversificada cuya participación de IA es limitada o residual,Asia,2,Asia,India,IND,441
iDevTeam,https://idevteam.net,Poland,"$5,000+",$25 - $49 / hr,2 - 9,10%,Poland,,Poland,Informado,Informado,9,2 - 9,Micro Empresa,SMB,AI Service residual,Empresa diversificada cuya participación de IA es limitada o residual,Europa,2,Europe,Poland,POL,147
CodeCat,http://codecat.pl,"Wrocław, Poland","$1,000+",< $25 / hr,2 - 9,10%,Wrocław,,Poland,Informado,Informado,9,2 - 9,Micro Empresa,SMB,AI Service residual,Empresa diversificada cuya participación de IA es limitada o residual,Europa,2,Europe,Poland,POL,147
EthosTechnologies,https://ethos.tech,"Riyadh, Saudi Arabia","$10,000+",$200 - $300 / hr,2 - 9,10%,Riyadh,,Saudi Arabia,Informado,Informado,9,2 - 9,Micro Empresa,SMB,AI Service residual,Empresa diversificada cuya participación de IA es limitada o residual,Oriente Medio,2,Middle East,Saudi Arabia,SAU,5
AIDigital,https://aidigital.marketing/,"Dubai, United Arab Emirates",Undisclosed,Undisclosed,2 - 9,10%,Dubai,,United Arab Emirates,No informado,No informado,9,2 - 9,Micro Empresa,SMB,AI Service residual,Empresa diversificada cuya participación de IA es limitada o residual,Oriente Medio,0,Middle East,United Arab Emirates,ARE,39
Smartwebzone,http://www.smartwebzone.com,"Chandigarh, India","$1,000+",$25 - $49 / hr,2 - 9,10%,Chandigarh,,India,Informado,Informado,9,2 - 9,Micro Empresa,SMB,AI Service residual,Empresa diversificada cuya participación de IA es limitada o residual,Asia,2,Asia,India,IND,441
FlabberTechnologyandServices,https://flabbertech.com,"Bangalore, India","$10,000+",$50 - $99 / hr,2 - 9,10%,Bangalore,,India,Informado,Informado,9,2 - 9,Micro Empresa,SMB,AI Service residual,Empresa diversificada cuya participación de IA es limitada o residual,Asia,2,Asia,India,IND,441
BiLiG_OpEx&CyberWorkForceRPAConsultants,http://www.bilig.co.uk,"Nottingham, United Kingdom","$25,000+",$50 - $99 / hr,2 - 9,10%,Nottingham,,United Kingdom,Informado,Informado,9,2 - 9,Micro Empresa,SMB,AI Service residual,Empresa diversificada cuya participación de IA es limitada o residual,Europa,2,Europe,United Kingdom,GBR,304
CipherLabz(Pvt)Ltd.,http://www.cipherlabz.com,"Colombo, Sri Lanka",Undisclosed,< $25 / hr,2 - 9,10%,Colombo,,Sri Lanka,No informado,Informado,9,2 - 9,Micro Empresa,SMB,AI Service residual,Empresa diversificada cuya participación de IA es limitada o residual,Asia,1,Asia,Sri Lanka,LKA,15
DataTechCity,http://www.datatechcity.com,"Berkshire, United Kingdom","$1,000+",$50 - $99 / hr,2 - 9,10%,Berkshire,,United Kingdom,Informado,Informado,9,2 - 9,Micro Empresa,SMB,AI Service residual,Empresa diversificada cuya participación de IA es limitada o residual,Europa,2,Europe,United Kingdom,GBR,304
Techath,http://www.techath.com,"Coimbatore, India","$5,000+",< $25 / hr,2 - 9,10%,Coimbatore,,India,Informado,Informado,9,2 - 9,Micro Empresa,SMB,AI Service residual,Empresa diversificada cuya participación de IA es limitada o residual,Asia,2,Asia,India,IND,441
VerticalMergerTechnologyGroup,http://verticalmerger.com,"Overland Park, KS","$25,000+",$50 - $99 / hr,2 - 9,10%,Overland Park,KS,USA,Informado,Informado,9,2 - 9,Micro Empresa,SMB,AI Service residual,Empresa diversificada cuya participación de IA es limitada o residual,América del Norte,2,North America,USA,USA,917
CodeOceanInfotech,https://codeoceaninfotech.com/,"Rajkot, India","$1,000+",$25 - $49 / hr,2 - 9,10%,Rajkot,,India,Informado,Informado,9,2 - 9,Micro Empresa,SMB,AI Service residual,Empresa diversificada cuya participación de IA es limitada o residual,Asia,2,Asia,India,IND,441
RosarioSistemas,https://rosariosistemas.com/,"AYR, Argentina",Undisclosed,Undisclosed,2 - 9,10%,AYR,,Argentina,No informado,No informado,9,2 - 9,Micro Empresa,SMB,AI Service residual,Empresa diversificada cuya participación de IA es limitada o residual,América del Sur,0,South America,Argentina,ARG,29
FailingVenture,http://failingventure.com/,"Medford, OR","$1,000+",$50 - $99 / hr,2 - 9,10%,Medford,OR,USA,Informado,Informado,9,2 - 9,Micro Empresa,SMB,AI Service residual,Empresa diversificada cuya participación de IA es limitada o residual,América del Norte,2,North America,USA,USA,917
NewOceanIS,https://www.nois.vn,"Ho Chi Minh, Vietnam","$1,000+",< $25 / hr,50 - 249,10%,Ho Chi Minh,,Vietnam,Informado,Informado,249,50 - 249,Empresa mediana/ SME,SMB,AI Service residual,Empresa diversificada cuya participación de IA es limitada o residual,Asia,2,Asia,Vietnam,VNM,29
SignalForge,https://www.sigforge.com,"München, Germany","$5,000+",$100 - $149 / hr,Freelancer,30%,München,,Germany,Informado,Informado,0,No informado,No aplica,Freelancer,AI Service complementary, Empresa diversificada que ofrece IA como una línea de servicio complementaria,Europa,2,Europe,Germany,DEU,47
CASCNETTECHNOLOGIESPRIVATELIMITED,http://www.cascnet.com,"Bengaluru, India","$250,000+",$100 - $149 / hr,2 - 9,10%,Bengaluru,,India,Informado,Informado,9,2 - 9,Micro Empresa,SMB,AI Service residual,Empresa diversificada cuya participación de IA es limitada o residual,Asia,2,Asia,India,IND,441
ATESITSOLUTIONSLTD.,http://www.atesitsolutions.com,"London, United Kingdom","$5,000+",$100 - $149 / hr,2 - 9,10%,London,,United Kingdom,Informado,Informado,9,2 - 9,Micro Empresa,SMB,AI Service residual,Empresa diversificada cuya participación de IA es limitada o residual,Europa,2,Europe,United Kingdom,GBR,304
CedrusTech,http://www.cedrustech.com,"London, United Kingdom","$1,000+",$50 - $99 / hr,2 - 9,10%,London,,United Kingdom,Informado,Informado,9,2 - 9,Micro Empresa,SMB,AI Service residual,Empresa diversificada cuya participación de IA es limitada o residual,Europa,2,Europe,United Kingdom,GBR,304
Arakt,https://www.arakt.com,"Petrich, Bulgaria",Undisclosed,Undisclosed,2 - 9,10%,Petrich,,Bulgaria,No informado,No informado,9,2 - 9,Micro Empresa,SMB,AI Service residual,Empresa diversificada cuya participación de IA es limitada o residual,Europa,0,Europe,Bulgaria,BGR,20
Guayerd,https://www.guayerd.com/,"BGE, Argentina",Undisclosed,Undisclosed,2 - 9,10%,BGE,,Argentina,No informado,No informado,9,2 - 9,Micro Empresa,SMB,AI Service residual,Empresa diversificada cuya participación de IA es limitada o residual,América del Sur,0,South America,Argentina,ARG,29
Simbotix,https://www.simbotix.com,"Hyderabad, India","$1,000+",$25 - $49 / hr,2 - 9,10%,Hyderabad,,India,Informado,Informado,9,2 - 9,Micro Empresa,SMB,AI Service residual,Empresa diversificada cuya participación de IA es limitada o residual,Asia,2,Asia,India,IND,441
SquareSpirit,https://www.squarespirit.ie,"Dublin, Ireland","$1,000+",Undisclosed,2 - 9,10%,Dublin,,Ireland,Informado,No informado,9,2 - 9,Micro Empresa,SMB,AI Service residual,Empresa diversificada cuya participación de IA es limitada o residual,Europa,1,Europe,Ireland,IRL,8
GreenSpecksMedia,http://www.greenspecksmedia.com/,"Ahmedabad, India","$1,000+",< $25 / hr,2 - 9,10%,Ahmedabad,,India,Informado,Informado,9,2 - 9,Micro Empresa,SMB,AI Service residual,Empresa diversificada cuya participación de IA es limitada o residual,Asia,2,Asia,India,IND,441
PowerNoCode,https://www.powernocode.com,"Poznań, Poland","$5,000+",$25 - $49 / hr,2 - 9,10%,Poznań,,Poland,Informado,Informado,9,2 - 9,Micro Empresa,SMB,AI Service residual,Empresa diversificada cuya participación de IA es limitada o residual,Europa,2,Europe,Poland,POL,147
KazapTechnologiesLTD,https://kazap.co.uk,"London, United Kingdom","$10,000+",$200 - $300 / hr,2 - 9,10%,London,,United Kingdom,Informado,Informado,9,2 - 9,Micro Empresa,SMB,AI Service residual,Empresa diversificada cuya participación de IA es limitada o residual,Europa,2,Europe,United Kingdom,GBR,304
BlutechConsulting,http://www.blutechconsulting.com/,"Karachi, Pakistan","$5,000+",$25 - $49 / hr,50 - 249,15%,Karachi,,Pakistan,Informado,Informado,249,50 - 249,Empresa mediana/ SME,SMB,AI Service residual,Empresa diversificada cuya participación de IA es limitada o residual,Asia,2,Asia,Pakistan,PAK,61
EkoiosTechnology,https://ekoios.vn/,"Hanoi, Vietnam","$10,000+",$25 - $49 / hr,50 - 249,10%,Hanoi,,Vietnam,Informado,Informado,249,50 - 249,Empresa mediana/ SME,SMB,AI Service residual,Empresa diversificada cuya participación de IA es limitada o residual,Asia,2,Asia,Vietnam,VNM,29
DataMix,https://www.datamix.space/,"London, United Kingdom","$25,000+",$25 - $49 / hr,50 - 249,30%,London,,United Kingdom,Informado,Informado,249,50 - 249,Empresa mediana/ SME,SMB,AI Service complementary, Empresa diversificada que ofrece IA como una línea de servicio complementaria,Europa,2,Europe,United Kingdom,GBR,304
MadAppGang,https://madappgang.com,"Sydney, Australia","$25,000+",$50 - $99 / hr,10 - 49,10%,Sydney,,Australia,Informado,Informado,49,10 - 49,Empresa pequeña ,SMB,AI Service residual,Empresa diversificada cuya participación de IA es limitada o residual,Oceanía,2,Oceania,Australia,AUS,96
MaxinAI,https://www.maxinai.com,"T'bilisi, Georgia","$10,000+",$25 - $49 / hr,50 - 249,10%,T'bilisi,,Georgia,Informado,Informado,249,50 - 249,Empresa mediana/ SME,SMB,AI Service residual,Empresa diversificada cuya participación de IA es limitada o residual,Europa,2,Europe,Georgia,GEO,4
Willogy,https://willogy.io,"Ho Chi Minh, Vietnam","$5,000+",< $25 / hr,10 - 49,80%,Ho Chi Minh,,Vietnam,Informado,Informado,49,10 - 49,Empresa pequeña ,SMB,AI Focus principal,Empresa que su negocio principal gira en torno a servicios AI,Asia,2,Asia,Vietnam,VNM,29
Intermedia,http://intermediait.com/,"Tandil, Argentina","$10,000+",$25 - $49 / hr,10 - 49,20%,Tandil,,Argentina,Informado,Informado,49,10 - 49,Empresa pequeña ,SMB,AI Service complementary, Empresa diversificada que ofrece IA como una línea de servicio complementaria,América del Sur,2,South America,Argentina,ARG,29
Evergreen,https://evergreen.team,"Kyiv, Ukraine","$10,000+",$25 - $49 / hr,10 - 49,20%,Kyiv,,Ukraine,Informado,Informado,49,10 - 49,Empresa pequeña ,SMB,AI Service complementary, Empresa diversificada que ofrece IA como una línea de servicio complementaria,Europa,2,Europe,Ukraine,UKR,92
HUSPI,https://huspi.com/,"Vyshhorod, Ukraine","$25,000+",$50 - $99 / hr,10 - 49,10%,Vyshhorod,,Ukraine,Informado,Informado,49,10 - 49,Empresa pequeña ,SMB,AI Service residual,Empresa diversificada cuya participación de IA es limitada o residual,Europa,2,Europe,Ukraine,UKR,92
RedBuffer,http://redbuffer.net/,"Islamabad, Pakistan","$5,000+",$50 - $99 / hr,50 - 249,30%,Islamabad,,Pakistan,Informado,Informado,249,50 - 249,Empresa mediana/ SME,SMB,AI Service complementary, Empresa diversificada que ofrece IA como una línea de servicio complementaria,Asia,2,Asia,Pakistan,PAK,61
WorkinGeeks,https://workingeeks.com/,"London, United Kingdom","$25,000+",$50 - $99 / hr,2 - 9,10%,London,,United Kingdom,Informado,Informado,9,2 - 9,Micro Empresa,SMB,AI Service residual,Empresa diversificada cuya participación de IA es limitada o residual,Europa,2,Europe,United Kingdom,GBR,304
QulixSystems,http://www.qulix.com/,"Wrocław, Poland","$10,000+",$50 - $99 / hr,250 - 999,20%,Wrocław,,Poland,Informado,Informado,999,250 - 999,Empresa grande/fuera SME,Mid-market,AI Service complementary, Empresa diversificada que ofrece IA como una línea de servicio complementaria,Europa,2,Europe,Poland,POL,147
SoftqubeTechnologiesPvtLtd,https://www.softqubes.com/,"Ahmedabad, India","$10,000+",< $25 / hr,50 - 249,12%,Ahmedabad,,India,Informado,Informado,249,50 - 249,Empresa mediana/ SME,SMB,AI Service residual,Empresa diversificada cuya participación de IA es limitada o residual,Asia,2,Asia,India,IND,441
ASPERBROTHERS,https://asperbrothers.com,"Warszawa, Poland","$10,000+",$50 - $99 / hr,10 - 49,10%,Warszawa,,Poland,Informado,Informado,49,10 - 49,Empresa pequeña ,SMB,AI Service residual,Empresa diversificada cuya participación de IA es limitada o residual,Europa,2,Europe,Poland,POL,147
Lofty,https://hirelofty.com,"Fayetteville, AR","$10,000+",$100 - $149 / hr,10 - 49,15%,Fayetteville,AR,USA,Informado,Informado,49,10 - 49,Empresa pequeña ,SMB,AI Service residual,Empresa diversificada cuya participación de IA es limitada o residual,América del Norte,2,North America,USA,USA,917
Kernix,http://www.kernix.com/,"Paris, France","$25,000+",$25 - $49 / hr,10 - 49,10%,Paris,,France,Informado,Informado,49,10 - 49,Empresa pequeña ,SMB,AI Service residual,Empresa diversificada cuya participación de IA es limitada o residual,Europa,2,Europe,France,FRA,14
NevinaInfotechPvt.Ltd.,https://nevinainfotech.com/,"Ahmedabad, India","$10,000+",< $25 / hr,10 - 49,10%,Ahmedabad,,India,Informado,Informado,49,10 - 49,Empresa pequeña ,SMB,AI Service residual,Empresa diversificada cuya participación de IA es limitada o residual,Asia,2,Asia,India,IND,441
FloboticsUiPathandRPADevelopment,http://flobotics.io/,"Munster, IN","$5,000+",$50 - $99 / hr,10 - 49,30%,Munster,IN,USA,Informado,Informado,49,10 - 49,Empresa pequeña ,SMB,AI Service complementary, Empresa diversificada que ofrece IA como una línea de servicio complementaria,América del Norte,2,North America,USA,USA,917
ZigniteLabs,https://www.zignite.io,"Sheridan, WY","$5,000+",$25 - $49 / hr,2 - 9,50%,Sheridan,WY,USA,Informado,Informado,9,2 - 9,Micro Empresa,SMB,AI Focus,"Empresa con especialización destacada en IA, representa más de la mitad de su actividad",América del Norte,2,North America,USA,USA,917
Slash,http://www.slash.co,"Singapore, Singapore","$100,000+",$50 - $99 / hr,50 - 249,10%,Singapore,,Singapore,Informado,Informado,249,50 - 249,Empresa mediana/ SME,SMB,AI Service residual,Empresa diversificada cuya participación de IA es limitada o residual,Asia,2,Asia,Singapore,SGP,24
Unibot,https://unibot.ai,"Kyiv, Ukraine","$5,000+",$25 - $49 / hr,2 - 9,50%,Kyiv,,Ukraine,Informado,Informado,9,2 - 9,Micro Empresa,SMB,AI Focus,"Empresa con especialización destacada en IA, representa más de la mitad de su actividad",Europa,2,Europe,Ukraine,UKR,92
"NankaiUniversityChuangyuanInformationTechnologiesCo.,Ltd.",http://www.itec.com.cn,"Tianjin, China",Undisclosed,Undisclosed,250 - 999,25%,Tianjin,,China,No informado,No informado,999,250 - 999,Empresa grande/fuera SME,Mid-market,AI Service complementary, Empresa diversificada que ofrece IA como una línea de servicio complementaria,Asia,0,Asia,China,China,87
ComsenseTechnologies,http://www.comsenseconsulting.com,"Pune, India","$5,000+",< $25 / hr,10 - 49,30%,Pune,,India,Informado,Informado,49,10 - 49,Empresa pequeña ,SMB,AI Service complementary, Empresa diversificada que ofrece IA como una línea de servicio complementaria,Asia,2,Asia,India,IND,441
AllianceSystems,http://www.alliance-systems.co,"St. Louis, MO","$25,000+",$150 - $199 / hr,10 - 49,10%,St. Louis,MO,USA,Informado,Informado,49,10 - 49,Empresa pequeña ,SMB,AI Service residual,Empresa diversificada cuya participación de IA es limitada o residual,América del Norte,2,North America,USA,USA,917
"ITTStarConsulting,LLC",https://www.ittstar.com/,"Alpharetta, GA","$25,000+",$50 - $99 / hr,50 - 249,36%,Alpharetta,GA,USA,Informado,Informado,249,50 - 249,Empresa mediana/ SME,SMB,AI Service complementary, Empresa diversificada que ofrece IA como una línea de servicio complementaria,América del Norte,2,North America,USA,USA,917
ShapeionTechnologies,https://shapeion.com/,"Yerevan, Armenia","$10,000+",$100 - $149 / hr,10 - 49,55%,Yerevan,,Armenia,Informado,Informado,49,10 - 49,Empresa pequeña ,SMB,AI Focus,"Empresa con especialización destacada en IA, representa más de la mitad de su actividad",Asia,2,Asia,Armenia,ARM,11
8allocate,http://www.8allocate.com/,"Tallinn, Estonia",Undisclosed,$25 - $49 / hr,50 - 249,10%,Tallinn,,Estonia,No informado,Informado,249,50 - 249,Empresa mediana/ SME,SMB,AI Service residual,Empresa diversificada cuya participación de IA es limitada o residual,Europa,1,Europe,Estonia,EST,17
Levels.Digital,https://levels.digital,"London, United Kingdom","$10,000+",$50 - $99 / hr,10 - 49,40%,London,,United Kingdom,Informado,Informado,49,10 - 49,Empresa pequeña ,SMB,AI Service complementary, Empresa diversificada que ofrece IA como una línea de servicio complementaria,Europa,2,Europe,United Kingdom,GBR,304
Empeek,https://empeek.com/,"Chicago, IL","$10,000+",$25 - $49 / hr,50 - 249,10%,Chicago,IL,USA,Informado,Informado,249,50 - 249,Empresa mediana/ SME,SMB,AI Service residual,Empresa diversificada cuya participación de IA es limitada o residual,América del Norte,2,North America,USA,USA,917
MindstackTechnologies,https://mindstacktechnologies.com/,"Mangaluru, India","$25,000+",$25 - $49 / hr,50 - 249,10%,Mangaluru,,India,Informado,Informado,249,50 - 249,Empresa mediana/ SME,SMB,AI Service residual,Empresa diversificada cuya participación de IA es limitada o residual,Asia,2,Asia,India,IND,441
SayOneTechnologies,https://www.sayonetech.com/,"Kochi, India","$5,000+",$25 - $49 / hr,50 - 249,10%,Kochi,,India,Informado,Informado,249,50 - 249,Empresa mediana/ SME,SMB,AI Service residual,Empresa diversificada cuya participación de IA es limitada o residual,Asia,2,Asia,India,IND,441
"SOFTUUP,LLC",https://softuup.com/,"Kyiv, Ukraine","$25,000+",$25 - $49 / hr,10 - 49,10%,Kyiv,,Ukraine,Informado,Informado,49,10 - 49,Empresa pequeña ,SMB,AI Service residual,Empresa diversificada cuya participación de IA es limitada o residual,Europa,2,Europe,Ukraine,UKR,92
CoruscateSolutionsPvtLtd,https://www.coruscatesolution.com/,"Surat, India","$10,000+",$25 - $49 / hr,50 - 249,10%,Surat,,India,Informado,Informado,249,50 - 249,Empresa mediana/ SME,SMB,AI Service residual,Empresa diversificada cuya participación de IA es limitada o residual,Asia,2,Asia,India,IND,441
KevitTechnologies,https://kevit.io,"Rajkot, India","$10,000+",$25 - $49 / hr,10 - 49,50%,Rajkot,,India,Informado,Informado,49,10 - 49,Empresa pequeña ,SMB,AI Focus,"Empresa con especialización destacada en IA, representa más de la mitad de su actividad",Asia,2,Asia,India,IND,441
TheSilverLogic,https://tsl.io,"Boca Raton, FL","$10,000+",$100 - $149 / hr,10 - 49,18%,Boca Raton,FL,USA,Informado,Informado,49,10 - 49,Empresa pequeña ,SMB,AI Service residual,Empresa diversificada cuya participación de IA es limitada o residual,América del Norte,2,North America,USA,USA,917
CamMyers&Partners,https://cammyers.com,"Des Moines, IA","$10,000+",$150 - $199 / hr,2 - 9,10%,Des Moines,IA,USA,Informado,Informado,9,2 - 9,Micro Empresa,SMB,AI Service residual,Empresa diversificada cuya participación de IA es limitada o residual,América del Norte,2,North America,USA,USA,917
QuidSolPvt.Ltd,https://www.quids.tech,"Lahore, Pakistan","$1,000+",$25 - $49 / hr,10 - 49,100%,Lahore,,Pakistan,Informado,Informado,49,10 - 49,Empresa pequeña ,SMB,AI Focus principal,Empresa que su negocio principal gira en torno a servicios AI,Asia,2,Asia,Pakistan,PAK,61
Gaper,https://gaper.io/,"San Francisco, CA","$50,000+",$50 - $99 / hr,250 - 999,20%,San Francisco,CA,USA,Informado,Informado,999,250 - 999,Empresa grande/fuera SME,Mid-market,AI Service complementary, Empresa diversificada que ofrece IA como una línea de servicio complementaria,América del Norte,2,North America,USA,USA,917
DiveDeepAI,https://www.divedeep.ai,"Islamabad, Pakistan","$5,000+",$25 - $49 / hr,10 - 49,70%,Islamabad,,Pakistan,Informado,Informado,49,10 - 49,Empresa pequeña ,SMB,AI Focus principal,Empresa que su negocio principal gira en torno a servicios AI,Asia,2,Asia,Pakistan,PAK,61
Auxis,https://www.auxis.com,"Bogotá, Colombia","$50,000+",Undisclosed,250 - 999,15%,Bogotá,,Colombia,Informado,No informado,999,250 - 999,Empresa grande/fuera SME,Mid-market,AI Service residual,Empresa diversificada cuya participación de IA es limitada o residual,América del Sur,1,South America,Colombia,COL,43
Elucidate,http://www.elucidate.ai,"Sandton, South Africa","$10,000+",$100 - $149 / hr,10 - 49,50%,Sandton,,South Africa,Informado,Informado,49,10 - 49,Empresa pequeña ,SMB,AI Focus,"Empresa con especialización destacada en IA, representa más de la mitad de su actividad",África,2,Africa,South Africa,ZAF,7
peoly,https://www.peoly.com,"Prague 6, Czech Republic",Undisclosed,Undisclosed,10 - 49,50%,Prague 6,,Czech Republic,No informado,No informado,49,10 - 49,Empresa pequeña ,SMB,AI Focus,"Empresa con especialización destacada en IA, representa más de la mitad de su actividad",Europa,0,Europe,Czech Republic,CZE,24
SOFTVAN,https://softvan.in,"Ahmedabad, India","$5,000+",$25 - $49 / hr,50 - 249,35%,Ahmedabad,,India,Informado,Informado,249,50 - 249,Empresa mediana/ SME,SMB,AI Service complementary, Empresa diversificada que ofrece IA como una línea de servicio complementaria,Asia,2,Asia,India,IND,441
IBRInfotech,https://www.ibrinfotech.com,"Indore, India","$10,000+",$25 - $49 / hr,10 - 49,10%,Indore,,India,Informado,Informado,49,10 - 49,Empresa pequeña ,SMB,AI Service residual,Empresa diversificada cuya participación de IA es limitada o residual,Asia,2,Asia,India,IND,441
TheBotForge,https://www.thebotforge.io,"Waddesdon, United Kingdom","$5,000+",$100 - $149 / hr,2 - 9,10%,Waddesdon,,United Kingdom,Informado,Informado,9,2 - 9,Micro Empresa,SMB,AI Service residual,Empresa diversificada cuya participación de IA es limitada o residual,Europa,2,Europe,United Kingdom,GBR,304
RenesisTech,http://renesistech.com,"Mississauga, Canada","$25,000+",$25 - $49 / hr,50 - 249,10%,Mississauga,,Canada,Informado,Informado,249,50 - 249,Empresa mediana/ SME,SMB,AI Service residual,Empresa diversificada cuya participación de IA es limitada o residual,América del Norte,2,North America,Canada,CAN,126
CleverCrew,https://clevercrew.io,"Kharkiv, Ukraine","$10,000+",$25 - $49 / hr,10 - 49,10%,Kharkiv,,Ukraine,Informado,Informado,49,10 - 49,Empresa pequeña ,SMB,AI Service residual,Empresa diversificada cuya participación de IA es limitada o residual,Europa,2,Europe,Ukraine,UKR,92
BluechipTechnologiesAsia,https://bluechiptech.asia/,"Singapore, Singapore","$5,000+",Undisclosed,50 - 249,40%,Singapore,,Singapore,Informado,No informado,249,50 - 249,Empresa mediana/ SME,SMB,AI Service complementary, Empresa diversificada que ofrece IA como una línea de servicio complementaria,Asia,1,Asia,Singapore,SGP,24
Cledar,https://cledar.com/,"Corte Madera, CA","$25,000+",$50 - $99 / hr,10 - 49,40%,Corte Madera,CA,USA,Informado,Informado,49,10 - 49,Empresa pequeña ,SMB,AI Service complementary, Empresa diversificada que ofrece IA como una línea de servicio complementaria,América del Norte,2,North America,USA,USA,917
CB/IDigital,https://www.cbidigital.com/,"New York, NY","$25,000+",$100 - $149 / hr,50 - 249,10%,New York,NY,USA,Informado,Informado,249,50 - 249,Empresa mediana/ SME,SMB,AI Service residual,Empresa diversificada cuya participación de IA es limitada o residual,América del Norte,2,North America,USA,USA,917
SimTLiX,http://www.simtlix.com,"Córdoba, Argentina","$25,000+",$25 - $49 / hr,250 - 999,20%,Córdoba,,Argentina,Informado,Informado,999,250 - 999,Empresa grande/fuera SME,Mid-market,AI Service complementary, Empresa diversificada que ofrece IA como una línea de servicio complementaria,América del Sur,2,South America,Argentina,ARG,29
JAKT,https://byjakt.com/,"New York, NY","$25,000+",$100 - $149 / hr,10 - 49,10%,New York,NY,USA,Informado,Informado,49,10 - 49,Empresa pequeña ,SMB,AI Service residual,Empresa diversificada cuya participación de IA es limitada o residual,América del Norte,2,North America,USA,USA,917
Infiniticube,https://infiniticube.com/,"Noida, India","$5,000+",< $25 / hr,10 - 49,40%,Noida,,India,Informado,Informado,49,10 - 49,Empresa pequeña ,SMB,AI Service complementary, Empresa diversificada que ofrece IA como una línea de servicio complementaria,Asia,2,Asia,India,IND,441
FusionBusinessSolutionsPvtLtd,https://www.fusionfirst.com/,"Kew Gardens, NY","$1,000+",< $25 / hr,250 - 999,10%,Kew Gardens,NY,USA,Informado,Informado,999,250 - 999,Empresa grande/fuera SME,Mid-market,AI Service residual,Empresa diversificada cuya participación de IA es limitada o residual,América del Norte,2,North America,USA,USA,917
MontevideoLabs,https://www.montevideolabs.com/,"Montevideo, Uruguay","$50,000+",$50 - $99 / hr,50 - 249,30%,Montevideo,,Uruguay,Informado,Informado,249,50 - 249,Empresa mediana/ SME,SMB,AI Service complementary, Empresa diversificada que ofrece IA como una línea de servicio complementaria,América del Sur,2,South America,Uruguay,URY,22
GoWombat,https://gowombat.team/,"Tallinn, Estonia","$10,000+",$50 - $99 / hr,50 - 249,20%,Tallinn,,Estonia,Informado,Informado,249,50 - 249,Empresa mediana/ SME,SMB,AI Service complementary, Empresa diversificada que ofrece IA como una línea de servicio complementaria,Europa,2,Europe,Estonia,EST,17
GFAIVE,https://www.gfaive.com/,"T'bilisi, Georgia","$1,000+",$25 - $49 / hr,10 - 49,50%,T'bilisi,,Georgia,Informado,Informado,49,10 - 49,Empresa pequeña ,SMB,AI Focus,"Empresa con especialización destacada en IA, representa más de la mitad de su actividad",Europa,2,Europe,Georgia,GEO,4
ClofusInnovationsPvtLtd,https://clofusinnovations.com,"Chennai, India","$1,000+",$25 - $49 / hr,2 - 9,40%,Chennai,,India,Informado,Informado,9,2 - 9,Micro Empresa,SMB,AI Service complementary, Empresa diversificada que ofrece IA como una línea de servicio complementaria,Asia,2,Asia,India,IND,441
Brightlab,https://brightlab.me/,"Chicago, IL","$10,000+",$25 - $49 / hr,50 - 249,30%,Chicago,IL,USA,Informado,Informado,249,50 - 249,Empresa mediana/ SME,SMB,AI Service complementary, Empresa diversificada que ofrece IA como una línea de servicio complementaria,América del Norte,2,North America,USA,USA,917
xtream,http://xtreamers.io,"Milano, Italy","$5,000+",$50 - $99 / hr,10 - 49,30%,Milano,,Italy,Informado,Informado,49,10 - 49,Empresa pequeña ,SMB,AI Service complementary, Empresa diversificada que ofrece IA como una línea de servicio complementaria,Europa,2,Europe,Italy,ITA,18
Oak-TreeTechnologies,https://www.oak-tree.tech,"Centerville, UT","$5,000+",$50 - $99 / hr,10 - 49,15%,Centerville,UT,USA,Informado,Informado,49,10 - 49,Empresa pequeña ,SMB,AI Service residual,Empresa diversificada cuya participación de IA es limitada o residual,América del Norte,2,North America,USA,USA,917
Vantino,https://vantino.com,"Genève, Switzerland","$5,000+",$25 - $49 / hr,10 - 49,30%,Genève,,Switzerland,Informado,Informado,49,10 - 49,Empresa pequeña ,SMB,AI Service complementary, Empresa diversificada que ofrece IA como una línea de servicio complementaria,Europa,2,Europe,Switzerland,CHE,21
TogetherData,https://togetherdata.com/en/tgd-experts-en,"Warszawa, Poland","$10,000+",$150 - $199 / hr,50 - 249,30%,Warszawa,,Poland,Informado,Informado,249,50 - 249,Empresa mediana/ SME,SMB,AI Service complementary, Empresa diversificada que ofrece IA como una línea de servicio complementaria,Europa,2,Europe,Poland,POL,147
InSkySolutionsd.o.o.,https://www.inskysolutions.com/,"Zagreb, Croatia",Undisclosed,Undisclosed,10 - 49,20%,Zagreb,,Croatia,No informado,No informado,49,10 - 49,Empresa pequeña ,SMB,AI Service complementary, Empresa diversificada que ofrece IA como una línea de servicio complementaria,Europa,0,Europe,Croatia,HRV,17
WebLabsLtd.,http://www.web-labs.rs,"Beograd, Serbia","$25,000+",$50 - $99 / hr,10 - 49,10%,Beograd,,Serbia,Informado,Informado,49,10 - 49,Empresa pequeña ,SMB,AI Service residual,Empresa diversificada cuya participación de IA es limitada o residual,Europa,2,Europe,Serbia,SRB,13
IQDirectInc.,https://iq.direct,"Valley Cottage, NY","$5,000+",$25 - $49 / hr,10 - 49,10%,Valley Cottage,NY,USA,Informado,Informado,49,10 - 49,Empresa pequeña ,SMB,AI Service residual,Empresa diversificada cuya participación de IA es limitada o residual,América del Norte,2,North America,USA,USA,917
Proxet(ex-RailsReactor),https://proxet.com/,"Boston, MA","$250,000+",$50 - $99 / hr,50 - 249,30%,Boston,MA,USA,Informado,Informado,249,50 - 249,Empresa mediana/ SME,SMB,AI Service complementary, Empresa diversificada que ofrece IA como una línea de servicio complementaria,América del Norte,2,North America,USA,USA,917
CloudNesil,https://cloudnesil.com/,"Denizli, Turkey","$25,000+",$25 - $49 / hr,10 - 49,10%,Denizli,,Turkey,Informado,Informado,49,10 - 49,Empresa pequeña ,SMB,AI Service residual,Empresa diversificada cuya participación de IA es limitada o residual,Asia,2,Asia,Turkey,TUR,18
Indicium,http://www.indicium.tech/,"Florianópolis, Brazil","$5,000+",$50 - $99 / hr,50 - 249,20%,Florianópolis,,Brazil,Informado,Informado,249,50 - 249,Empresa mediana/ SME,SMB,AI Service complementary, Empresa diversificada que ofrece IA como una línea de servicio complementaria,América del Sur,2,South America,Brazil,BRA,21
Rabbit&Pork,https://wearerabbitandpork.com/,"London, United Kingdom","$5,000+",$100 - $149 / hr,50 - 249,25%,London,,United Kingdom,Informado,Informado,249,50 - 249,Empresa mediana/ SME,SMB,AI Service complementary, Empresa diversificada que ofrece IA como una línea de servicio complementaria,Europa,2,Europe,United Kingdom,GBR,304
SphinxWorldbiz,http://www.sphinxworldbiz.net,"Noida, India","$10,000+",$25 - $49 / hr,250 - 999,20%,Noida,,India,Informado,Informado,999,250 - 999,Empresa grande/fuera SME,Mid-market,AI Service complementary, Empresa diversificada que ofrece IA como una línea de servicio complementaria,Asia,2,Asia,India,IND,441
WIANCOOTTRoboticsGmbH,http://www.wianco.com,"Seeheim-Jugenheim, Germany","$10,000+",$150 - $199 / hr,10 - 49,50%,Seeheim-Jugenheim,,Germany,Informado,Informado,49,10 - 49,Empresa pequeña ,SMB,AI Focus,"Empresa con especialización destacada en IA, representa más de la mitad de su actividad",Europa,2,Europe,Germany,DEU,47
Subpixel,http://www.subpixel.hr/,"Zagreb, Croatia","$5,000+",$50 - $99 / hr,2 - 9,40%,Zagreb,,Croatia,Informado,Informado,9,2 - 9,Micro Empresa,SMB,AI Service complementary, Empresa diversificada que ofrece IA como una línea de servicio complementaria,Europa,2,Europe,Croatia,HRV,17
CosdecAlpha,https://cosdecalpha.com,"Mumbai, India","$10,000+",$50 - $99 / hr,10 - 49,16%,Mumbai,,India,Informado,Informado,49,10 - 49,Empresa pequeña ,SMB,AI Service residual,Empresa diversificada cuya participación de IA es limitada o residual,Asia,2,Asia,India,IND,441
TechddySolutionPvtLtd,http://techddy.com,"Singapore, Singapore","$5,000+",$25 - $49 / hr,10 - 49,50%,Singapore,,Singapore,Informado,Informado,49,10 - 49,Empresa pequeña ,SMB,AI Focus,"Empresa con especialización destacada en IA, representa más de la mitad de su actividad",Asia,2,Asia,Singapore,SGP,24
Vespia,https://vespia.io/,"Maardu, Estonia",Undisclosed,< $25 / hr,2 - 9,50%,Maardu,,Estonia,No informado,Informado,9,2 - 9,Micro Empresa,SMB,AI Focus,"Empresa con especialización destacada en IA, representa más de la mitad de su actividad",Europa,1,Europe,Estonia,EST,17
RoundSqr,https://www.roundsqr.com/,"Allen, TX","$50,000+",$50 - $99 / hr,50 - 249,25%,Allen,TX,USA,Informado,Informado,249,50 - 249,Empresa mediana/ SME,SMB,AI Service complementary, Empresa diversificada que ofrece IA como una línea de servicio complementaria,América del Norte,2,North America,USA,USA,917
SynergyLabs,https://synlabs.io/,"Gurugram, India","$25,000+",$25 - $49 / hr,10 - 49,30%,Gurugram,,India,Informado,Informado,49,10 - 49,Empresa pequeña ,SMB,AI Service complementary, Empresa diversificada que ofrece IA como una línea de servicio complementaria,Asia,2,Asia,India,IND,441
TransFormSolutions,https://transformsolution.com/,"Austin, TX","$1,000+",< $25 / hr,250 - 999,15%,Austin,TX,USA,Informado,Informado,999,250 - 999,Empresa grande/fuera SME,Mid-market,AI Service residual,Empresa diversificada cuya participación de IA es limitada o residual,América del Norte,2,North America,USA,USA,917
Offsiteteam,https://offsiteteam.com/#our-focuses/,"Prague, Czech Republic","$5,000+",$25 - $49 / hr,10 - 49,20%,Prague,,Czech Republic,Informado,Informado,49,10 - 49,Empresa pequeña ,SMB,AI Service complementary, Empresa diversificada que ofrece IA como una línea de servicio complementaria,Europa,2,Europe,Czech Republic,CZE,24
Datorium,https://www.datorium.com,"Palo Alto, CA","$10,000+",Undisclosed,10 - 49,33%,Palo Alto,CA,USA,Informado,No informado,49,10 - 49,Empresa pequeña ,SMB,AI Service complementary, Empresa diversificada que ofrece IA como una línea de servicio complementaria,América del Norte,1,North America,USA,USA,917
INEXTURESolutions,https://www.inexture.com/,"Los Angeles, CA","$10,000+",$25 - $49 / hr,50 - 249,20%,Los Angeles,CA,USA,Informado,Informado,249,50 - 249,Empresa mediana/ SME,SMB,AI Service complementary, Empresa diversificada que ofrece IA como una línea de servicio complementaria,América del Norte,2,North America,USA,USA,917
SpartansAI⚡️,https://www.spartans.tech,"Tel Aviv, Israel","$10,000+",$50 - $99 / hr,10 - 49,34%,Tel Aviv,,Israel,Informado,Informado,49,10 - 49,Empresa pequeña ,SMB,AI Service complementary, Empresa diversificada que ofrece IA como una línea de servicio complementaria,Oriente Medio,2,Middle East,Israel,ISR,10
ProCogia,http://www.procogia.com,"Vancouver, Canada","$10,000+",$100 - $149 / hr,50 - 249,20%,Vancouver,,Canada,Informado,Informado,249,50 - 249,Empresa mediana/ SME,SMB,AI Service complementary, Empresa diversificada que ofrece IA como una línea de servicio complementaria,América del Norte,2,North America,Canada,CAN,126
DSStream,https://www.dsstream.com/,"Warszawa, Poland","$10,000+",$50 - $99 / hr,50 - 249,25%,Warszawa,,Poland,Informado,Informado,249,50 - 249,Empresa mediana/ SME,SMB,AI Service complementary, Empresa diversificada que ofrece IA como una línea de servicio complementaria,Europa,2,Europe,Poland,POL,147
Infoxen,https://www.infoxen.com,"San Jose, CA","$5,000+",$25 - $49 / hr,50 - 249,10%,San Jose,CA,USA,Informado,Informado,249,50 - 249,Empresa mediana/ SME,SMB,AI Service residual,Empresa diversificada cuya participación de IA es limitada o residual,América del Norte,2,North America,USA,USA,917
NutaNXTTechnologies,https://nutanxt.com/,"Santa Clara, CA","$10,000+",$25 - $49 / hr,10 - 49,30%,Santa Clara,CA,USA,Informado,Informado,49,10 - 49,Empresa pequeña ,SMB,AI Service complementary, Empresa diversificada que ofrece IA como una línea de servicio complementaria,América del Norte,2,North America,USA,USA,917
TechO2LLC,http://www.TechO2.com,"Malvern, PA",Undisclosed,Undisclosed,50 - 249,25%,Malvern,PA,USA,No informado,No informado,249,50 - 249,Empresa mediana/ SME,SMB,AI Service complementary, Empresa diversificada que ofrece IA como una línea de servicio complementaria,América del Norte,0,North America,USA,USA,917
WeAreTheRobotsInc,https://watr.mx,"Ciudad de México, Mexico","$25,000+",$100 - $149 / hr,10 - 49,20%,Ciudad de México,,Mexico,Informado,Informado,49,10 - 49,Empresa pequeña ,SMB,AI Service complementary, Empresa diversificada que ofrece IA como una línea de servicio complementaria,América del Norte,2,North America,Mexico,MEX,31
"LeapfrogTechnology,Inc.",https://lftechnology.com,"Seattle, WA","$25,000+",$50 - $99 / hr,50 - 249,20%,Seattle,WA,USA,Informado,Informado,249,50 - 249,Empresa mediana/ SME,SMB,AI Service complementary, Empresa diversificada que ofrece IA como una línea de servicio complementaria,América del Norte,2,North America,USA,USA,917
CastleDigitalPartners,https://castle.co/,"Charlotte, NC","$75,000+",$50 - $99 / hr,10 - 49,20%,Charlotte,NC,USA,Informado,Informado,49,10 - 49,Empresa pequeña ,SMB,AI Service complementary, Empresa diversificada que ofrece IA como una línea de servicio complementaria,América del Norte,2,North America,USA,USA,917
DB2Limited,http://db2.io/,"Kyiv, Ukraine","$10,000+",$25 - $49 / hr,10 - 49,30%,Kyiv,,Ukraine,Informado,Informado,49,10 - 49,Empresa pequeña ,SMB,AI Service complementary, Empresa diversificada que ofrece IA como una línea de servicio complementaria,Europa,2,Europe,Ukraine,UKR,92
boto,https://boto.agency,"Kyiv, Ukraine","$10,000+",$25 - $49 / hr,10 - 49,15%,Kyiv,,Ukraine,Informado,Informado,49,10 - 49,Empresa pequeña ,SMB,AI Service residual,Empresa diversificada cuya participación de IA es limitada o residual,Europa,2,Europe,Ukraine,UKR,92
FocaloidTechnologies,http://www.focaloid.com/,"Newark, NJ","$25,000+",$25 - $49 / hr,50 - 249,10%,Newark,NJ,USA,Informado,Informado,249,50 - 249,Empresa mediana/ SME,SMB,AI Service residual,Empresa diversificada cuya participación de IA es limitada o residual,América del Norte,2,North America,USA,USA,917
DerevoS.A.deC.V.,http://www.derevo.com.mx,"Zapopan, Mexico","$25,000+",$25 - $49 / hr,50 - 249,20%,Zapopan,,Mexico,Informado,Informado,249,50 - 249,Empresa mediana/ SME,SMB,AI Service complementary, Empresa diversificada que ofrece IA como una línea de servicio complementaria,América del Norte,2,North America,Mexico,MEX,31
VixSpace,https://www.vixspace.com,"Hyderabad, India","$1,000+",< $25 / hr,10 - 49,10%,Hyderabad,,India,Informado,Informado,49,10 - 49,Empresa pequeña ,SMB,AI Service residual,Empresa diversificada cuya participación de IA es limitada o residual,Asia,2,Asia,India,IND,441
iDevBands.r.o,https://idevband.com/,"Třinec, Czech Republic","$10,000+",$50 - $99 / hr,10 - 49,25%,Třinec,,Czech Republic,Informado,Informado,49,10 - 49,Empresa pequeña ,SMB,AI Service complementary, Empresa diversificada que ofrece IA como una línea de servicio complementaria,Europa,2,Europe,Czech Republic,CZE,24
Brainhint,https://brainhint.com,"Chorzów, Poland","$10,000+",$50 - $99 / hr,10 - 49,25%,Chorzów,,Poland,Informado,Informado,49,10 - 49,Empresa pequeña ,SMB,AI Service complementary, Empresa diversificada que ofrece IA como una línea de servicio complementaria,Europa,2,Europe,Poland,POL,147
ElkanIOResearchLabs,https://www.elkanio.com/,"Cochin, India","$5,000+",< $25 / hr,2 - 9,40%,Cochin,,India,Informado,Informado,9,2 - 9,Micro Empresa,SMB,AI Service complementary, Empresa diversificada que ofrece IA como una línea de servicio complementaria,Asia,2,Asia,India,IND,441
EdIcasoft,http://edicasoft.com,"Plovdiv, Bulgaria","$10,000+",$50 - $99 / hr,10 - 49,30%,Plovdiv,,Bulgaria,Informado,Informado,49,10 - 49,Empresa pequeña ,SMB,AI Service complementary, Empresa diversificada que ofrece IA como una línea de servicio complementaria,Europa,2,Europe,Bulgaria,BGR,20
Yotalabs,http://yotalabs.com/,"Citrus Heights, CA","$5,000+",$25 - $49 / hr,10 - 49,30%,Citrus Heights,CA,USA,Informado,Informado,49,10 - 49,Empresa pequeña ,SMB,AI Service complementary, Empresa diversificada que ofrece IA como una línea de servicio complementaria,América del Norte,2,North America,USA,USA,917
DeepCraft,http://deepcraft.io,"Yerevan, Armenia","$10,000+",$25 - $49 / hr,10 - 49,40%,Yerevan,,Armenia,Informado,Informado,49,10 - 49,Empresa pequeña ,SMB,AI Service complementary, Empresa diversificada que ofrece IA como una línea de servicio complementaria,Asia,2,Asia,Armenia,ARM,11
Pyxis,http://www.pyxis.com.uy,"Medellín, Colombia","$50,000+",$50 - $99 / hr,250 - 999,10%,Medellín,,Colombia,Informado,Informado,999,250 - 999,Empresa grande/fuera SME,Mid-market,AI Service residual,Empresa diversificada cuya participación de IA es limitada o residual,América del Sur,2,South America,Colombia,COL,43
ADASOFT,https://adasoft.ai/,"Bogotá, Colombia","$10,000+",$25 - $49 / hr,10 - 49,10%,Bogotá,,Colombia,Informado,Informado,49,10 - 49,Empresa pequeña ,SMB,AI Service residual,Empresa diversificada cuya participación de IA es limitada o residual,América del Sur,2,South America,Colombia,COL,43
ThinkPalmTechnologies,https://thinkpalm.com/,"Kochi, India","$10,000+",< $25 / hr,250 - 999,10%,Kochi,,India,Informado,Informado,999,250 - 999,Empresa grande/fuera SME,Mid-market,AI Service residual,Empresa diversificada cuya participación de IA es limitada o residual,Asia,2,Asia,India,IND,441
KshatrainfotechPVTLTD,https://www.kshatrainfotech.com/,"Gandhinagar, India","$5,000+",$25 - $49 / hr,10 - 49,30%,Gandhinagar,,India,Informado,Informado,49,10 - 49,Empresa pequeña ,SMB,AI Service complementary, Empresa diversificada que ofrece IA como una línea de servicio complementaria,Asia,2,Asia,India,IND,441
EpikSystems,https://epik.ai/,"Carlsbad, CA","$50,000+",$100 - $149 / hr,10 - 49,30%,Carlsbad,CA,USA,Informado,Informado,49,10 - 49,Empresa pequeña ,SMB,AI Service complementary, Empresa diversificada que ofrece IA como una línea de servicio complementaria,América del Norte,2,North America,USA,USA,917
RelevantBits,https://relevantbits.com/,"Hamilton, Canada","$100,000+",$100 - $149 / hr,2 - 9,10%,Hamilton,,Canada,Informado,Informado,9,2 - 9,Micro Empresa,SMB,AI Service residual,Empresa diversificada cuya participación de IA es limitada o residual,América del Norte,2,North America,Canada,CAN,126
BlackcurrantLabsPvt.Ltd.,https://blackcurrantapps.com,"Mumbai, India","$10,000+",$25 - $49 / hr,10 - 49,20%,Mumbai,,India,Informado,Informado,49,10 - 49,Empresa pequeña ,SMB,AI Service complementary, Empresa diversificada que ofrece IA como una línea de servicio complementaria,Asia,2,Asia,India,IND,441
TrantorInc.,https://www.trantorinc.com/,"Vancouver, Canada","$10,000+",$25 - $49 / hr,"1,000 - 9,999",10%,Vancouver,,Canada,Informado,Informado,9999,1000 - 9999,Empresa grande /fuera SM,Enterprise,AI Service residual,Empresa diversificada cuya participación de IA es limitada o residual,América del Norte,2,North America,Canada,CAN,126
BRAIN:IT,https://brainit.sk/en/home/,"Žilina, Slovakia","$10,000+",$25 - $49 / hr,50 - 249,20%,Žilina,,Slovakia,Informado,Informado,249,50 - 249,Empresa mediana/ SME,SMB,AI Service complementary, Empresa diversificada que ofrece IA como una línea de servicio complementaria,Europa,2,Europe,Slovakia,SVK,5
Modelate,http://www.modelateapps.com/en,"Berlin, Germany","$10,000+",$50 - $99 / hr,10 - 49,30%,Berlin,,Germany,Informado,Informado,49,10 - 49,Empresa pequeña ,SMB,AI Service complementary, Empresa diversificada que ofrece IA como una línea de servicio complementaria,Europa,2,Europe,Germany,DEU,47
NeuralLabs,https://labsneural.com,"Dnipro, Ukraine","$10,000+",$25 - $49 / hr,10 - 49,30%,Dnipro,,Ukraine,Informado,Informado,49,10 - 49,Empresa pequeña ,SMB,AI Service complementary, Empresa diversificada que ofrece IA como una línea de servicio complementaria,Europa,2,Europe,Ukraine,UKR,92
Flyaps,https://flyaps.com,"New York, NY","$25,000+",$25 - $49 / hr,10 - 49,25%,New York,NY,USA,Informado,Informado,49,10 - 49,Empresa pequeña ,SMB,AI Service complementary, Empresa diversificada que ofrece IA como una línea de servicio complementaria,América del Norte,2,North America,USA,USA,917
FutranSolutions,https://www.futransolutions.com/,"Edison, NJ","$25,000+",$100 - $149 / hr,250 - 999,15%,Edison,NJ,USA,Informado,Informado,999,250 - 999,Empresa grande/fuera SME,Mid-market,AI Service residual,Empresa diversificada cuya participación de IA es limitada o residual,América del Norte,2,North America,USA,USA,917
IthreexGlobal,https://www.ithreexglobal.com/html/es/,"Córdoba, Argentina","$5,000+",$25 - $49 / hr,10 - 49,30%,Córdoba,,Argentina,Informado,Informado,49,10 - 49,Empresa pequeña ,SMB,AI Service complementary, Empresa diversificada que ofrece IA como una línea de servicio complementaria,América del Sur,2,South America,Argentina,ARG,29
InterKnowlogy,https://interknowlogy.com/,"Carlsbad, CA",Undisclosed,Undisclosed,10 - 49,20%,Carlsbad,CA,USA,No informado,No informado,49,10 - 49,Empresa pequeña ,SMB,AI Service complementary, Empresa diversificada que ofrece IA como una línea de servicio complementaria,América del Norte,0,North America,USA,USA,917
Dpt.,http://dpt.co,"Montréal, Canada","$50,000+",$100 - $149 / hr,10 - 49,20%,Montréal,,Canada,Informado,Informado,49,10 - 49,Empresa pequeña ,SMB,AI Service complementary, Empresa diversificada que ofrece IA como una línea de servicio complementaria,América del Norte,2,North America,Canada,CAN,126
Deepiotics,http://www.deepiotics.com,"Indore, India","$5,000+",$25 - $49 / hr,10 - 49,60%,Indore,,India,Informado,Informado,49,10 - 49,Empresa pequeña ,SMB,AI Focus,"Empresa con especialización destacada en IA, representa más de la mitad de su actividad",Asia,2,Asia,India,IND,441
softwarelogic.co,https://www.softwarelogic.co,"Stargard, Poland","$5,000+",$50 - $99 / hr,10 - 49,10%,Stargard,,Poland,Informado,Informado,49,10 - 49,Empresa pequeña ,SMB,AI Service residual,Empresa diversificada cuya participación de IA es limitada o residual,Europa,2,Europe,Poland,POL,147
Pichain,http://www.pichainlabs.com,"Bangalore, India","$5,000+",< $25 / hr,2 - 9,40%,Bangalore,,India,Informado,Informado,9,2 - 9,Micro Empresa,SMB,AI Service complementary, Empresa diversificada que ofrece IA como una línea de servicio complementaria,Asia,2,Asia,India,IND,441
UDEVHUB,http://www.udevhub.com/,"Kyiv, Ukraine","$25,000+",$25 - $49 / hr,250 - 999,15%,Kyiv,,Ukraine,Informado,Informado,999,250 - 999,Empresa grande/fuera SME,Mid-market,AI Service residual,Empresa diversificada cuya participación de IA es limitada o residual,Europa,2,Europe,Ukraine,UKR,92
ViaponticaAI,https://viapontica.ai/,"London, United Kingdom","$10,000+",Undisclosed,10 - 49,20%,London,,United Kingdom,Informado,No informado,49,10 - 49,Empresa pequeña ,SMB,AI Service complementary, Empresa diversificada que ofrece IA como una línea de servicio complementaria,Europa,1,Europe,United Kingdom,GBR,304
iomico,http://iomico.com,"Sunnyvale, CA","$10,000+",$25 - $49 / hr,10 - 49,15%,Sunnyvale,CA,USA,Informado,Informado,49,10 - 49,Empresa pequeña ,SMB,AI Service residual,Empresa diversificada cuya participación de IA es limitada o residual,América del Norte,2,North America,USA,USA,917
Quantanite,http://www.quantanite.com,"Sandton, South Africa","$1,000+",< $25 / hr,"1,000 - 9,999",10%,Sandton,,South Africa,Informado,Informado,9999,1000 - 9999,Empresa grande /fuera SM,Enterprise,AI Service residual,Empresa diversificada cuya participación de IA es limitada o residual,África,2,Africa,South Africa,ZAF,7
EllocentLabs,https://www.ellocentlabs.com,"Sahibzada Ajit Singh Nagar, India","$1,000+",< $25 / hr,10 - 49,20%,Sahibzada Ajit Singh Nagar,,India,Informado,Informado,49,10 - 49,Empresa pequeña ,SMB,AI Service complementary, Empresa diversificada que ofrece IA como una línea de servicio complementaria,Asia,2,Asia,India,IND,441
S9Y.ai,http://s9y.ai,"Plzen, Czech Republic","$50,000+",$25 - $49 / hr,10 - 49,30%,Plzen,,Czech Republic,Informado,Informado,49,10 - 49,Empresa pequeña ,SMB,AI Service complementary, Empresa diversificada que ofrece IA como una línea de servicio complementaria,Europa,2,Europe,Czech Republic,CZE,24
"SuryaTech,Inc.",http://surya.ai,"Elk Grove Village, IL","$10,000+",$50 - $99 / hr,2 - 9,30%,Elk Grove Village,IL,USA,Informado,Informado,9,2 - 9,Micro Empresa,SMB,AI Service complementary, Empresa diversificada que ofrece IA como una línea de servicio complementaria,América del Norte,2,North America,USA,USA,917
CloudPrimero,https://www.cloudprimero.com/,"Rotterdam, Netherlands","$1,000+",Undisclosed,250 - 999,10%,Rotterdam,,Netherlands,Informado,No informado,999,250 - 999,Empresa grande/fuera SME,Mid-market,AI Service residual,Empresa diversificada cuya participación de IA es limitada o residual,Europa,1,Europe,Netherlands,NLD,26
BlueOrangeDigital,https://blueorange.digital,"New York, NY","$10,000+",$200 - $300 / hr,10 - 49,25%,New York,NY,USA,Informado,Informado,49,10 - 49,Empresa pequeña ,SMB,AI Service complementary, Empresa diversificada que ofrece IA como una línea de servicio complementaria,América del Norte,2,North America,USA,USA,917
TechFabric,https://techfabric.com,"Gilbert, AZ","$50,000+",$100 - $149 / hr,50 - 249,10%,Gilbert,AZ,USA,Informado,Informado,249,50 - 249,Empresa mediana/ SME,SMB,AI Service residual,Empresa diversificada cuya participación de IA es limitada o residual,América del Norte,2,North America,USA,USA,917
BitkraftTechnologiesLLP,https://www.bitkraft.co.in,"Mumbai, India","$10,000+",$25 - $49 / hr,10 - 49,10%,Mumbai,,India,Informado,Informado,49,10 - 49,Empresa pequeña ,SMB,AI Service residual,Empresa diversificada cuya participación de IA es limitada o residual,Asia,2,Asia,India,IND,441
CartesianConsulting,http://www.cartesianconsulting.com,"Mumbai, India","$10,000+",$25 - $49 / hr,50 - 249,20%,Mumbai,,India,Informado,Informado,249,50 - 249,Empresa mediana/ SME,SMB,AI Service complementary, Empresa diversificada que ofrece IA como una línea de servicio complementaria,Asia,2,Asia,India,IND,441
TheBitByBitCompany,https://thebitbybit.com,"Poznań, Poland","$25,000+",$50 - $99 / hr,10 - 49,20%,Poznań,,Poland,Informado,Informado,49,10 - 49,Empresa pequeña ,SMB,AI Service complementary, Empresa diversificada que ofrece IA como una línea de servicio complementaria,Europa,2,Europe,Poland,POL,147
SoftwarePro,https://softwaredeveloperspro.com/,"Las Vegas, NV","$10,000+",$25 - $49 / hr,250 - 999,10%,Las Vegas,NV,USA,Informado,Informado,999,250 - 999,Empresa grande/fuera SME,Mid-market,AI Service residual,Empresa diversificada cuya participación de IA es limitada o residual,América del Norte,2,North America,USA,USA,917
aveneo,https://aveneo.dev,"Poznań, Poland","$10,000+",$50 - $99 / hr,10 - 49,10%,Poznań,,Poland,Informado,Informado,49,10 - 49,Empresa pequeña ,SMB,AI Service residual,Empresa diversificada cuya participación de IA es limitada o residual,Europa,2,Europe,Poland,POL,147
"JiangsuMingyueSoftwareTechnologyCo.,Ltd.",http://www.my-soft.com.cn/,"Changzhou, China",Undisclosed,Undisclosed,250 - 999,20%,Changzhou,,China,No informado,No informado,999,250 - 999,Empresa grande/fuera SME,Mid-market,AI Service complementary, Empresa diversificada que ofrece IA como una línea de servicio complementaria,Asia,0,Asia,China,China,87
10Senses,https://10senses.pl/,"Warsaw, Poland","$10,000+",$50 - $99 / hr,2 - 9,30%,Warsaw,,Poland,Informado,Informado,9,2 - 9,Micro Empresa,SMB,AI Service complementary, Empresa diversificada que ofrece IA como una línea de servicio complementaria,Europa,2,Europe,Poland,POL,147
TridentAnalyticalSolutions,https://tas.co.in/,"Noida, India","$1,000+",$25 - $49 / hr,10 - 49,20%,Noida,,India,Informado,Informado,49,10 - 49,Empresa pequeña ,SMB,AI Service complementary, Empresa diversificada que ofrece IA como una línea de servicio complementaria,Asia,2,Asia,India,IND,441
UnaiLtd,https://www.unai.com/,"Bristol, United Kingdom","$25,000+",$100 - $149 / hr,10 - 49,10%,Bristol,,United Kingdom,Informado,Informado,49,10 - 49,Empresa pequeña ,SMB,AI Service residual,Empresa diversificada cuya participación de IA es limitada o residual,Europa,2,Europe,United Kingdom,GBR,304
Zone24x7Inc.,https://zone24x7.com/,"San Jose, CA","$10,000+",$25 - $49 / hr,50 - 249,20%,San Jose,CA,USA,Informado,Informado,249,50 - 249,Empresa mediana/ SME,SMB,AI Service complementary, Empresa diversificada que ofrece IA como una línea de servicio complementaria,América del Norte,2,North America,USA,USA,917
Ermlab,https://ermlab.com,"Olsztyn, Poland","$10,000+",$25 - $49 / hr,10 - 49,30%,Olsztyn,,Poland,Informado,Informado,49,10 - 49,Empresa pequeña ,SMB,AI Service complementary, Empresa diversificada que ofrece IA como una línea de servicio complementaria,Europa,2,Europe,Poland,POL,147
OpenSenseLabs,https://opensenselabs.com,"Klosterneuburg, Austria","$25,000+",$25 - $49 / hr,50 - 249,15%,Klosterneuburg,,Austria,Informado,Informado,249,50 - 249,Empresa mediana/ SME,SMB,AI Service residual,Empresa diversificada cuya participación de IA es limitada o residual,Europa,2,Europe,Austria,AUT,4
CodiLime,http://codilime.com/,"Warszawa, Poland","$50,000+",$50 - $99 / hr,250 - 999,10%,Warszawa,,Poland,Informado,Informado,999,250 - 999,Empresa grande/fuera SME,Mid-market,AI Service residual,Empresa diversificada cuya participación de IA es limitada o residual,Europa,2,Europe,Poland,POL,147
Intellink,http://www.intellink.tech/,"Kyiv, Ukraine","$1,000+",< $25 / hr,50 - 249,10%,Kyiv,,Ukraine,Informado,Informado,249,50 - 249,Empresa mediana/ SME,SMB,AI Service residual,Empresa diversificada cuya participación de IA es limitada o residual,Europa,2,Europe,Ukraine,UKR,92
SomeshwaraSoftwarePvtLtd,https://someshwara.com,"Bengaluru, India","$5,000+",$25 - $49 / hr,10 - 49,40%,Bengaluru,,India,Informado,Informado,49,10 - 49,Empresa pequeña ,SMB,AI Service complementary, Empresa diversificada que ofrece IA como una línea de servicio complementaria,Asia,2,Asia,India,IND,441
HurekaTechnologiesInc,http://www.hurekatek.com,"New Brunswick, NJ","$10,000+",$25 - $49 / hr,10 - 49,20%,New Brunswick,NJ,USA,Informado,Informado,49,10 - 49,Empresa pequeña ,SMB,AI Service complementary, Empresa diversificada que ofrece IA como una línea de servicio complementaria,América del Norte,2,North America,USA,USA,917
MYZEALI.T.SolutionsLLC,http://www.myzealit.com/,"Los Angeles, CA","$10,000+",$25 - $49 / hr,250 - 999,10%,Los Angeles,CA,USA,Informado,Informado,999,250 - 999,Empresa grande/fuera SME,Mid-market,AI Service residual,Empresa diversificada cuya participación de IA es limitada o residual,América del Norte,2,North America,USA,USA,917
Intelia,https://intelia.io/,"Lagos, Nigeria","$25,000+",Undisclosed,10 - 49,20%,Lagos,,Nigeria,Informado,No informado,49,10 - 49,Empresa pequeña ,SMB,AI Service complementary, Empresa diversificada que ofrece IA como una línea de servicio complementaria,África,1,Africa,Nigeria,NGA,4
MojoTrek,http://www.mojotrek.com,"Chicago, IL","$10,000+",$50 - $99 / hr,10 - 49,25%,Chicago,IL,USA,Informado,Informado,49,10 - 49,Empresa pequeña ,SMB,AI Service complementary, Empresa diversificada que ofrece IA como una línea de servicio complementaria,América del Norte,2,North America,USA,USA,917
HypeTeqSoftwareSolutions,https://www.hypeteq.com/,"Ahmedabad, India","$50,000+",$25 - $49 / hr,10 - 49,10%,Ahmedabad,,India,Informado,Informado,49,10 - 49,Empresa pequeña ,SMB,AI Service residual,Empresa diversificada cuya participación de IA es limitada o residual,Asia,2,Asia,India,IND,441
